 ;Total;
 ;Price;Volume
Time;USD;BTC
01.01.2012 00:00;4.76;1674.55599404
02.01.2012 00:00;31.2;688.66917337
03.01.2012 00:00;30.7;1648.76420639
04.01.2012 00:00;5.5861859941;1621.9606898
05.01.2012 00:00;6.7682514107;3407.5823317
06.01.2012 00:00;6.48;3382.98504569
07.01.2012 00:00;6.397;771.14480886
08.01.2012 00:00;7.0;2507.43492825
09.01.2012 00:00;6.201;1536.26817766
10.01.2012 00:00;6.32;834.41742754
11.01.2012 00:00;43.5;1540.09553162
12.01.2012 00:00;6.4915414768;1357.09319539
13.01.2012 00:00;6.6;1042.41969431
14.01.2012 00:00;6.74;1562.45647086
15.01.2012 00:00;43.29;636.69851567
16.01.2012 00:00;6.4;1554.94326403
17.01.2012 00:00;5.7;1147.09774394
18.01.2012 00:00;5.85;1068.07717009
19.01.2012 00:00;6.2400199888;766.12262848
20.01.2012 00:00;6.139;803.86434291
21.01.2012 00:00;5.999;464.44816021
22.01.2012 00:00;6.0;424.1339614
23.01.2012 00:00;5.832;971.28570279
24.01.2012 00:00;6.0;459.89827747
25.01.2012 00:00;35.59;1031.4986095
26.01.2012 00:00;34.01;728.59181762
27.01.2012 00:00;5.0;1759.3175806
28.01.2012 00:00;5.1280787315;955.03000193
29.01.2012 00:00;33.56;808.30554865
30.01.2012 00:00;5.287;582.6007616
31.01.2012 00:00;5.35;1019.33457809
01.02.2012 00:00;5.6;1411.7301916
02.02.2012 00:00;5.9;1514.45153093
03.02.2012 00:00;5.802;1407.8211239
04.02.2012 00:00;5.788;612.60821349
05.02.2012 00:00;5.41;1193.84292139
06.02.2012 00:00;5.287;755.23102005
07.02.2012 00:00;5.2;1068.71216366
08.02.2012 00:00;5.412;1792.45485953
09.02.2012 00:00;5.551;1303.70676435
10.02.2012 00:00;5.796;1390.64472714
11.02.2012 00:00;5.605;1256.36789012
12.02.2012 00:00;5.389;1322.9041848
13.02.2012 00:00;5.18;1187.70819732
14.02.2012 00:00;27.06;2024.42930444
15.02.2012 00:00;28.2;1182.71703308
16.02.2012 00:00;4.1;1312.36545047
17.02.2012 00:00;10.5634408602;1514.34009163
18.02.2012 00:00;4.101;893.74583398
19.02.2012 00:00;3.98;864.85494584
20.02.2012 00:00;4.44;1933.85333862
21.02.2012 00:00;4.58;1713.96086773
22.02.2012 00:00;4.5137123615;1773.39138796
23.02.2012 00:00;4.55;2437.81837313
24.02.2012 00:00;4.51;1956.47659882
25.02.2012 00:00;4.502;707.42152401
26.02.2012 00:00;30.0;1405.18294632
27.02.2012 00:00;4.5011659031;1815.77770239
28.02.2012 00:00;4.88;1634.69246112
29.02.2012 00:00;4.99;2522.94765563
01.03.2012 00:00;28.15;2241.39628643
02.03.2012 00:00;4.41;1361.36199694
03.03.2012 00:00;4.2671731085;1048.57650491
04.03.2012 00:00;28.47;904.90485344
05.03.2012 00:00;4.499;2997.88787853
06.03.2012 00:00;29.272144065;2256.68889892
07.03.2012 00:00;4.52;2322.82987865
08.03.2012 00:00;4.63;1297.46501354
09.03.2012 00:00;4.47;1969.43574434
10.03.2012 00:00;4.46;1782.15204826
11.03.2012 00:00;28.57;1974.59503394
12.03.2012 00:00;4.411;2579.5938817
13.03.2012 00:00;31.75;5245.13307046
14.03.2012 00:00;4.903;4140.95616957
15.03.2012 00:00;4.79;3937.06090527
16.03.2012 00:00;31.86;1974.8768142
17.03.2012 00:00;5.035;1508.93129141
18.03.2012 00:00;32.0;3421.3348023
19.03.2012 00:00;4.639;3319.33955625
20.03.2012 00:00;4.697;2250.83016637
21.03.2012 00:00;4.59;2022.63020003
22.03.2012 00:00;4.52;4642.10620294
23.03.2012 00:00;4.421;2545.52794785
24.03.2012 00:00;4.83;1095.12051344
25.03.2012 00:00;4.3020185181;2178.52724492
26.03.2012 00:00;27.59618123;2520.19204447
27.03.2012 00:00;4.84;4316.91326425
28.03.2012 00:00;4.93;1407.59566931
29.03.2012 00:00;4.5;5760.42342264
30.03.2012 00:00;28.5;5815.17756685
31.03.2012 00:00;4.5599287617;2325.67369184
01.04.2012 00:00;4.55;2198.20992263
02.04.2012 00:00;29.02;7153.5173596
03.04.2012 00:00;4.809;2168.73828925
04.04.2012 00:00;4.78;6493.7297082
05.04.2012 00:00;4.8;4665.36322923
06.04.2012 00:00;4.801;4996.7181931
07.04.2012 00:00;4.49;3759.62959279
08.04.2012 00:00;4.55;3062.2796574
09.04.2012 00:00;4.59;4691.77125039
10.04.2012 00:00;4.655;9086.87641632
11.04.2012 00:00;4.79;4472.10154523
12.04.2012 00:00;4.7049646667;10234.7147198
13.04.2012 00:00;4.803;9549.64460552
14.04.2012 00:00;4.81;4901.14763891
15.04.2012 00:00;4.99;1542.97036428
16.04.2012 00:00;29.17;11510.8802278
17.04.2012 00:00;29.04;3713.78199325
18.04.2012 00:00;5.1013156305;8218.4702029
19.04.2012 00:00;4.99;10017.5837856
20.04.2012 00:00;31.3;8305.39218278
21.04.2012 00:00;5.15;3205.53833638
22.04.2012 00:00;5.1248980852;2327.59095438
23.04.2012 00:00;30.29;5496.20589405
24.04.2012 00:00;29.31;11282.5301838
25.04.2012 00:00;30.0;3660.06462007
26.04.2012 00:00;5.0;7578.41777073
27.04.2012 00:00;4.999;3196.47967306
28.04.2012 00:00;4.937;3800.02208266
29.04.2012 00:00;4.82280019;1122.14645649
30.04.2012 00:00;4.918;3547.22009717
01.05.2012 00:00;4.845;1960.6409278
02.05.2012 00:00;4.96;9265.76235795
03.05.2012 00:00;5.0;5135.85135485
04.05.2012 00:00;4.964929423;4816.70560669
05.05.2012 00:00;29.89;6183.411298
06.05.2012 00:00;30.0;4526.24649456
07.05.2012 00:00;4.97;4890.42395359
08.05.2012 00:00;4.92;5087.51336032
09.05.2012 00:00;4.92;8453.12933966
10.05.2012 00:00;30.468937121;9049.55101234
11.05.2012 00:00;4.95;7848.32759077
12.05.2012 00:00;4.833700627;5299.54232016
13.05.2012 00:00;4.84;2614.47372566
14.05.2012 00:00;4.9;5809.12881946
15.05.2012 00:00;4.89;11347.6041998
16.05.2012 00:00;4.9849896907;7022.6393022
17.05.2012 00:00;4.998;3541.80831368
18.05.2012 00:00;4.989;5091.52926285
19.05.2012 00:00;5.0075012295;4181.63567152
20.05.2012 00:00;31.494774;3685.37174413
21.05.2012 00:00;4.98;11437.2599172
22.05.2012 00:00;4.98;4041.76446364
23.05.2012 00:00;31.68;8008.03090765
24.05.2012 00:00;5.0326094357;3877.15848616
25.05.2012 00:00;31.73;6587.54936212
26.05.2012 00:00;33.599887797;14333.8668365
27.05.2012 00:00;33.73;16770.4340345
28.05.2012 00:00;33.62;10146.0868252
29.05.2012 00:00;33.05;7474.09989137
30.05.2012 00:00;33.18;6000.52849395
31.05.2012 00:00;5.17;5780.16443033
01.06.2012 00:00;5.15;6562.15912595
02.06.2012 00:00;5.087;5643.44883163
03.06.2012 00:00;5.1;3678.97176813
04.06.2012 00:00;33.03;3493.7265413
05.06.2012 00:00;5.37;8003.89105439
06.06.2012 00:00;5.326;5024.84110153
07.06.2012 00:00;34.62;7153.05375077
08.06.2012 00:00;5.61;7996.00018285
09.06.2012 00:00;35.39;7684.01672113
10.06.2012 00:00;34.5;7821.48746944
11.06.2012 00:00;5.597;7352.23204608
12.06.2012 00:00;5.517;15141.1630334
13.06.2012 00:00;36.04;7724.04331694
14.06.2012 00:00;5.9;9648.78319488
15.06.2012 00:00;6.498;8025.60989094
16.06.2012 00:00;6.26;12891.9642299
17.06.2012 00:00;39.004046188;5527.00816764
18.06.2012 00:00;6.2223315884;4879.61355033
19.06.2012 00:00;39.31;4905.17486454
20.06.2012 00:00;6.599;7781.20226327
21.06.2012 00:00;6.55;3538.31486924
22.06.2012 00:00;6.458;4239.53296256
23.06.2012 00:00;6.25;5355.4194226
24.06.2012 00:00;6.2;7411.37329036
25.06.2012 00:00;6.194;9228.46597285
26.06.2012 00:00;6.41;9001.77460901
27.06.2012 00:00;6.551;16854.3550748
28.06.2012 00:00;6.4655348384;6481.38108508
29.06.2012 00:00;6.6;12832.52412
30.06.2012 00:00;6.61;7384.33313312
01.07.2012 00:00;40.3;4862.60397203
02.07.2012 00:00;6.61;11940.2404054
03.07.2012 00:00;6.399;5932.74369849
04.07.2012 00:00;6.39;5885.47367342
05.07.2012 00:00;6.535;5779.78510228
06.07.2012 00:00;6.59;4976.42554576
07.07.2012 00:00;6.79;4856.4380194
08.07.2012 00:00;6.643;3523.03993225
09.07.2012 00:00;6.5999127665;13082.284871
10.07.2012 00:00;45.5;8720.44614994
11.07.2012 00:00;7.14;3245.41086902
12.07.2012 00:00;47.89;6217.90115691
13.07.2012 00:00;7.407;4800.02350838
14.07.2012 00:00;7.49;1743.07910601
15.07.2012 00:00;7.41;2409.42802133
16.07.2012 00:00;41.9114446052;8854.16291095
17.07.2012 00:00;8.4502060454;10346.8229402
18.07.2012 00:00;8.9;10839.8051856
19.07.2012 00:00;8.76;6133.46983353
20.07.2012 00:00;8.411;6445.51909552
21.07.2012 00:00;8.74;5599.33728776
22.07.2012 00:00;8.42;2915.01221487
23.07.2012 00:00;54.999455556;10466.8841258
24.07.2012 00:00;8.61;5839.21434593
25.07.2012 00:00;8.57908333333;5305.89610271
26.07.2012 00:00;8.699;4261.83052031
27.07.2012 00:00;8.726;3076.25475893
28.07.2012 00:00;8.614;3665.12539555
29.07.2012 00:00;8.5840135819;1772.68860204
30.07.2012 00:00;57.5;10167.4620854
31.07.2012 00:00;9.28;3914.29885951
01.08.2012 00:00;60.01;10079.455999
02.08.2012 00:00;66.2;8521.87235906
03.08.2012 00:00;10.7734610561;8424.22998963
04.08.2012 00:00;10.582;5346.66915422
05.08.2012 00:00;68.5;8527.95513525
06.08.2012 00:00;70.1;8016.76970545
07.08.2012 00:00;10.7400516775;7777.2224823
08.08.2012 00:00;10.816;4991.12624047
09.08.2012 00:00;70.52;9679.8941091
10.08.2012 00:00;58.660036036;10956.6512585
11.08.2012 00:00;11.281;1810.55928398
12.08.2012 00:00;11.41;3346.34550179
13.08.2012 00:00;75.573888889;11382.8065228
14.08.2012 00:00;77.1;6070.10613382
15.08.2012 00:00;83.9975;7249.89486042
16.08.2012 00:00;13.151;9368.42997437
17.08.2012 00:00;12.5;18098.3120617
18.08.2012 00:00;11.301;6375.63788269
19.08.2012 00:00;7.85;14107.496658
20.08.2012 00:00;9.7;14004.3376088
21.08.2012 00:00;65.41;7822.24408447
22.08.2012 00:00;64.00028;12118.6423335
23.08.2012 00:00;9.827743751;4753.9689047
24.08.2012 00:00;10.709;9403.88412894
25.08.2012 00:00;10.58;3949.16916037
26.08.2012 00:00;10.556;3254.88485749
27.08.2012 00:00;10.881832834;14365.5618609
28.08.2012 00:00;70.0;10365.7760304
29.08.2012 00:00;70.0447494151;6542.77793624
30.08.2012 00:00;10.65;4147.17880845
31.08.2012 00:00;10.0;6225.225855
01.09.2012 00:00;9.95;2629.77676544
02.09.2012 00:00;10.18;3582.7327736
03.09.2012 00:00;10.6207744553;3086.42399111
04.09.2012 00:00;10.291;4710.61837356
05.09.2012 00:00;10.82;6482.42389252
06.09.2012 00:00;11.078;7743.09317136
07.09.2012 00:00;11.03;4287.1844661
08.09.2012 00:00;10.97;4537.51582937
09.09.2012 00:00;10.824;2477.81732556
10.09.2012 00:00;10.95;5312.49688191
11.09.2012 00:00;11.04;11368.420499
12.09.2012 00:00;11.276;5858.62172342
13.09.2012 00:00;11.195966194;4728.87010648
14.09.2012 00:00;73.0;5971.39903834
15.09.2012 00:00;11.5;1958.56685924
16.09.2012 00:00;11.75;4024.16660775
17.09.2012 00:00;11.65;6363.34289909
18.09.2012 00:00;11.9;8588.43328101
19.09.2012 00:00;12.352;5396.38422028
20.09.2012 00:00;12.356;5304.91722064
21.09.2012 00:00;12.196;4771.32208075
22.09.2012 00:00;75.88;2217.79752852
23.09.2012 00:00;11.92;3797.40404731
24.09.2012 00:00;11.784144462;8432.67402206
25.09.2012 00:00;75.5;6050.76141345
26.09.2012 00:00;75.51;5586.78329888
27.09.2012 00:00;75.0;6440.75160375
28.09.2012 00:00;12.28;6010.231614
29.09.2012 00:00;12.278509315;3489.82701985
30.09.2012 00:00;12.1;1419.46879226
01.10.2012 00:00;11.953;10191.0397951
02.10.2012 00:00;77.8;14756.0561564
03.10.2012 00:00;12.55;13574.5805577
04.10.2012 00:00;12.6;7960.69923621
05.10.2012 00:00;12.554;7892.57441
06.10.2012 00:00;12.388;3234.98754533
07.10.2012 00:00;11.798;7348.10153315
08.10.2012 00:00;11.62;8453.83312081
09.10.2012 00:00;11.969;4960.33403345
10.10.2012 00:00;11.905;6623.75139786
11.10.2012 00:00;11.863;5359.09880201
12.10.2012 00:00;11.912090942;3353.47347265
13.10.2012 00:00;11.85;6586.89668117
14.10.2012 00:00;11.79;3188.01404665
15.10.2012 00:00;11.53364152;6361.70197215
16.10.2012 00:00;11.749196473;3085.23281764
17.10.2012 00:00;11.88;5850.43830193
18.10.2012 00:00;11.8;3688.01204599
19.10.2012 00:00;73.0;12512.7911865
20.10.2012 00:00;72.1;3509.22378209
21.10.2012 00:00;11.466965324;3969.4097785
22.10.2012 00:00;11.189;7136.18054122
23.10.2012 00:00;11.459923176;7845.14755181
24.10.2012 00:00;11.4;5770.26679333
25.10.2012 00:00;66.15;8989.32364581
26.10.2012 00:00;62.16;9640.31429885
27.10.2012 00:00;67.0;4035.31545392
28.10.2012 00:00;10.346;3299.67730754
29.10.2012 00:00;10.8;7654.82916095
30.10.2012 00:00;10.49;7422.36692859
31.10.2012 00:00;11.0;6060.61330419
01.11.2012 00:00;10.793241995;5396.45755007
02.11.2012 00:00;10.26;7927.32639795
03.11.2012 00:00;10.351;6878.83904089
04.11.2012 00:00;10.351;8467.02187889
05.11.2012 00:00;10.497;12582.3720365
06.11.2012 00:00;10.657;7133.11975354
07.11.2012 00:00;10.755;8389.79171673
08.11.2012 00:00;10.81;7678.21476464
09.11.2012 00:00;10.8;6121.88764342
10.11.2012 00:00;10.66;2224.88364994
11.11.2012 00:00;10.519;5023.54048715
12.11.2012 00:00;10.73;9355.75047603
13.11.2012 00:00;10.666639344;6282.66864849
14.11.2012 00:00;67.91;3584.68481961
15.11.2012 00:00;10.85;6229.05519772
16.11.2012 00:00;11.490785991;14138.2581458
17.11.2012 00:00;11.461;4524.60390391
18.11.2012 00:00;11.56;3986.35642495
19.11.2012 00:00;11.591;10080.4569729
20.11.2012 00:00;11.603;4592.86965226
21.11.2012 00:00;11.67;5997.45444861
22.11.2012 00:00;11.86;15519.9725384
23.11.2012 00:00;12.16;5302.44984407
24.11.2012 00:00;12.25;3083.81349651
25.11.2012 00:00;77.03;3955.43755792
26.11.2012 00:00;12.2;7110.45769552
27.11.2012 00:00;12.0;10178.7560745
28.11.2012 00:00;12.022693148;7444.00689687
29.11.2012 00:00;12.15;7573.53038729
30.11.2012 00:00;12.43;6482.43867799
01.12.2012 00:00;12.3;4560.62901445
02.12.2012 00:00;12.46;3698.15202168
03.12.2012 00:00;12.34;9365.86823547
04.12.2012 00:00;79.0;10750.66021
05.12.2012 00:00;13.105933514;7756.34974182
06.12.2012 00:00;13.8083481175;8054.90791544
07.12.2012 00:00;82.5;9974.31985472
08.12.2012 00:00;13.1489953575;2636.76666852
09.12.2012 00:00;13.089909314;4149.17900816
10.12.2012 00:00;13.3;10660.2156288
11.12.2012 00:00;83.6;5247.74943301
12.12.2012 00:00;13.45;7684.34855015
13.12.2012 00:00;13.397;7319.093692
14.12.2012 00:00;13.386087822;9800.44985984
15.12.2012 00:00;84.15;2752.79059739
16.12.2012 00:00;13.478423837;4229.66685956
17.12.2012 00:00;13.2;10827.5729572
18.12.2012 00:00;13.0;6723.90011269
19.12.2012 00:00;13.07;9610.96836928
20.12.2012 00:00;13.35;8487.30492323
21.12.2012 00:00;13.7399649647;5968.57903698
22.12.2012 00:00;13.191799163;4148.3367326
23.12.2012 00:00;13.07;2065.05225617
24.12.2012 00:00;13.129485608;3059.00843272
25.12.2012 00:00;13.11;3068.5840417
26.12.2012 00:00;81.41;3627.23852459
27.12.2012 00:00;13.09;5529.29892064
28.12.2012 00:00;13.18;7736.61838308
29.12.2012 00:00;13.22;2306.74653667
30.12.2012 00:00;13.187;2338.30357354
31.12.2012 00:00;13.284;2997.5925946
01.01.2013 00:00;82.287142857;3698.43842165
02.01.2013 00:00;13.216;2420.54278062
03.01.2013 00:00;13.12;5840.63955411
04.01.2013 00:00;13.19;4886.66425741
05.01.2013 00:00;13.114547314;6223.96368539
06.01.2013 00:00;13.13;1801.75081896
07.01.2013 00:00;82.93;7033.68077869
08.01.2013 00:00;13.519;10860.0149596
09.01.2013 00:00;13.624;7312.93722898
10.01.2013 00:00;13.933947856;9359.38125243
11.01.2013 00:00;14.041;4264.66758991
12.01.2013 00:00;87.0;3520.68579839
13.01.2013 00:00;86.0;3633.2942255
14.01.2013 00:00;14.1;6598.52854751
15.01.2013 00:00;14.2;7957.65246313
16.01.2013 00:00;14.53;8823.91252867
17.01.2013 00:00;15.321;10268.4611438
18.01.2013 00:00;15.283;11374.6188056
19.01.2013 00:00;15.282686497;3317.90889789
20.01.2013 00:00;15.38;5140.44207805
21.01.2013 00:00;16.52;16774.1042531
22.01.2013 00:00;17.35;10046.135818
23.01.2013 00:00;105.72;9920.35542738
24.01.2013 00:00;105.79;27100.858236
25.01.2013 00:00;106.63;9792.2394789
26.01.2013 00:00;58.4796929474;4838.60997786
27.01.2013 00:00;17.315146179;6745.20617014
28.01.2013 00:00;18.6;9587.87210449
29.01.2013 00:00;19.0579205054;14403.0296928
30.01.2013 00:00;19.1;7181.38613986
31.01.2013 00:00;19.988264747;13626.8429697
01.02.2013 00:00;20.363142521;7505.74697408
02.02.2013 00:00;19.821209783;9922.40344525
03.02.2013 00:00;20.32;6357.89722299
04.02.2013 00:00;20.2978447466;7480.83973475
05.02.2013 00:00;20.5;5222.539936
06.02.2013 00:00;20.749759981;9224.56403729
07.02.2013 00:00;21.8859863753;10922.554867
08.02.2013 00:00;22.338;5753.84573825
09.02.2013 00:00;23.252184426;6138.55649663
10.02.2013 00:00;23.222;5874.69318936
11.02.2013 00:00;24.16255179;7215.9355063
12.02.2013 00:00;24.188;15194.0505451
13.02.2013 00:00;35.0352138727;9109.04410529
14.02.2013 00:00;27.4;18384.5117354
15.02.2013 00:00;27.43;7628.19584901
16.02.2013 00:00;170.0;6684.3730998
17.02.2013 00:00;26.5;11526.7071265
18.02.2013 00:00;26.55;5655.73048835
19.02.2013 00:00;32.1335612107;16364.3689312
20.02.2013 00:00;189.99;7304.29350496
21.02.2013 00:00;190.0;7967.42837405
22.02.2013 00:00;30.4;12427.3471471
23.02.2013 00:00;29.54;11773.0758682
24.02.2013 00:00;29.78;3808.07005052
25.02.2013 00:00;30.43;4806.70302648
26.02.2013 00:00;197.34856667;8457.6513506
27.02.2013 00:00;31.31;7732.4911627
28.02.2013 00:00;33.501691541;15223.9273979
01.03.2013 00:00;219.49;7820.01042601
02.03.2013 00:00;219.03;5109.01209578
03.03.2013 00:00;32.105;3509.21575091
04.03.2013 00:00;34.29;12500.8888865
05.03.2013 00:00;40.75;15240.5929952
06.03.2013 00:00;42.3006481635;23618.5821326
07.03.2013 00:00;41.68;29259.1156392
08.03.2013 00:00;284.995;7778.19750893
09.03.2013 00:00;277.757272885;9958.04137943
10.03.2013 00:00;300.258;6822.53422145
11.03.2013 00:00;45.935271543;10415.8694727
12.03.2013 00:00;42.225422051;25047.2684512
13.03.2013 00:00;46.0066601008;10564.8508087
14.03.2013 00:00;45.0666508569;8760.16535407
15.03.2013 00:00;46.9100159431;5070.66270301
16.03.2013 00:00;304.0;4799.93668057
17.03.2013 00:00;43.893698156;4886.96098004
18.03.2013 00:00;312.0;13944.1787467
19.03.2013 00:00;54.353;22512.4059064
20.03.2013 00:00;64.094985608;15317.6885318
21.03.2013 00:00;65.979;24614.047512
22.03.2013 00:00;65.865002154;15256.5921784
23.03.2013 00:00;412.86;30068.2355913
24.03.2013 00:00;453.0;10242.2648563
25.03.2013 00:00;73.1937307228;16666.7229394
26.03.2013 00:00;488.0;15194.330396
27.03.2013 00:00;133.439638242;20595.7348356
28.03.2013 00:00;591.06726457;29937.1703673
29.03.2013 00:00;87.100759707;17631.6862661
30.03.2013 00:00;609.0;7211.94167853
31.03.2013 00:00;96.15;5069.86565962
01.04.2013 00:00;103.73;24227.3788236
02.04.2013 00:00;116.588153353;25231.1004106
03.04.2013 00:00;129.102678797;46610.7196291
04.04.2013 00:00;134.67;20197.4547987
05.04.2013 00:00;134.66;17587.8415291
06.04.2013 00:00;140.499270312;11649.2473682
07.04.2013 00:00;151.6;19972.2194782
08.04.2013 00:00;433.155362796;33852.1195768
09.04.2013 00:00;285.882972795;31348.2816785
10.04.2013 00:00;619.362303551;85527.9394114
11.04.2013 00:00;568.146722438;115069.773821
12.04.2013 00:00;517.949908777;119949.278205
13.04.2013 00:00;555.557845421;62897.5290591
14.04.2013 00:00;95.1891655309;28642.7535945
15.04.2013 00:00;460.945192434;63695.7172433
16.04.2013 00:00;368.401137837;125042.521085
17.04.2013 00:00;496.884382607;87508.947046
18.04.2013 00:00;306.978299085;49331.0131819
19.04.2013 00:00;756.0;78787.0125284
20.04.2013 00:00;729.730820217;22170.9288018
21.04.2013 00:00;274.035715001;54519.8882451
22.04.2013 00:00;720.749672782;20453.8166101
23.04.2013 00:00;782.332575757;38111.4023411
24.04.2013 00:00;747.090219247;70249.5513618
25.04.2013 00:00;140.975751333;49615.4437513
26.04.2013 00:00;133.919345946;40796.9643897
27.04.2013 00:00;796.0;19727.2321067
28.04.2013 00:00;135.28403123;12705.05697
29.04.2013 00:00;135.401345263;27827.7983781
30.04.2013 00:00;138.424549777;22093.8954798
01.05.2013 00:00;116.75;55970.7941002
02.05.2013 00:00;106.869452902;69729.6942407
03.05.2013 00:00;98.7965862478;75653.0574655
04.05.2013 00:00;112.751903156;51939.0384393
05.05.2013 00:00;115.01;27897.3554041
06.05.2013 00:00;463.846925185;43431.5438603
07.05.2013 00:00;110.873333333;47009.5038624
08.05.2013 00:00;109.100497419;20884.9574541
09.05.2013 00:00;111.96;14037.9333449
10.05.2013 00:00;212.4353012;28420.551401
11.05.2013 00:00;112.386777775;10030.1130736
12.05.2013 00:00;111.20187481;8726.07263705
13.05.2013 00:00;115.98;10093.4414237
14.05.2013 00:00;324.2947649;22947.6252124
15.05.2013 00:00;108.372152144;31183.6578431
16.05.2013 00:00;112.479619957;14805.6372369
17.05.2013 00:00;594.691961407;22653.2013869
18.05.2013 00:00;117.144955451;10136.9722702
19.05.2013 00:00;117.27;10173.6768572
20.05.2013 00:00;665.459567918;9040.74796575
21.05.2013 00:00;117.25;9091.87962624
22.05.2013 00:00;212.761821691;14057.5643683
23.05.2013 00:00;123.84;17131.8901129
24.05.2013 00:00;169.862058923;25791.8951966
25.05.2013 00:00;128.778181337;11871.6567366
26.05.2013 00:00;129.97123557;10249.7032486
27.05.2013 00:00;598.036247806;15590.3654136
28.05.2013 00:00;447.23865174;13521.5808
29.05.2013 00:00;434.271800414;15149.0030601
30.05.2013 00:00;126.5;15394.3270144
31.05.2013 00:00;170.667035747;9215.26263502
01.06.2013 00:00;127.78535356;6365.28868828
02.06.2013 00:00;123.35;29812.8094594
03.06.2013 00:00;302.092083011;17990.4876799
04.06.2013 00:00;119.769353465;15228.1557538
05.06.2013 00:00;120.501301118;9904.17976815
06.06.2013 00:00;118.313936826;8816.98399207
07.06.2013 00:00;110.916346232;34870.6275222
08.06.2013 00:00;109.11;13538.180788
09.06.2013 00:00;100.17;63093.3676866
10.06.2013 00:00;104.21;26557.3900449
11.06.2013 00:00;107.3449867;10951.4163138
12.06.2013 00:00;107.498008424;13499.1732784
13.06.2013 00:00;101.86;16284.6038295
14.06.2013 00:00;638.21;20086.859606
15.06.2013 00:00;100.51;10944.3325453
16.06.2013 00:00;99.4768674614;6308.90535384
17.06.2013 00:00;102.18602993;8383.60109972
18.06.2013 00:00;104.88513973;23543.5496038
19.06.2013 00:00;572.064197771;12050.2002792
20.06.2013 00:00;103.0;17448.7016877
21.06.2013 00:00;162.211831057;23418.3568326
22.06.2013 00:00;100.0;10304.8404566
23.06.2013 00:00;100.4;8353.92117546
24.06.2013 00:00;97.7220162605;24169.4951039
25.06.2013 00:00;97.5776160496;12742.7253427
26.06.2013 00:00;97.999;8526.57468582
27.06.2013 00:00;613.9;9026.66690577
28.06.2013 00:00;89.1976286425;30254.3902027
29.06.2013 00:00;89.466333687;10734.2612392
30.06.2013 00:00;90.207;7427.27389912
01.07.2013 00:00;82.4671592702;39055.1056961
02.07.2013 00:00;87.7877164918;22456.1431175
03.07.2013 00:00;410.865510204;36272.5494306
04.07.2013 00:00;79.7328814283;44020.7416953
05.07.2013 00:00;357.363333333;58959.3111189
06.07.2013 00:00;65.445714808;33590.4917237
07.07.2013 00:00;149.027423107;15885.5900521
08.07.2013 00:00;304.451723777;37715.6766081
09.07.2013 00:00;75.001182296;26567.3657637
10.07.2013 00:00;343.558333968;43490.8506388
11.07.2013 00:00;490.026927928;33476.5504252
12.07.2013 00:00;87.1980186689;60038.6728035
13.07.2013 00:00;107.012452148;18530.4893042
14.07.2013 00:00;271.266914536;11050.5708091
15.07.2013 00:00;91.3965663249;24259.3976077
16.07.2013 00:00;91.3819502298;18553.9370075
17.07.2013 00:00;278.001540492;14403.9266562
18.07.2013 00:00;85.0;39797.7525693
19.07.2013 00:00;535.0;16562.6274373
20.07.2013 00:00;83.98;8107.22869255
21.07.2013 00:00;85.5027308374;8037.59373244
22.07.2013 00:00;85.5346525559;12560.1679308
23.07.2013 00:00;86.88;21757.4213204
24.07.2013 00:00;88.4080582722;13963.717499
25.07.2013 00:00;89.9403553583;17039.0584578
26.07.2013 00:00;89.97;12714.9724666
27.07.2013 00:00;88.16;9532.8599597
28.07.2013 00:00;458.290981279;14850.7429971
29.07.2013 00:00;93.45;20503.9010842
30.07.2013 00:00;194.704281906;21111.5749911
31.07.2013 00:00;96.9848443;32631.9995537
01.08.2013 00:00;96.589227826;16132.8101986
02.08.2013 00:00;95.8997656297;25270.7514529
03.08.2013 00:00;94.743;9651.82824122
04.08.2013 00:00;96.38;6132.12483919
05.08.2013 00:00;96.464;16404.4223726
06.08.2013 00:00;97.720934925;14987.0006938
07.08.2013 00:00;97.1212119094;12184.2840693
08.08.2013 00:00;94.2424990963;23107.1367412
09.08.2013 00:00;93.821;15912.0253939
10.08.2013 00:00;92.941;6509.88034289
11.08.2013 00:00;92.652149944;6418.45047006
12.08.2013 00:00;95.3668543046;12229.1519057
13.08.2013 00:00;97.8772142792;18338.0196444
14.08.2013 00:00;97.605;27247.1826376
15.08.2013 00:00;96.298;16147.6927067
16.08.2013 00:00;96.586695952;13564.7192349
17.08.2013 00:00;99.71;8983.16580441
18.08.2013 00:00;99.3;6886.13381595
19.08.2013 00:00;100.859448196;31450.7959087
20.08.2013 00:00;103.1;18105.0524916
21.08.2013 00:00;107.13283461;35131.0152135
22.08.2013 00:00;109.169600615;21293.9530726
23.08.2013 00:00;621.266140351;18360.6664551
24.08.2013 00:00;109.15;7999.62061788
25.08.2013 00:00;109.3;15938.0102442
26.08.2013 00:00;111.85;15970.7083198
27.08.2013 00:00;117.68609647;31687.4201386
28.08.2013 00:00;115.20739823;17429.8274438
29.08.2013 00:00;118.91;14123.2428913
30.08.2013 00:00;121.232;27179.1622748
31.08.2013 00:00;348.888202929;34281.1173123
01.09.2013 00:00;127.338655121;14990.9666757
02.09.2013 00:00;141.278856338;16746.294714
03.09.2013 00:00;124.99850885;17603.4224643
04.09.2013 00:00;682.838907969;32638.5664308
05.09.2013 00:00;118.905178957;33734.4314663
06.09.2013 00:00;492.032264957;28760.4479655
07.09.2013 00:00;119.93;15578.1418736
08.09.2013 00:00;115.44;8994.81078634
09.09.2013 00:00;685.543916487;31623.3830614
10.09.2013 00:00;122.07;16771.2524528
11.09.2013 00:00;704.14540031;30748.5040586
12.09.2013 00:00;122.72604452;21158.4372107
13.09.2013 00:00;126.61803212;14347.6218341
14.09.2013 00:00;347.390318503;13484.8970066
15.09.2013 00:00;124.663090694;10382.8281615
16.09.2013 00:00;172.070042043;13581.577091
17.09.2013 00:00;126.92;14231.7860367
18.09.2013 00:00;127.0;18851.5957725
19.09.2013 00:00;120.753;16956.502136
20.09.2013 00:00;121.116;16501.3482296
21.09.2013 00:00;123.38;7307.351694
22.09.2013 00:00;121.6896716;5548.19298711
23.09.2013 00:00;408.662120429;12067.6995005
24.09.2013 00:00;121.781734229;15619.7359273
25.09.2013 00:00;122.998668727;13527.3457037
26.09.2013 00:00;122.749;12172.6745563
27.09.2013 00:00;126.84;19170.6223621
28.09.2013 00:00;123.6;11034.5775854
29.09.2013 00:00;145.345828696;15899.532288
30.09.2013 00:00;772.0;17678.8039448
01.10.2013 00:00;127.275124949;15091.080342
02.10.2013 00:00;311.902346496;94780.0615483
03.10.2013 00:00;115.22825992;44158.7602918
04.10.2013 00:00;121.94;24694.8350868
05.10.2013 00:00;121.22476911;7882.26379598
06.10.2013 00:00;122.49;9180.37774392
07.10.2013 00:00;121.859285823;19366.4557129
08.10.2013 00:00;122.851752506;25713.4852111
09.10.2013 00:00;651.270762007;42035.4394704
10.10.2013 00:00;123.55521518;31042.7981016
11.10.2013 00:00;127.355856859;19425.4259556
12.10.2013 00:00;127.58;18011.8991622
13.10.2013 00:00;832.425662456;33472.9291917
14.10.2013 00:00;135.43;63907.1275684
15.10.2013 00:00;368.137031723;43910.0562075
16.10.2013 00:00;202.636417863;87383.9973712
17.10.2013 00:00;142.339220551;56010.2601751
18.10.2013 00:00;868.355933387;67068.2426952
19.10.2013 00:00;795.881584489;99114.4972719
20.10.2013 00:00;872.821772946;23211.9143454
21.10.2013 00:00;701.016384515;77265.0337883
22.10.2013 00:00;886.664848108;115301.776795
23.10.2013 00:00;854.533182874;73242.9332834
24.10.2013 00:00;205.042154703;150489.558672
25.10.2013 00:00;1019.72085142;102801.888584
26.10.2013 00:00;1092.9;57621.5841856
27.10.2013 00:00;1221.56021741;43376.1774266
28.10.2013 00:00;195.991099361;41885.7177016
29.10.2013 00:00;1089.72254917;41620.4006708
30.10.2013 00:00;635.489192566;59717.3562845
31.10.2013 00:00;813.687372709;30535.9685822
01.11.2013 00:00;202.157158682;18800.3837277
02.11.2013 00:00;201.681657829;18906.9980432
03.11.2013 00:00;960.035464587;33748.0139934
04.11.2013 00:00;675.584689612;77584.6274148
05.11.2013 00:00;1354.7004213;120274.647012
06.11.2013 00:00;1637.4378306;105096.855565
07.11.2013 00:00;1328.56649287;147460.451441
08.11.2013 00:00;1957.92315136;119090.107929
09.11.2013 00:00;680.628445078;152209.399663
10.11.2013 00:00;530.602838157;201579.109863
11.11.2013 00:00;780.128438195;90302.7600677
12.11.2013 00:00;2083.57330184;90865.8304305
13.11.2013 00:00;1147.55711796;116599.637547
14.11.2013 00:00;1116.43763903;114882.843799
15.11.2013 00:00;1884.69794124;106125.75084
16.11.2013 00:00;464.711558194;70005.6872197
17.11.2013 00:00;3045.90877582;119335.737714
18.11.2013 00:00;1534.89638498;219649.192989
19.11.2013 00:00;3717.96930651;247115.447492
20.11.2013 00:00;1771.52444613;221379.451991
21.11.2013 00:00;3783.02880375;139664.335296
22.11.2013 00:00;2601.86188717;109995.309472
23.11.2013 00:00;820.642227908;95356.4607462
24.11.2013 00:00;4509.61922055;110302.162863
25.11.2013 00:00;2002.47424905;80113.4417033
26.11.2013 00:00;2180.61685562;108969.367232
27.11.2013 00:00;3471.61935835;126986.632331
28.11.2013 00:00;4175.45192898;156975.184028
29.11.2013 00:00;4715.50732152;132092.520154
30.11.2013 00:00;3707.74853976;75426.6261761
01.12.2013 00:00;2192.9818121;215951.486664
02.12.2013 00:00;4831.84096303;133351.44761
03.12.2013 00:00;3510.82135652;87825.6970121
04.12.2013 00:00;6417.21819264;81034.3698521
05.12.2013 00:00;2695.45753374;238981.37101
06.12.2013 00:00;3744.25781092;172100.274683
07.12.2013 00:00;1501.27132145;331725.060514
08.12.2013 00:00;2182.18661379;128305.338657
09.12.2013 00:00;1499.08901921;160804.541768
10.12.2013 00:00;3760.18226224;126433.532213
11.12.2013 00:00;3585.3055481;140830.946984
12.12.2013 00:00;4963.1214916;85483.4879498
13.12.2013 00:00;3121.43524631;96802.0515458
14.12.2013 00:00;4986.00133314;62974.5994638
15.12.2013 00:00;4563.49099328;92023.2405019
16.12.2013 00:00;2683.81967485;217701.617248
17.12.2013 00:00;2154.98230955;147705.384999
18.12.2013 00:00;587.595242378;380313.659919
19.12.2013 00:00;1065.66454727;169532.304019
20.12.2013 00:00;745.513376385;116436.635582
21.12.2013 00:00;593.452318427;60298.577568
22.12.2013 00:00;607.859684561;51622.7238762
23.12.2013 00:00;1966.14168745;37033.0402113
24.12.2013 00:00;652.794347826;30738.9969931
25.12.2013 00:00;807.489524286;22018.3467562
26.12.2013 00:00;3107.1427182;65541.3183001
27.12.2013 00:00;1208.11025067;55198.9382978
28.12.2013 00:00;714.299388762;29823.7965891
29.12.2013 00:00;751.59559703;18740.240587
30.12.2013 00:00;741.18072677;16877.8090812
31.12.2013 00:00;949.411756816;15861.3942947
01.01.2014 00:00;744.157;16266.1834552
02.01.2014 00:00;1474.25917004;32045.7969446
03.01.2014 00:00;956.980983189;36783.9608176
04.01.2014 00:00;828.688883082;29924.2208134
05.01.2014 00:00;1651.00859689;60821.9812398
06.01.2014 00:00;2009.555243;75551.5915206
07.01.2014 00:00;1381.05295838;92045.4716401
08.01.2014 00:00;1148.89904967;80088.0051482
09.01.2014 00:00;812.846743135;57796.0684214
10.01.2014 00:00;858.361265632;31477.4515029
11.01.2014 00:00;1344.01348729;43207.389502
12.01.2014 00:00;904.465441822;40124.8544455
13.01.2014 00:00;3788.95462548;46320.4574776
14.01.2014 00:00;1532.60532357;23898.600022
15.01.2014 00:00;836.446094066;28002.2746342
16.01.2014 00:00;847.994495317;19298.4330783
17.01.2014 00:00;795.356217628;35226.6920124
18.01.2014 00:00;817.463688875;14820.0524279
19.01.2014 00:00;942.319089351;20969.3963486
20.01.2014 00:00;1175.21823536;21016.2648972
21.01.2014 00:00;2357.39527399;15442.444137
22.01.2014 00:00;819.949676784;17282.3775407
23.01.2014 00:00;972.001493111;17640.8592893
24.01.2014 00:00;632.684021768;37607.92204
25.01.2014 00:00;1825.56094421;20934.5118304
26.01.2014 00:00;815.10827002;25790.9126935
27.01.2014 00:00;827.735311909;50365.4382819
28.01.2014 00:00;958.186703118;43004.9238429
29.01.2014 00:00;793.743773819;15591.5602513
30.01.2014 00:00;794.66696639;66687.4484899
31.01.2014 00:00;797.39249168;13433.8313457
01.02.2014 00:00;800.742211718;16993.5543607
02.02.2014 00:00;806.498636954;11053.4420692
03.02.2014 00:00;796.337493685;12367.4049116
04.02.2014 00:00;801.90175706;13415.6546745
05.02.2014 00:00;773.843656266;16253.0723439
06.02.2014 00:00;824.193509908;34191.8674341
07.02.2014 00:00;823.055077316;115998.257153
08.02.2014 00:00;991.058577013;31955.3755332
09.02.2014 00:00;698.28396155;33607.2106739
10.02.2014 00:00;806.479980916;141587.295954
11.02.2014 00:00;863.459510214;80292.689908
12.02.2014 00:00;648.796068712;36877.3299261
13.02.2014 00:00;668.515281519;55307.4290885
14.02.2014 00:00;739.791997268;147009.366993
15.02.2014 00:00;638.196368792;37659.6245226
16.02.2014 00:00;597.205765315;57969.4652212
17.02.2014 00:00;2033.34014826;43421.2987909
18.02.2014 00:00;625.32134781;27221.5409464
19.02.2014 00:00;614.244194906;19193.1338463
20.02.2014 00:00;580.118825553;70434.1605351
21.02.2014 00:00;563.140626531;69322.9473203
22.02.2014 00:00;727.538318971;46910.1002636
23.02.2014 00:00;2338.93496272;47436.7185576
24.02.2014 00:00;672.499077087;86445.3310699
25.02.2014 00:00;642.489345078;219669.844407
26.02.2014 00:00;593.007129168;98805.3107186
27.02.2014 00:00;569.8743028;37896.2210462
28.02.2014 00:00;541.491273431;43420.3364197
01.03.2014 00:00;2654.39906597;29239.1732302
02.03.2014 00:00;560.786893601;13900.323521
03.03.2014 00:00;1956.98018332;125690.554993
04.03.2014 00:00;630.22795131;72124.6489748
05.03.2014 00:00;903.530378763;30730.1199601
06.03.2014 00:00;609.438941866;21670.7324735
07.03.2014 00:00;897.449499573;36638.7071391
08.03.2014 00:00;706.078026645;21973.141187
09.03.2014 00:00;630.13935486;19452.2192673
10.03.2014 00:00;2428.77834149;24070.4028136
11.03.2014 00:00;626.00203044;17233.8854341
12.03.2014 00:00;628.73062755;23364.458527
13.03.2014 00:00;3823.13458679;16072.0592401
14.03.2014 00:00;523.204369817;15364.2367852
15.03.2014 00:00;629.99382024;5967.70835034
16.03.2014 00:00;625.856941111;7302.76131393
17.03.2014 00:00;1300.95295821;16189.706054
18.03.2014 00:00;3348.8651943;26583.2079259
19.03.2014 00:00;647.668315923;16681.6799793
20.03.2014 00:00;570.06645791;21096.1375824
21.03.2014 00:00;544.93234345;42554.4483728
22.03.2014 00:00;677.224337815;21496.4710415
23.03.2014 00:00;668.969825455;10281.1926639
24.03.2014 00:00;882.470536176;25376.2686411
25.03.2014 00:00;604.979365677;15580.4244149
26.03.2014 00:00;558.545374555;17303.4645079
27.03.2014 00:00;636.267700521;82608.8193773
28.03.2014 00:00;628.374396733;60173.663216
29.03.2014 00:00;674.374057481;12873.7624654
30.03.2014 00:00;827.13558845;56020.3420385
31.03.2014 00:00;471.647784071;47261.9629392
01.04.2014 00:00;479.620804762;44692.0233619
02.04.2014 00:00;547.503168557;76510.1321035
03.04.2014 00:00;447.443208668;58938.9299875
04.04.2014 00:00;446.079589624;34873.1218861
05.04.2014 00:00;674.39669174;21213.2891132
06.04.2014 00:00;462.709387943;15601.6982408
07.04.2014 00:00;463.534784818;24386.8264514
08.04.2014 00:00;1712.64703063;14695.6029639
09.04.2014 00:00;458.657225931;20737.0406365
10.04.2014 00:00;431.352690361;100644.30297
11.04.2014 00:00;443.685751287;97164.2690526
12.04.2014 00:00;1813.30582536;32754.6914944
13.04.2014 00:00;522.791116354;41387.4069021
14.04.2014 00:00;2326.04752609;72934.9992411
15.04.2014 00:00;574.305575192;74452.6064615
16.04.2014 00:00;1826.14238541;69088.5513635
17.04.2014 00:00;536.620042895;44886.4934232
18.04.2014 00:00;997.385456013;25273.6483919
19.04.2014 00:00;525.79244578;26414.6942106
20.04.2014 00:00;857.846388568;14995.7636856
21.04.2014 00:00;1291.49325899;18120.7947637
22.04.2014 00:00;511.396897032;17210.4582829
23.04.2014 00:00;1243.74739655;11051.7594887
24.04.2014 00:00;500.454467003;16689.536239
25.04.2014 00:00;642.613896132;63477.9302132
26.04.2014 00:00;458.970731707;16573.9163548
27.04.2014 00:00;456.736931676;16927.083736
28.04.2014 00:00;428.487204032;30220.8383609
29.04.2014 00:00;843.083956521;23151.3136391
30.04.2014 00:00;441.449076735;22855.4644838
01.05.2014 00:00;447.762546816;18725.2515427
02.05.2014 00:00;434.370310043;15598.0217536
03.05.2014 00:00;1300.81877433;13443.2229094
04.05.2014 00:00;2414.73912373;8705.44983556
05.05.2014 00:00;425.0;12326.4106867
06.05.2014 00:00;1807.52528164;17773.9555574
07.05.2014 00:00;450.952487597;25792.2578283
08.05.2014 00:00;427.61893049;13599.7961218
09.05.2014 00:00;442.0;15728.5576974
10.05.2014 00:00;1373.97978661;8631.30750669
11.05.2014 00:00;2608.1622275;14956.2454746
12.05.2014 00:00;441.532355083;9144.86796401
13.05.2014 00:00;432.602973917;10687.7228528
14.05.2014 00:00;438.799317481;12601.7002648
15.05.2014 00:00;440.237071941;10786.5699263
16.05.2014 00:00;439.252433407;9559.33656389
17.05.2014 00:00;1852.83783071;4532.12577068
18.05.2014 00:00;682.828603502;4697.57693934
19.05.2014 00:00;437.85684932;8904.64098007
20.05.2014 00:00;607.872739734;53056.4111465
21.05.2014 00:00;485.733567731;15789.7247329
22.05.2014 00:00;738.452407471;36953.491293
23.05.2014 00:00;1809.14228008;40286.1300571
24.05.2014 00:00;2741.32512733;12410.9219663
25.05.2014 00:00;571.491847805;44050.8477504
26.05.2014 00:00;1258.06317825;27645.0077708
27.05.2014 00:00;1880.27557266;39644.7671719
28.05.2014 00:00;563.53516251;19486.4557677
29.05.2014 00:00;553.859240865;16221.8064136
30.05.2014 00:00;3809.96712486;43494.0486127
31.05.2014 00:00;3820.76449637;18864.82159
01.06.2014 00:00;2366.94113957;53679.5906975
02.06.2014 00:00;2521.34954346;41076.6683846
03.06.2014 00:00;2509.71397998;29509.4011309
04.06.2014 00:00;654.62706593;38568.7705133
05.06.2014 00:00;3500.36613204;24933.9212078
06.06.2014 00:00;2427.20978149;14268.9177478
07.06.2014 00:00;641.676607714;11528.2381671
08.06.2014 00:00;2281.55381375;6397.66665954
09.06.2014 00:00;639.469721395;15209.5111575
10.06.2014 00:00;591.887419239;12522.0777362
11.06.2014 00:00;2449.84793775;20726.5420579
12.06.2014 00:00;1262.59344536;48087.1136601
13.06.2014 00:00;624.314117733;34579.5091058
14.06.2014 00:00;1401.03220577;35324.8528899
15.06.2014 00:00;1232.1691746;20477.0788552
16.06.2014 00:00;483.027886314;25327.0650888
17.06.2014 00:00;2211.62977903;13731.4533286
18.06.2014 00:00;609.772217431;15345.4970589
19.06.2014 00:00;573.625079905;7343.76485759
20.06.2014 00:00;1112.92812129;13568.0193832
21.06.2014 00:00;740.580773297;8365.47877591
22.06.2014 00:00;1235.64742566;9668.60294075
23.06.2014 00:00;583.539504659;11530.7418934
24.06.2014 00:00;1242.4566408;12454.7129371
25.06.2014 00:00;2107.55555244;20537.1488203
26.06.2014 00:00;574.653476879;12260.5224885
27.06.2014 00:00;599.26247165;21602.2039725
28.06.2014 00:00;621.83487648;13509.5686303
29.06.2014 00:00;596.396842652;9793.57449784
30.06.2014 00:00;2551.77074567;45107.4459821
01.07.2014 00:00;745.944569178;35401.2099508
02.07.2014 00:00;1365.93032413;26533.6783308
03.07.2014 00:00;2898.94528905;19955.0973004
04.07.2014 00:00;3074.37529378;25249.0469787
05.07.2014 00:00;630.231767404;9572.54651329
06.07.2014 00:00;885.135624848;10427.3987037
07.07.2014 00:00;3270.80815533;19876.6246423
08.07.2014 00:00;3381.77857508;10386.3783902
09.07.2014 00:00;621.866489496;8692.73581208
10.07.2014 00:00;1953.44882443;16826.4023924
11.07.2014 00:00;664.97289834;18523.426114
12.07.2014 00:00;3892.46371047;15113.6038487
13.07.2014 00:00;2456.06306848;13689.7976438
14.07.2014 00:00;3637.30078027;13324.3380063
15.07.2014 00:00;3792.5404582;10881.5473666
16.07.2014 00:00;1377.69945601;15039.0650349
17.07.2014 00:00;819.911524721;17551.8324387
18.07.2014 00:00;2782.65149501;12880.1791926
19.07.2014 00:00;3538.98820607;7014.56530026
20.07.2014 00:00;626.98;5328.98753714
21.07.2014 00:00;622.37522098;9626.07608616
22.07.2014 00:00;2697.32506734;9253.89684272
23.07.2014 00:00;741.118891186;12070.4802314
24.07.2014 00:00;3192.66079211;30062.2624871
25.07.2014 00:00;1865.87338353;17133.2979459
26.07.2014 00:00;804.634747588;13474.9193799
27.07.2014 00:00;817.54372353;11348.0662913
28.07.2014 00:00;3181.01762967;26499.4507667
29.07.2014 00:00;579.038698016;14507.1799963
30.07.2014 00:00;1579.98706889;24332.277071
31.07.2014 00:00;2887.55852023;26056.168575
01.08.2014 00:00;2811.99223065;27225.2066324
02.08.2014 00:00;1235.13017962;12076.2644847
03.08.2014 00:00;2318.23385093;11906.4200931
04.08.2014 00:00;1823.84104517;14703.590006
05.08.2014 00:00;3544.46703521;16417.3271207
06.08.2014 00:00;3190.87418129;15870.7123444
07.08.2014 00:00;3236.62519212;12769.5598125
08.08.2014 00:00;1377.52516377;15127.7831495
09.08.2014 00:00;1709.09074206;10701.4228044
10.08.2014 00:00;3621.97321483;11125.7229025
11.08.2014 00:00;3510.29346313;14754.0756212
12.08.2014 00:00;3436.88903228;14191.0329693
13.08.2014 00:00;909.431429213;43684.6333394
14.08.2014 00:00;1171.4127308;49393.1953954
15.08.2014 00:00;493.24121717;28717.1016626
16.08.2014 00:00;522.77689507;19221.4165697
17.08.2014 00:00;483.617116015;16353.1540287
18.08.2014 00:00;2730.51039306;57698.0017478
19.08.2014 00:00;2759.42541365;61618.2591605
20.08.2014 00:00;1980.50712275;71628.770967
21.08.2014 00:00;3087.58494441;68987.4747666
22.08.2014 00:00;2829.47598866;52681.3235892
23.08.2014 00:00;674.62985567;35864.8299344
24.08.2014 00:00;3101.39946517;29321.9027851
25.08.2014 00:00;1659.5755461;22179.8121931
26.08.2014 00:00;2462.36233374;27526.4508098
27.08.2014 00:00;739.937747746;31388.8298811
28.08.2014 00:00;2398.21030292;28477.622843
29.08.2014 00:00;3047.15208674;24419.1066316
30.08.2014 00:00;2826.22753762;15486.2116115
31.08.2014 00:00;2474.47920345;72789.3135271
01.09.2014 00:00;1892.91254358;29982.1110612
02.09.2014 00:00;2663.98961267;31401.7981478
03.09.2014 00:00;1923.12147105;24338.1167057
04.09.2014 00:00;2994.40805075;36191.37615
05.09.2014 00:00;729.810106544;20779.1441298
06.09.2014 00:00;372.572198169;14633.6645123
07.09.2014 00:00;402.315996293;13376.8725181
08.09.2014 00:00;724.294113832;36435.8101355
09.09.2014 00:00;473.997202898;27311.0000766
10.09.2014 00:00;2280.43404867;31393.6813331
11.09.2014 00:00;2672.21543535;23264.8919324
12.09.2014 00:00;464.034667034;23192.9157666
13.09.2014 00:00;2513.91639756;19652.2087844
14.09.2014 00:00;2761.15887403;18616.8876572
15.09.2014 00:00;2031.77127882;19692.0566946
16.09.2014 00:00;2453.71988106;28010.1153738
17.09.2014 00:00;1752.4376078;37472.2298907
18.09.2014 00:00;563.837496561;68955.9079799
19.09.2014 00:00;784.652511715;83023.2249255
20.09.2014 00:00;2460.31937583;82640.6589714
21.09.2014 00:00;566.687363094;60651.0778688
22.09.2014 00:00;2444.85371038;48528.873088
23.09.2014 00:00;2404.15994163;89931.6769493
24.09.2014 00:00;2255.42528125;58177.6741716
25.09.2014 00:00;862.010340827;56110.042756
26.09.2014 00:00;2453.10958263;43523.5058926
27.09.2014 00:00;1341.19590412;32204.8225547
28.09.2014 00:00;921.927493011;55873.1697111
29.09.2014 00:00;2036.09327686;75923.3682302
30.09.2014 00:00;1884.62231488;68672.6942693
01.10.2014 00:00;1423.99020694;55132.941332
02.10.2014 00:00;1778.48011184;39319.0649606
03.10.2014 00:00;981.785491692;57355.3336593
04.10.2014 00:00;1926.27477551;95148.73571
05.10.2014 00:00;482.920748794;162624.484997
06.10.2014 00:00;1844.83088653;169870.781888
07.10.2014 00:00;1870.85849376;100565.42267
08.10.2014 00:00;1308.14026416;107763.609759
09.10.2014 00:00;2104.83673309;159584.001582
10.10.2014 00:00;1742.03442818;83566.8174454
11.10.2014 00:00;1255.60547542;69782.2891688
12.10.2014 00:00;1919.84685046;61266.2266942
13.10.2014 00:00;2119.50450612;93068.2214949
14.10.2014 00:00;1701.69976718;128465.232909
15.10.2014 00:00;2405.02160084;92464.3719711
16.10.2014 00:00;2314.21205908;95806.1771302
17.10.2014 00:00;2317.21996061;83405.5079395
18.10.2014 00:00;954.776242638;97072.1419224
19.10.2014 00:00;2317.16044443;77654.0747809
20.10.2014 00:00;1316.51372621;61336.6333321
21.10.2014 00:00;2105.39831695;68313.7121143
22.10.2014 00:00;1384.42812269;45354.8650502
23.10.2014 00:00;356.513169928;97767.8638861
24.10.2014 00:00;2178.91153388;72407.091887
25.10.2014 00:00;2123.08522612;71472.4190517
26.10.2014 00:00;2101.18237298;60145.1591285
27.10.2014 00:00;2136.30476543;97867.2913468
28.10.2014 00:00;312.9049118;67542.9355555
29.10.2014 00:00;1448.75347371;101543.587264
30.10.2014 00:00;1590.54926293;115535.781621
31.10.2014 00:00;1511.79880015;68660.9138755
01.11.2014 00:00;1586.56295207;92494.9163969
02.11.2014 00:00;1861.32966427;76697.6739039
03.11.2014 00:00;1101.88191106;109064.712992
04.11.2014 00:00;1128.19478487;86174.0275546
05.11.2014 00:00;687.548924632;102912.376382
06.11.2014 00:00;2126.96113929;97182.2326048
07.11.2014 00:00;741.911108514;96474.4791411
08.11.2014 00:00;2085.79978515;78157.8362959
09.11.2014 00:00;1912.59083929;101879.028397
10.11.2014 00:00;2102.50775326;135124.182798
11.11.2014 00:00;1967.98171764;113305.321507
12.11.2014 00:00;1432.19861144;452477.717265
13.11.2014 00:00;2064.06673642;665545.924975
14.11.2014 00:00;2352.55559805;602114.038646
15.11.2014 00:00;2078.53688303;212258.386779
16.11.2014 00:00;2214.67750639;219198.126133
17.11.2014 00:00;2159.57000348;344479.170729
18.11.2014 00:00;2227.45597963;250867.206374
19.11.2014 00:00;377.377405286;68368.561796
20.11.2014 00:00;297.738026279;27556.9825013
21.11.2014 00:00;351.358797831;25829.2947709
22.11.2014 00:00;350.066183427;13375.4876997
23.11.2014 00:00;1965.79209845;41650.3037258
24.11.2014 00:00;376.21800373;128539.532321
25.11.2014 00:00;374.227140633;17438.0560169
26.11.2014 00:00;971.628984804;135375.32822
27.11.2014 00:00;2269.85176933;182000.875042
28.11.2014 00:00;2271.00371132;207223.918624
29.11.2014 00:00;2307.21494789;245874.592767
30.11.2014 00:00;2116.53133876;182109.375332
01.12.2014 00:00;2297.60524406;154559.323129
02.12.2014 00:00;2243.76257554;160836.532824
03.12.2014 00:00;2167.69592794;183272.919073
04.12.2014 00:00;1621.6054318;154158.905883
05.12.2014 00:00;2318.91498219;133216.137369
06.12.2014 00:00;1603.55469254;116716.284973
07.12.2014 00:00;1664.96202153;96136.6326137
08.12.2014 00:00;2041.95926236;162941.930346
09.12.2014 00:00;2105.68989807;212920.295595
10.12.2014 00:00;1818.8745137;157665.526087
11.12.2014 00:00;2107.9730802;302934.8308
12.12.2014 00:00;2119.53884494;126486.442947
13.12.2014 00:00;2146.71510818;98379.6006454
14.12.2014 00:00;2066.88010451;115019.635137
15.12.2014 00:00;2084.64583225;74400.6926535
16.12.2014 00:00;1903.4219266;186027.134814
17.12.2014 00:00;1978.81735083;193343.114555
18.12.2014 00:00;1888.26005274;240262.990209
19.12.2014 00:00;1429.44333918;163829.801222
20.12.2014 00:00;2026.73835496;170847.719906
21.12.2014 00:00;1879.54868189;162176.019812
22.12.2014 00:00;2035.141339;130320.267665
23.12.2014 00:00;2086.84315555;158889.926313
24.12.2014 00:00;1369.8169282;101936.85888
25.12.2014 00:00;1666.37130373;100948.19218
26.12.2014 00:00;954.644385678;115885.725593
27.12.2014 00:00;1956.15762005;234508.334513
28.12.2014 00:00;1955.7252569;88930.9713635
29.12.2014 00:00;1653.69723489;144461.058987
30.12.2014 00:00;1898.60916029;111827.325409
31.12.2014 00:00;1707.19762431;85203.3499567
01.01.2015 00:00;1846.24144614;76360.8763633
02.01.2015 00:00;735.375371244;70583.3024047
03.01.2015 00:00;437.883077594;173539.084898
04.01.2015 00:00;1598.33252328;343206.135512
05.01.2015 00:00;1630.61220965;215948.731826
06.01.2015 00:00;1742.18128057;132097.431336
07.01.2015 00:00;1719.35094099;136524.189877
08.01.2015 00:00;1722.46625697;118288.944158
09.01.2015 00:00;1166.92732443;127791.123045
10.01.2015 00:00;308.518875242;149983.852229
11.01.2015 00:00;1348.83071542;119331.387796
12.01.2015 00:00;1643.26805628;132441.031105
13.01.2015 00:00;484.166262072;416571.600398
14.01.2015 00:00;269.666265406;426993.776533
15.01.2015 00:00;1041.45749652;502651.650441
16.01.2015 00:00;1085.57256637;382098.470159
17.01.2015 00:00;775.443860092;217976.009731
18.01.2015 00:00;1286.10448683;266206.113922
19.01.2015 00:00;852.061675653;237851.495758
20.01.2015 00:00;1213.96780965;197099.952875
21.01.2015 00:00;574.310257594;207938.879227
22.01.2015 00:00;1145.44210954;276371.0458
23.01.2015 00:00;1311.62297697;263828.659267
24.01.2015 00:00;1485.50189174;237051.653504
25.01.2015 00:00;1344.32586583;241861.876496
26.01.2015 00:00;1582.40531493;558139.485711
27.01.2015 00:00;1469.59731162;316164.482127
28.01.2015 00:00;959.502083834;215739.862358
29.01.2015 00:00;229.522335238;341684.214502
30.01.2015 00:00;1313.00099249;266113.316599
31.01.2015 00:00;1198.56100158;244658.681434
01.02.2015 00:00;1056.52815959;220861.124768
02.02.2015 00:00;1161.72577834;237973.870257
03.02.2015 00:00;1408.1575854;316072.819891
04.02.2015 00:00;1148.96788151;196611.283021
05.02.2015 00:00;373.038719084;193658.724157
06.02.2015 00:00;1315.25878871;243536.608383
07.02.2015 00:00;1373.25123434;206195.540155
08.02.2015 00:00;235.450606539;177792.238341
09.02.2015 00:00;245.218798207;175280.059826
10.02.2015 00:00;888.629078105;153356.397747
11.02.2015 00:00;1153.90441319;162395.320476
12.02.2015 00:00;233.505485062;127858.182882
13.02.2015 00:00;1459.06170104;288404.471269
14.02.2015 00:00;1277.42588501;284912.110733
15.02.2015 00:00;1413.57766744;411215.599306
16.02.2015 00:00;1358.49675936;310963.236201
17.02.2015 00:00;1354.42897357;277360.63908
18.02.2015 00:00;1424.55866269;219193.72381
19.02.2015 00:00;1277.36658157;188101.267095
20.02.2015 00:00;315.88536337;163093.763332
21.02.2015 00:00;1813.43588605;153083.915601
22.02.2015 00:00;1416.92393562;167684.683423
23.02.2015 00:00;1468.99291959;147788.113921
24.02.2015 00:00;1099.44782695;152268.785097
25.02.2015 00:00;935.89998841;158526.024694
26.02.2015 00:00;235.455104741;107408.779852
27.02.2015 00:00;607.770990354;267811.741046
28.02.2015 00:00;9148.28027284;182463.487117
01.03.2015 00:00;1373.83135123;144488.124001
02.03.2015 00:00;1420.21801974;203320.118776
03.03.2015 00:00;1718.15760728;208548.736086
04.03.2015 00:00;1673.60892715;201846.915127
05.03.2015 00:00;1692.1948535;217251.843642
06.03.2015 00:00;1607.60137823;217880.885238
07.03.2015 00:00;1417.52725082;178321.888821
08.03.2015 00:00;808.174067807;123277.054832
09.03.2015 00:00;7899.84313137;245608.198663
10.03.2015 00:00;1743.5561022;256082.566431
11.03.2015 00:00;1626.56651686;199819.729869
12.03.2015 00:00;1814.82495561;165670.641329
13.03.2015 00:00;1917.11125302;185721.589953
14.03.2015 00:00;1686.55743489;202384.941107
15.03.2015 00:00;1671.64258791;141625.351017
16.03.2015 00:00;1567.1336226;164281.143154
17.03.2015 00:00;1185.35914542;130122.069365
18.03.2015 00:00;777.067034465;253231.353585
19.03.2015 00:00;1543.07259801;332206.190688
20.03.2015 00:00;876.578353286;148114.086882
21.03.2015 00:00;1595.96516476;165984.473087
22.03.2015 00:00;1509.1669419;166673.411348
23.03.2015 00:00;1574.04728194;193326.344533
24.03.2015 00:00;1080.51045804;251878.804352
25.03.2015 00:00;276.955370055;271729.767065
26.03.2015 00:00;1095.79347508;277585.823486
27.03.2015 00:00;247.562195707;115496.682589
28.03.2015 00:00;253.312293013;20106.762871
29.03.2015 00:00;243.352934716;25455.5303328
30.03.2015 00:00;248.534562566;33032.5355083
31.03.2015 00:00;240.028092187;28840.9839882
01.04.2015 00:00;246.784788775;27483.9725669
02.04.2015 00:00;253.766322379;31762.6065667
03.04.2015 00:00;619.941221988;22870.7461637
04.04.2015 00:00;250.126;12610.62473
05.04.2015 00:00;259.007738527;17808.0728533
06.04.2015 00:00;254.011299362;23510.6086297
07.04.2015 00:00;253.760911679;26033.4683217
08.04.2015 00:00;242.814023535;30593.3456265
09.04.2015 00:00;2479.06198821;27147.8252766
10.04.2015 00:00;235.528411385;34151.3687378
11.04.2015 00:00;236.953545115;16458.1290235
12.04.2015 00:00;248.750110702;44622.6895206
13.04.2015 00:00;1300.42302401;133909.213577
14.04.2015 00:00;1275.26457686;226573.988666
15.04.2015 00:00;1047.22131736;129652.957368
16.04.2015 00:00;1417.49093318;160614.747236
17.04.2015 00:00;1350.05013401;215100.849382
18.04.2015 00:00;1368.51587826;123471.750089
19.04.2015 00:00;654.88819958;101369.252965
20.04.2015 00:00;621.524679372;107035.733168
21.04.2015 00:00;1436.60359614;123779.67391
22.04.2015 00:00;434.433206781;104577.652342
23.04.2015 00:00;1209.15842464;102143.333286
24.04.2015 00:00;231.480397084;107331.756657
25.04.2015 00:00;2745.24070727;113497.79654
26.04.2015 00:00;1219.62554653;158756.533917
27.04.2015 00:00;853.387669157;176420.720501
28.04.2015 00:00;1359.45161865;140854.348077
29.04.2015 00:00;1381.68398543;112507.219699
30.04.2015 00:00;1157.74923163;165117.071415
01.05.2015 00:00;857.572926265;146296.593665
02.05.2015 00:00;1444.53947911;140303.660289
03.05.2015 00:00;1447.9471188;141645.013004
04.05.2015 00:00;938.397781426;157083.938203
05.05.2015 00:00;1103.83044963;133135.182279
06.05.2015 00:00;1072.97743913;120841.28873
07.05.2015 00:00;2539.48240458;116022.169992
08.05.2015 00:00;1221.51249464;111583.116364
09.05.2015 00:00;1302.11998052;113292.906903
10.05.2015 00:00;222.320744277;100991.497097
11.05.2015 00:00;1500.33317528;112311.460844
12.05.2015 00:00;1425.90583579;105344.561135
13.05.2015 00:00;1370.42753867;91460.2347436
14.05.2015 00:00;1223.03835218;77678.3958687
15.05.2015 00:00;211.289726085;46064.2051796
16.05.2015 00:00;359.997178316;29408.3526676
17.05.2015 00:00;1387.55011075;28292.5195273
18.05.2015 00:00;212.300863014;42344.3015184
19.05.2015 00:00;614.111352855;37675.8953438
20.05.2015 00:00;234.596524605;37763.4445203
21.05.2015 00:00;981.58181934;34179.6326025
22.05.2015 00:00;543.081854976;55057.601511
23.05.2015 00:00;239.61844023;36332.6264286
24.05.2015 00:00;244.425724057;19281.4559134
25.05.2015 00:00;1282.78584954;32126.1264995
26.05.2015 00:00;1042.2409868;40429.0960291
27.05.2015 00:00;942.661984222;39994.1920789
28.05.2015 00:00;296.566881273;32297.1433407
29.05.2015 00:00;363.224833636;41393.3652555
30.05.2015 00:00;473.351532673;32107.2228438
31.05.2015 00:00;1416.47997824;34707.6185041
01.06.2015 00:00;804.527604777;61637.3276183
02.06.2015 00:00;234.981028536;49878.0714225
03.06.2015 00:00;978.917978044;44262.644656
04.06.2015 00:00;590.91083636;37513.1937632
05.06.2015 00:00;223.561361116;39495.6562168
06.06.2015 00:00;952.124552292;20446.0378668
07.06.2015 00:00;725.209138748;25870.0373787
08.06.2015 00:00;686.784601511;48795.5294659
09.06.2015 00:00;1330.2644323;48621.8351869
10.06.2015 00:00;259.989049193;44741.4749713
11.06.2015 00:00;1293.71181825;43062.839204
12.06.2015 00:00;265.211715411;45220.843534
13.06.2015 00:00;865.712308771;35798.5665269
14.06.2015 00:00;17013.6351108;40341.8203327
15.06.2015 00:00;747.874453301;55502.1273277
16.06.2015 00:00;1576.17187828;76314.6416712
17.06.2015 00:00;281.880688218;78134.0537359
18.06.2015 00:00;1447.90926547;55869.3836519
19.06.2015 00:00;1316.46177235;48261.034561
20.06.2015 00:00;516.976723422;38316.2526753
21.06.2015 00:00;710.295517185;24066.9742138
22.06.2015 00:00;253.636804717;34760.4574814
23.06.2015 00:00;709.472348999;32977.3126493
24.06.2015 00:00;331.208423898;34693.7916079
25.06.2015 00:00;1435.62064739;25424.2147878
26.06.2015 00:00;242.99389997;27211.2266001
27.06.2015 00:00;1005.82535045;38984.3050949
28.06.2015 00:00;1467.53531391;28330.4208949
29.06.2015 00:00;342.379829123;52475.2770717
30.06.2015 00:00;287.162718368;70264.1489717
01.07.2015 00:00;1308.47143011;46555.1118463
02.07.2015 00:00;1116.40837976;41319.1500191
03.07.2015 00:00;1324.34957747;40025.2549703
04.07.2015 00:00;9695.69604155;33862.7621708
05.07.2015 00:00;792.13758919;78093.2818175
06.07.2015 00:00;581.497901833;82823.0082083
07.07.2015 00:00;276.273162369;53636.5886116
08.07.2015 00:00;1992.73040719;66457.5917274
09.07.2015 00:00;650.243922521;63482.1927614
10.07.2015 00:00;1704.23662397;143170.894498
11.07.2015 00:00;1732.71817163;58349.3378516
12.07.2015 00:00;312.117011105;66488.6933085
13.07.2015 00:00;6543.57144199;91158.715393
14.07.2015 00:00;1502.63855983;45041.8422924
15.07.2015 00:00;3040.11971057;39947.8563679
16.07.2015 00:00;311.748951651;72111.0318071
17.07.2015 00:00;19219.4863098;45450.7396461
18.07.2015 00:00;936.234180367;40470.472963
19.07.2015 00:00;1153.11014029;24288.8504594
20.07.2015 00:00;483.341946132;33814.2261533
21.07.2015 00:00;985.905123303;36498.5643289
22.07.2015 00:00;420.194714657;32930.9447822
23.07.2015 00:00;769.440017816;26240.6266235
24.07.2015 00:00;273.409662885;59574.435822
25.07.2015 00:00;769.2163012;32125.8727368
26.07.2015 00:00;279.568048213;24568.6232906
27.07.2015 00:00;321.137508306;48858.3621734
28.07.2015 00:00;316.215649708;43577.3296787
29.07.2015 00:00;274.120422592;39468.8861954
30.07.2015 00:00;288.239219864;34306.6356609
31.07.2015 00:00;524.310759684;39649.2936763
01.08.2015 00:00;1708.40607429;32794.9471404
02.08.2015 00:00;2981.96065341;25872.5305084
03.08.2015 00:00;324.200462247;30126.962908
04.08.2015 00:00;1182.07597663;31221.9654612
05.08.2015 00:00;285.863822139;28805.5468049
06.08.2015 00:00;1705.94571673;28175.2117909
07.08.2015 00:00;662.775159102;33690.3630263
08.08.2015 00:00;1858.11399396;49472.6012543
09.08.2015 00:00;296.467383471;33268.937935
10.08.2015 00:00;586.37066724;36656.5236869
11.08.2015 00:00;15885.3841326;38914.5573774
12.08.2015 00:00;2688.06758918;42560.9276431
13.08.2015 00:00;7727.57201943;37810.4570886
14.08.2015 00:00;1147.9499537;37958.9605036
15.08.2015 00:00;1367.4367873;28149.4097434
16.08.2015 00:00;720.536294476;42342.8167701
17.08.2015 00:00;255.668289467;36328.6236765
18.08.2015 00:00;635.998896189;66660.6972839
19.08.2015 00:00;1005.51889154;96537.1834364
20.08.2015 00:00;632.704074411;64056.8551052
21.08.2015 00:00;870.712109812;46739.1027792
22.08.2015 00:00;226.699138511;61611.0501022
23.08.2015 00:00;1257.30613395;45768.767177
24.08.2015 00:00;5727.24159995;124024.221382
25.08.2015 00:00;268.197583981;150390.601405
26.08.2015 00:00;225.348909812;93469.8792009
27.08.2015 00:00;414.134019196;56454.3493977
28.08.2015 00:00;1221.45196363;77201.8082235
29.08.2015 00:00;1381.54534425;44550.8280063
30.08.2015 00:00;523.698260638;46484.5869289
31.08.2015 00:00;263.486383897;57114.8554326
01.09.2015 00:00;345.71009396;60720.9568333
02.09.2015 00:00;2006.60416555;53437.7726194
03.09.2015 00:00;238.76096728;53970.8944046
04.09.2015 00:00;295.872877922;52452.1239354
05.09.2015 00:00;895.51062942;53326.2011247
06.09.2015 00:00;733.058677235;66341.4423854
07.09.2015 00:00;1513.33094681;60047.5295108
08.09.2015 00:00;282.019057937;68214.4933555
09.09.2015 00:00;1219.19403391;60055.3236704
10.09.2015 00:00;231.767598572;55455.8616322
11.09.2015 00:00;506.661595426;44706.0809324
12.09.2015 00:00;363.234410718;45845.9971188
13.09.2015 00:00;610.319316238;50368.8399676
14.09.2015 00:00;851.027168196;55420.027772
15.09.2015 00:00;684.844464272;49372.9079353
16.09.2015 00:00;234.7713326;54232.8539999
17.09.2015 00:00;245.738841991;49419.2250299
18.09.2015 00:00;320.15295243;52778.3259513
19.09.2015 00:00;541.164871407;36092.3933279
20.09.2015 00:00;855.020249102;33764.53542
21.09.2015 00:00;971.087336102;58687.7902121
22.09.2015 00:00;490.921036518;65683.243951
23.09.2015 00:00;1178.75783247;44042.5831937
24.09.2015 00:00;280.982159718;63491.7773986
25.09.2015 00:00;473.659552218;62195.273377
26.09.2015 00:00;502.164937435;43370.4258815
27.09.2015 00:00;10334.4615983;38108.2392777
28.09.2015 00:00;4856.66407769;62760.5744608
29.09.2015 00:00;814.236386594;64672.6892925
30.09.2015 00:00;285.845023552;57333.1856116
01.10.2015 00:00;238.138571863;53482.8063186
02.10.2015 00:00;1258.7519668;48632.2430754
03.10.2015 00:00;244.671355808;40443.7418404
04.10.2015 00:00;568.466303263;35439.052351
05.10.2015 00:00;1116.6527969;60841.617018
06.10.2015 00:00;1032.77161477;72124.3189701
07.10.2015 00:00;1574.9967789;62494.6379188
08.10.2015 00:00;791.618940583;52607.0719973
09.10.2015 00:00;1433.37513344;50745.9555501
10.10.2015 00:00;733.297071399;48625.7988871
11.10.2015 00:00;1325.56751443;51591.4973952
12.10.2015 00:00;1307.88650243;53895.8146217
13.10.2015 00:00;1488.1763715;81013.5789701
14.10.2015 00:00;1704.67706491;79851.7853365
15.10.2015 00:00;860.259502259;78161.0907493
16.10.2015 00:00;1067.37963277;108066.207952
17.10.2015 00:00;1670.24602962;119860.895541
18.10.2015 00:00;1017.94818968;67725.9617978
19.10.2015 00:00;263.535573426;67767.5980551
20.10.2015 00:00;610.55203594;80028.454341
21.10.2015 00:00;1247.01104841;74899.4313922
22.10.2015 00:00;1426.0963524;93994.435463
23.10.2015 00:00;296.444879832;77373.203387
24.10.2015 00:00;647.775536698;76082.8434607
25.10.2015 00:00;1177.88557905;121346.19829
26.10.2015 00:00;1496.37599974;88821.8784693
27.10.2015 00:00;748.377283136;119616.915074
28.10.2015 00:00;1807.5954312;125934.129418
29.10.2015 00:00;841.349830384;137996.38474
30.10.2015 00:00;9391.9963531;186439.538626
31.10.2015 00:00;1847.43029658;119947.746825
01.11.2015 00:00;1265.88427302;90365.7874414
02.11.2015 00:00;3440.48786164;166662.212648
03.11.2015 00:00;1112.09309948;304444.016528
04.11.2015 00:00;1656.36186078;376876.21292
05.11.2015 00:00;3640.89965177;224544.536504
06.11.2015 00:00;3575.33308137;194123.167114
07.11.2015 00:00;880.099577961;115707.201563
08.11.2015 00:00;5610.0301054;92901.3284218
09.11.2015 00:00;1172.58788049;112725.827607
10.11.2015 00:00;1329.29159072;180762.007306
11.11.2015 00:00;7416.51361738;249282.713469
12.11.2015 00:00;735.444709254;182252.630814
13.11.2015 00:00;21137.9019161;130581.690506
14.11.2015 00:00;10835.4982731;93791.971735
15.11.2015 00:00;3771.95282714;106512.818435
16.11.2015 00:00;5285.3512011;99288.0649889
17.11.2015 00:00;22641.5124892;104728.887002
18.11.2015 00:00;20673.1143401;86318.4908849
19.11.2015 00:00;10886.8355968;94474.9876473
20.11.2015 00:00;13463.3170726;103298.093773
21.11.2015 00:00;3227.78250957;64875.6462591
22.11.2015 00:00;6888.54599599;50824.8987439
23.11.2015 00:00;14930.6586236;55088.1961982
24.11.2015 00:00;31371.5247657;65600.4331025
25.11.2015 00:00;16520.9074544;88581.3434468
26.11.2015 00:00;8375.46607513;219073.458613
27.11.2015 00:00;10582.7194632;130859.470943
28.11.2015 00:00;2191.12766566;84366.6459177
29.11.2015 00:00;1577.68098689;85478.043288
30.11.2015 00:00;1394.56420952;145144.837146
01.12.2015 00:00;8255.07022709;141485.04711
02.12.2015 00:00;1795.32320092;123958.439608
03.12.2015 00:00;1535.66106703;106939.36554
04.12.2015 00:00;1815.41471975;97086.5793894
05.12.2015 00:00;2665.27394849;189221.619703
06.12.2015 00:00;2038.52481343;183106.151818
07.12.2015 00:00;1971.99679547;142331.749169
08.12.2015 00:00;2186.32881861;122126.926364
09.12.2015 00:00;1976.20052021;306534.29996
10.12.2015 00:00;2595.75689439;126723.634384
11.12.2015 00:00;3895.92753068;211990.231732
12.12.2015 00:00;3666.11325313;274131.856917
13.12.2015 00:00;9980.20381912;146562.593763
14.12.2015 00:00;22404.7640874;295912.819761
15.12.2015 00:00;2805.90444353;166035.564095
16.12.2015 00:00;2829.63125843;220723.986839
17.12.2015 00:00;11347.3150137;109808.916803
18.12.2015 00:00;2837.48750977;133072.871754
19.12.2015 00:00;1421.8533347;101537.189689
20.12.2015 00:00;2493.49635571;156378.384891
21.12.2015 00:00;7636.86255006;168916.298437
22.12.2015 00:00;2634.6473188;124047.961784
23.12.2015 00:00;11214.1374355;103441.08846
24.12.2015 00:00;963.753217055;134491.480119
25.12.2015 00:00;2942.49063714;92842.9767469
26.12.2015 00:00;14126.6091493;204806.305331
27.12.2015 00:00;1613.1088817;82360.2256342
28.12.2015 00:00;1192.76490027;97486.093008
29.12.2015 00:00;10909.1746597;79862.4902569
30.12.2015 00:00;6732.2954266;73692.6170936
31.12.2015 00:00;2799.77398338;65788.6652087
01.01.2016 00:00;2553.46748688;58840.2450524
02.01.2016 00:00;2040.3019608;43867.3269792
03.01.2016 00:00;2328.84674362;60248.7732141
04.01.2016 00:00;1415.43915839;60475.9056708
05.01.2016 00:00;2622.78515966;69927.991361
06.01.2016 00:00;2526.14238696;73465.8295851
07.01.2016 00:00;5203.20376323;142659.084408
08.01.2016 00:00;2496.81105063;107541.847167
09.01.2016 00:00;2648.05130206;66340.3275266
10.01.2016 00:00;10605.4102501;60883.9288417
11.01.2016 00:00;1124.24306516;65895.458194
12.01.2016 00:00;3725.04295255;62012.2414254
13.01.2016 00:00;2343.51844317;99980.3040085
14.01.2016 00:00;2389.42521519;50710.8587005
15.01.2016 00:00;1662.04072652;198279.028658
16.01.2016 00:00;810.283571165;189886.718109
17.01.2016 00:00;1812.53658224;98589.2803833
18.01.2016 00:00;2019.93495668;79523.4858303
19.01.2016 00:00;767.505526161;61887.4503422
20.01.2016 00:00;1650.7447;143486.768486
21.01.2016 00:00;3779.27839411;113483.567303
22.01.2016 00:00;1795.35830649;137258.876426
23.01.2016 00:00;2323.37614012;98215.5809297
24.01.2016 00:00;14655.9214045;81512.1537202
25.01.2016 00:00;1467.96954997;71219.5005355
26.01.2016 00:00;2208.437697;57284.2523033
27.01.2016 00:00;3021.28289895;47179.6415759
28.01.2016 00:00;3335.36624464;70406.7060863
29.01.2016 00:00;5084.1838181;117725.494137
30.01.2016 00:00;2327.65607594;59418.2407014
31.01.2016 00:00;3033.2471662;42701.7932447
01.02.2016 00:00;13485.3598613;71622.4653227
02.02.2016 00:00;846.673018651;45671.8871515
03.02.2016 00:00;2126.67282706;53274.0113676
04.02.2016 00:00;14782.8602946;67901.2731937
05.02.2016 00:00;6150.93209848;56175.721445
06.02.2016 00:00;2333.72455218;52389.8623094
07.02.2016 00:00;21691.8321108;30256.9618095
08.02.2016 00:00;928.116869777;33755.2570127
09.02.2016 00:00;489.611999591;33277.0551043
10.02.2016 00:00;1461.64945264;56398.6946165
11.02.2016 00:00;2363.20624869;44205.0258149
12.02.2016 00:00;2017.71325816;43729.8847778
13.02.2016 00:00;3098.54169993;45029.1789933
14.02.2016 00:00;1619.35083606;72465.4906305
15.02.2016 00:00;4153.09816622;72315.6292063
16.02.2016 00:00;2615.48437349;62141.18114
17.02.2016 00:00;4429.16713295;78241.2076521
18.02.2016 00:00;1012.70060924;78016.4175161
19.02.2016 00:00;995.569677311;62143.6783693
20.02.2016 00:00;5239.1268561;99699.291675
21.02.2016 00:00;1967.9583671;96937.1046571
22.02.2016 00:00;1708.51431346;65863.9791488
23.02.2016 00:00;1470.38984782;94355.510565
24.02.2016 00:00;2456.31885702;69264.7167881
25.02.2016 00:00;1965.37306824;64981.4825927
26.02.2016 00:00;5599.47137976;64489.1506704
27.02.2016 00:00;1867.60704878;53727.3313544
28.02.2016 00:00;2077.54028892;83723.6369374
29.02.2016 00:00;8071.10336003;120235.885476
01.03.2016 00:00;3070.19464472;101862.190893
02.03.2016 00:00;12484.5904748;100918.963846
03.03.2016 00:00;2725.23763126;93772.8531557
04.03.2016 00:00;5241.7132997;79569.870542
05.03.2016 00:00;1602.21688497;118625.741203
06.03.2016 00:00;4069.85018922;85582.8360678
07.03.2016 00:00;2408.44475981;83081.976607
08.03.2016 00:00;3930.4116558;66804.8042741
09.03.2016 00:00;2483.67361128;59998.2793939
10.03.2016 00:00;3337.48543497;66049.2279053
11.03.2016 00:00;1617.30874848;76964.0881325
12.03.2016 00:00;1427.05592018;71715.7746489
13.03.2016 00:00;633.471189283;45048.9315967
14.03.2016 00:00;1069.99497402;46938.7042939
15.03.2016 00:00;5258.9715224;50139.2016169
16.03.2016 00:00;1165.27593226;45782.8937914
17.03.2016 00:00;6416.30204235;48186.6795584
18.03.2016 00:00;1133.58733416;77914.4675556
19.03.2016 00:00;10520.7779204;45673.8960682
20.03.2016 00:00;897.852180481;36825.5002674
21.03.2016 00:00;778.17769876;45169.4556918
22.03.2016 00:00;5804.47239215;55965.5489119
23.03.2016 00:00;524.371016629;47124.8866546
24.03.2016 00:00;2461.96906663;44783.8222761
25.03.2016 00:00;1246.53298802;37083.4844396
26.03.2016 00:00;12571.3571448;27537.9665447
27.03.2016 00:00;3504.99702458;45471.388199
28.03.2016 00:00;2872.1149174;49711.7573718
29.03.2016 00:00;768.673930339;68158.0539948
30.03.2016 00:00;2135.46140559;49651.7548065
31.03.2016 00:00;2249.18719694;50792.1696982
01.04.2016 00:00;4422.69109909;41267.5652843
02.04.2016 00:00;2523.22705899;34417.0226226
03.04.2016 00:00;5977.31439492;27631.8100142
04.04.2016 00:00;2113.69228404;41068.5625678
05.04.2016 00:00;2651.73147151;46887.571137
06.04.2016 00:00;7676.22599289;43181.2889989
07.04.2016 00:00;13191.5918452;41550.1006438
08.04.2016 00:00;2601.60412361;54033.9962947
09.04.2016 00:00;1379.32066873;41061.850723
10.04.2016 00:00;2033.19403281;32920.0512545
11.04.2016 00:00;1592.22987683;44399.8865258
12.04.2016 00:00;940.280034306;60037.4955237
13.04.2016 00:00;1209.5437267;49005.6860404
14.04.2016 00:00;2575.11222121;41250.8953186
15.04.2016 00:00;2060.97078023;52308.5174627
16.04.2016 00:00;2750.78833125;37321.582398
17.04.2016 00:00;593.123265367;27555.2049111
18.04.2016 00:00;1746.48741893;37911.7052348
19.04.2016 00:00;6272.68151215;46555.1090232
20.04.2016 00:00;4613.46778989;67430.8768723
21.04.2016 00:00;2719.17900276;64639.3324465
22.04.2016 00:00;2191.06761673;57142.1803543
23.04.2016 00:00;568.236877089;43576.6047241
24.04.2016 00:00;1375.13292758;70268.4461731
25.04.2016 00:00;8715.89496217;47652.7185684
26.04.2016 00:00;469.0191096;31370.6073393
27.04.2016 00:00;404.78970709;42239.4649288
28.04.2016 00:00;450.423776715;41745.00527
29.04.2016 00:00;457.120760289;21547.8448598
30.04.2016 00:00;591.295753495;19929.9649259
01.05.2016 00:00;4049.34223353;10013.4334836
02.05.2016 00:00;439.995975222;31157.3058346
03.05.2016 00:00;450.26936965;22480.2201234
04.05.2016 00:00;2868.69071699;19040.3305763
05.05.2016 00:00;448.745511545;18650.3444656
06.05.2016 00:00;5655.78455185;27443.3776389
07.05.2016 00:00;460.149290163;13109.716911
08.05.2016 00:00;458.652304431;11859.852755
09.05.2016 00:00;1916.11055558;23746.9505223
10.05.2016 00:00;450.851000062;28311.0810903
11.05.2016 00:00;453.646959626;22671.5369718
12.05.2016 00:00;2522.76065354;25904.7930511
13.05.2016 00:00;840.210994074;24690.9035863
14.05.2016 00:00;410.789576437;13995.418134
15.05.2016 00:00;450.627523252;12053.0407295
16.05.2016 00:00;3281.80612538;23905.0812427
17.05.2016 00:00;501.994833793;22191.4063439
18.05.2016 00:00;413.680483938;21990.9863217
19.05.2016 00:00;8699.30592645;37133.3769969
20.05.2016 00:00;531.018566736;26920.6856237
21.05.2016 00:00;442.074034909;14140.9950541
22.05.2016 00:00;440.356820512;19396.0924947
23.05.2016 00:00;443.240597788;26750.3384964
24.05.2016 00:00;419.520060592;23398.4929524
25.05.2016 00:00;450.379103629;23230.5757734
26.05.2016 00:00;433.758356509;23826.3644689
27.05.2016 00:00;436.695856586;57385.8806337
28.05.2016 00:00;43446.1094758;75016.8383386
29.05.2016 00:00;39797.9110258;57870.917476
30.05.2016 00:00;30675.9030241;37550.6267854
31.05.2016 00:00;524.203056581;54587.4314253
01.06.2016 00:00;26563.0151107;31319.2782419
02.06.2016 00:00;21522.4204033;26848.3134354
03.06.2016 00:00;511.724286176;48413.7891984
04.06.2016 00:00;768.416846479;38427.2870407
05.06.2016 00:00;44540.0733814;24699.7182002
06.06.2016 00:00;2636.10985969;30927.7373192
07.06.2016 00:00;3579.85265747;58269.7090972
08.06.2016 00:00;43471.6559727;27761.1069899
09.06.2016 00:00;30112.127368;18600.6714809
10.06.2016 00:00;8387.57018307;43041.3258359
11.06.2016 00:00;1786.38900171;53528.1928842
12.06.2016 00:00;45703.6258796;172123.619871
13.06.2016 00:00;11352.5412422;150030.782316
14.06.2016 00:00;6959.90083111;105486.12209
15.06.2016 00:00;1802.22993493;73686.5948652
16.06.2016 00:00;4318.67955224;161172.767457
17.06.2016 00:00;13972.7196856;137079.924165
18.06.2016 00:00;4156.44524347;94933.6504308
19.06.2016 00:00;3898.89151935;66596.4156546
20.06.2016 00:00;4251.31997073;82613.172262
21.06.2016 00:00;6389.21653929;204914.297537
22.06.2016 00:00;14975.3636522;159420.045026
23.06.2016 00:00;16179.7789888;195267.523495
24.06.2016 00:00;4173.36138142;163016.012507
25.06.2016 00:00;49567.9462954;97696.1874037
26.06.2016 00:00;5070.50887456;78486.8271109
27.06.2016 00:00;5147.63338409;77734.2622756
28.06.2016 00:00;8769.28631028;67467.1259038
29.06.2016 00:00;1096.62598649;77194.8526299
30.06.2016 00:00;2637.43883791;73351.1689363
01.07.2016 00:00;5461.12726981;70839.930225
02.07.2016 00:00;11024.3996956;65430.2708713
03.07.2016 00:00;6336.04048214;79799.3577588
04.07.2016 00:00;8663.23091591;63007.0625912
05.07.2016 00:00;6049.2129591;54983.7474324
06.07.2016 00:00;2395.0866666;49324.0524173
07.07.2016 00:00;28679.9773956;109144.860035
08.07.2016 00:00;4324.14606261;60966.9662958
09.07.2016 00:00;1949.38244789;70137.5323537
10.07.2016 00:00;18110.2732565;36279.1928205
11.07.2016 00:00;638.129322085;40882.896338
12.07.2016 00:00;4578.91832693;57829.0068836
13.07.2016 00:00;6100.10150184;61785.4048587
14.07.2016 00:00;848.338851214;42646.4016279
15.07.2016 00:00;9783.55488337;41447.7554505
16.07.2016 00:00;2523.93144482;28825.9375841
17.07.2016 00:00;5040.95793869;50972.2999249
18.07.2016 00:00;3222.87825402;56948.4866524
19.07.2016 00:00;4024.49655525;58145.3533916
20.07.2016 00:00;8024.88090399;125785.823482
21.07.2016 00:00;3242.3680432;101719.313816
22.07.2016 00:00;9214.50009198;141728.398526
23.07.2016 00:00;4349.37583744;94173.8214709
24.07.2016 00:00;6965.49319291;92104.8311187
25.07.2016 00:00;4025.49974402;99253.5471198
26.07.2016 00:00;1192.40018797;171339.569166
27.07.2016 00:00;3967.0165882;105823.673293
28.07.2016 00:00;2235.70493978;76007.6200301
29.07.2016 00:00;46962.0016876;82121.6159799
30.07.2016 00:00;4329.55754274;52682.7991694
31.07.2016 00:00;5185.47497043;187962.802358
01.08.2016 00:00;3415.61359314;224080.226224
02.08.2016 00:00;3491.79751966;304904.462997
03.08.2016 00:00;4821.49916466;316228.876492
04.08.2016 00:00;3551.32004565;221539.779034
05.08.2016 00:00;5562.06322177;106768.4079
06.08.2016 00:00;3045.20050712;115058.680664
07.08.2016 00:00;3687.64313351;153274.473971
08.08.2016 00:00;3392.34859877;105968.804778
09.08.2016 00:00;3782.55837937;123219.899075
10.08.2016 00:00;1824.40707442;131302.699982
11.08.2016 00:00;3435.23501793;99280.2967652
12.08.2016 00:00;4023.90888222;112791.337316
13.08.2016 00:00;3323.19410354;79980.4951351
14.08.2016 00:00;3076.89976705;128438.397564
15.08.2016 00:00;3278.36938646;91779.3057671
16.08.2016 00:00;2689.94896428;99276.6777223
17.08.2016 00:00;3398.52315141;81978.1154294
18.08.2016 00:00;2777.15513668;79704.0904101
19.08.2016 00:00;3161.84775203;69058.6378561
20.08.2016 00:00;854.824648403;75344.4474026
21.08.2016 00:00;7561.44367653;47604.2551354
22.08.2016 00:00;4235.97901388;71624.2597075
23.08.2016 00:00;1076.03902697;99748.8005278
24.08.2016 00:00;3748.86450369;82322.0622207
25.08.2016 00:00;3076.8922866;94170.3739762
26.08.2016 00:00;3363.2878074;79899.3091113
27.08.2016 00:00;25709.2860211;87540.4883542
28.08.2016 00:00;3802.50346013;70757.8067597
29.08.2016 00:00;1264.9910582;100301.711839
30.08.2016 00:00;2101.3769867;91859.6029856
31.08.2016 00:00;3201.85038469;78925.520608
01.09.2016 00:00;2361.5091533;85876.6431029
02.09.2016 00:00;2288.27593982;82306.7381804
03.09.2016 00:00;4005.57267625;186614.320702
04.09.2016 00:00;1290.23607353;149600.791397
05.09.2016 00:00;8842.26191648;152506.845645
06.09.2016 00:00;1982.48834721;165756.573994
07.09.2016 00:00;4086.34935482;242590.28972
08.09.2016 00:00;4054.5800748;226297.370933
09.09.2016 00:00;3764.71223662;184619.998454
10.09.2016 00:00;2343.68560158;206124.743284
11.09.2016 00:00;6057.40844576;521049.38489
12.09.2016 00:00;3902.85702698;355962.168406
13.09.2016 00:00;4386.28496525;289603.17021
14.09.2016 00:00;4471.55102484;306515.226324
15.09.2016 00:00;3491.62412891;260552.583379
16.09.2016 00:00;11240.6485717;267286.793629
17.09.2016 00:00;602.992392598;207825.616288
18.09.2016 00:00;4054.42267372;298427.14807
19.09.2016 00:00;4151.96886246;255846.701915
20.09.2016 00:00;4067.80556906;252046.160371
21.09.2016 00:00;3828.13624001;349601.101374
22.09.2016 00:00;3530.98743693;238858.355029
23.09.2016 00:00;3992.31948763;272422.354156
24.09.2016 00:00;3965.82871327;171952.863715
25.09.2016 00:00;3965.25960969;191047.438717
26.09.2016 00:00;606.706504898;336061.435443
27.09.2016 00:00;5183.01684717;271222.257391
28.09.2016 00:00;4018.27192667;239578.698027
29.09.2016 00:00;4020.03877242;223680.886771
30.09.2016 00:00;4019.28390327;282086.136438
01.10.2016 00:00;4086.95076277;210981.172032
02.10.2016 00:00;3759.33347243;144066.80041
03.10.2016 00:00;4072.7504482;161782.910603
04.10.2016 00:00;4075.48561132;185911.713996
05.10.2016 00:00;1778.20672527;195311.762249
06.10.2016 00:00;8589.1850635;186620.495867
07.10.2016 00:00;3831.577873;261801.147261
08.10.2016 00:00;2696.42946519;218098.24618
09.10.2016 00:00;4036.06656348;211721.922338
10.10.2016 00:00;4387.52752815;339996.487534
11.10.2016 00:00;4151.26690431;703731.500599
12.10.2016 00:00;4270.11087897;784415.074941
13.10.2016 00:00;4252.92785186;626080.160815
14.10.2016 00:00;4323.64785029;738450.842923
15.10.2016 00:00;17543.0972312;629051.617933
16.10.2016 00:00;4328.60456576;615130.534719
17.10.2016 00:00;5136.05576139;548136.167017
18.10.2016 00:00;4120.40807442;658528.721289
19.10.2016 00:00;3966.12321034;785133.647144
20.10.2016 00:00;4236.30863033;632676.574084
21.10.2016 00:00;4687.5214967;448777.830006
22.10.2016 00:00;4468.1118804;1204683.74861
23.10.2016 00:00;4355.85655473;1125118.95033
24.10.2016 00:00;3809.12208274;1012306.51813
25.10.2016 00:00;4479.89060421;1304506.49783
26.10.2016 00:00;4587.93919159;1596016.82709
27.10.2016 00:00;5136.53569193;1913694.46909
28.10.2016 00:00;4689.3942431;2526663.94156
29.10.2016 00:00;4941.88276982;3344995.03755
30.10.2016 00:00;4807.29461956;2641071.24501
31.10.2016 00:00;4808.21115068;3556069.43958
01.11.2016 00:00;5052.00163549;3229982.35068
02.11.2016 00:00;5113.76062718;868825.334042
03.11.2016 00:00;4647.29128622;4983651.06552
04.11.2016 00:00;4719.63671224;4211336.9709
05.11.2016 00:00;4740.44592603;1139237.83861
06.11.2016 00:00;4759.37110303;1110417.93275
07.11.2016 00:00;4724.36219944;1541681.43704
08.11.2016 00:00;4738.58447155;1718696.747
09.11.2016 00:00;4882.37861265;2113131.47549
10.11.2016 00:00;4820.952107;1678543.4185
11.11.2016 00:00;4911.97157569;1243897.43693
12.11.2016 00:00;4255.57388098;3287399.46683
13.11.2016 00:00;4777.49026254;1940418.43877
14.11.2016 00:00;3710.88411342;2302513.5219
15.11.2016 00:00;4977.98866294;2660690.13753
16.11.2016 00:00;5318.21199381;4202433.42174
17.11.2016 00:00;3848.56488776;2432450.11023
18.11.2016 00:00;5307.05663829;1660505.25428
19.11.2016 00:00;5286.83314832;1248114.05505
20.11.2016 00:00;5307.48552698;2280995.09205
21.11.2016 00:00;5083.22687428;1425287.89376
22.11.2016 00:00;5314.10288183;1379035.41317
23.11.2016 00:00;5104.26207279;1810715.57436
24.11.2016 00:00;6489.14231519;1959120.65916
25.11.2016 00:00;5173.84148271;1028825.95279
26.11.2016 00:00;5140.3629574;719735.865684
27.11.2016 00:00;5059.5888279;1262505.60204
28.11.2016 00:00;5166.19379041;1042901.65694
29.11.2016 00:00;4638.60543364;491009.906825
30.11.2016 00:00;4012.65068688;1376281.24877
01.12.2016 00:00;5580.52113385;1969857.22117
02.12.2016 00:00;3526.8286691;2094865.97198
03.12.2016 00:00;6549.77316971;1216759.29304
04.12.2016 00:00;5781.13814337;1537439.22268
05.12.2016 00:00;5410.0905367;1429912.63434
06.12.2016 00:00;5243.80451685;1505583.66393
07.12.2016 00:00;5482.90712494;1056104.07939
08.12.2016 00:00;13685.1901289;1110007.38133
09.12.2016 00:00;5365.57201054;1544756.54043
10.12.2016 00:00;5397.23855968;3943074.98961
11.12.2016 00:00;5998.57658196;2985451.30926
12.12.2016 00:00;6001.77054817;3343901.49078
13.12.2016 00:00;5416.54845795;1079670.89697
14.12.2016 00:00;5197.16615032;878928.700821
15.12.2016 00:00;5290.77825911;967388.612928
16.12.2016 00:00;4281.84645478;1221736.37044
17.12.2016 00:00;5521.9520505;1179371.57039
18.12.2016 00:00;5659.17342928;1010723.83781
19.12.2016 00:00;4250.47159414;750300.871225
20.12.2016 00:00;5468.39778001;1248709.18352
21.12.2016 00:00;6171.79974798;3678005.39863
22.12.2016 00:00;5950.58519343;4656515.47205
23.12.2016 00:00;6391.45654208;3218968.63494
24.12.2016 00:00;6489.20135353;2699910.24453
25.12.2016 00:00;6355.39100432;2308294.40211
26.12.2016 00:00;8480.90806848;2733363.0586
27.12.2016 00:00;6783.43614468;2592474.24708
28.12.2016 00:00;7508.51304675;2453248.00763
29.12.2016 00:00;7583.93835602;2033848.57942
30.12.2016 00:00;7412.09655648;2319731.95201
31.12.2016 00:00;6829.46562345;1683890.76243
01.01.2017 00:00;9494.03839513;1626933.62628
02.01.2017 00:00;7322.93040608;2146622.17386
03.01.2017 00:00;7239.67329712;2118600.89315
04.01.2017 00:00;8589.64120707;3771903.51463
05.01.2017 00:00;7363.11036712;6067949.71524
06.01.2017 00:00;6387.79865556;5884677.73823
07.01.2017 00:00;6304.41000762;3397189.83655
08.01.2017 00:00;6452.00194188;1802648.22609
09.01.2017 00:00;7040.08615436;1603234.99467
10.01.2017 00:00;5908.06808138;1393248.99717
11.01.2017 00:00;5106.91993626;2472517.17799
12.01.2017 00:00;5433.47362495;1899261.36251
13.01.2017 00:00;9963.26569424;888845.794636
14.01.2017 00:00;5511.24285888;605968.845688
15.01.2017 00:00;14120.5273251;525345.312644
16.01.2017 00:00;5494.74877918;522065.446691
17.01.2017 00:00;6014.90389232;695355.809635
18.01.2017 00:00;5518.16262302;525846.140142
19.01.2017 00:00;5858.82106852;380265.299458
20.01.2017 00:00;4068.87712334;249516.420426
21.01.2017 00:00;6287.39852313;295748.250142
22.01.2017 00:00;7212.49218136;387380.312299
23.01.2017 00:00;11298.8774831;203683.623699
24.01.2017 00:00;43491.5627322;111850.319965
25.01.2017 00:00;1904.04779255;36787.0910503
26.01.2017 00:00;3544.56535428;33719.6949144
27.01.2017 00:00;3176.32681357;29765.2974439
28.01.2017 00:00;2646.34640984;14639.7487928
29.01.2017 00:00;38716.7087488;13373.2637039
30.01.2017 00:00;37986.4556147;20369.7411117
31.01.2017 00:00;6965.57945683;48960.5120601
01.02.2017 00:00;78042.792088;49460.6887228
02.02.2017 00:00;69864.942018;45142.5292892
03.02.2017 00:00;39907.0018134;68556.8042776
04.02.2017 00:00;10151.1090365;40357.689916
05.02.2017 00:00;75116.0086174;35068.144288
06.02.2017 00:00;7236.80551517;38190.9934059
07.02.2017 00:00;24525.7561079;49326.6690699
08.02.2017 00:00;26529.4895935;71697.1448063
09.02.2017 00:00;6063.46511911;142598.997821
10.02.2017 00:00;1031.41026158;74840.2257885
11.02.2017 00:00;54976.8766388;36407.4382344
12.02.2017 00:00;92298.9971969;17407.4760295
13.02.2017 00:00;1278.71813;34969.1583548
14.02.2017 00:00;47411.2491625;43128.7984174
15.02.2017 00:00;10227.3268339;25466.8655489
16.02.2017 00:00;30047.3359952;38403.5151057
17.02.2017 00:00;74222.3708189;45745.2271784
18.02.2017 00:00;15974.1085492;28707.2416666
19.02.2017 00:00;67995.90866;19567.5309252
20.02.2017 00:00;72115.4554851;29618.2986876
21.02.2017 00:00;72492.0075389;60422.0732803
22.02.2017 00:00;91756.3247318;49414.5728548
23.02.2017 00:00;12986.156697;59589.1106465
24.02.2017 00:00;71281.7842397;106028.422017
25.02.2017 00:00;68382.2072038;47826.5236306
26.02.2017 00:00;73498.6118451;38354.3401908
27.02.2017 00:00;41706.3715114;44764.4386858
28.02.2017 00:00;27249.9403291;53708.639281
01.03.2017 00:00;36042.6961885;52719.0516965
02.03.2017 00:00;66610.6814824;67993.8198743
03.03.2017 00:00;35042.8770795;67538.3788196
04.03.2017 00:00;32659.4612002;48546.0577012
05.03.2017 00:00;104536.723913;31794.7609313
06.03.2017 00:00;23390.9316173;27699.3786713
07.03.2017 00:00;51677.5615421;75210.7779838
08.03.2017 00:00;89444.7437232;102045.989147
09.03.2017 00:00;3222.60534099;60412.4251995
10.03.2017 00:00;22000.0569076;148999.04699
11.03.2017 00:00;71969.9387057;57539.0766181
12.03.2017 00:00;36403.0540289;36784.2738682
13.03.2017 00:00;7212.26902617;51689.5367178
14.03.2017 00:00;3667.79086293;36362.5681095
15.03.2017 00:00;29708.0655077;33309.7806495
16.03.2017 00:00;75133.4008701;94549.7362533
17.03.2017 00:00;18093.2229566;126610.304325
18.03.2017 00:00;31880.1130323;149307.681971
19.03.2017 00:00;58283.5223417;90311.3411198
20.03.2017 00:00;12886.07035;52862.3683292
21.03.2017 00:00;25870.1190165;66923.510305
22.03.2017 00:00;11365.6977475;93715.8250071
23.03.2017 00:00;24900.4782478;50035.0888051
24.03.2017 00:00;21523.7077594;107893.178307
25.03.2017 00:00;65076.1268414;105457.331939
26.03.2017 00:00;52552.2689423;67746.0511346
27.03.2017 00:00;79456.1392178;65084.7133171
28.03.2017 00:00;94196.1669836;62673.4672407
29.03.2017 00:00;21423.7266221;59338.0513591
30.03.2017 00:00;6897.53855781;51870.1585221
31.03.2017 00:00;9474.85795995;65235.0332419
01.04.2017 00:00;18039.3609273;41997.1792706
02.04.2017 00:00;5810.99839902;41848.443046
03.04.2017 00:00;66183.0778417;57957.5582493
04.04.2017 00:00;20159.7793877;48913.9575813
05.04.2017 00:00;12456.1223273;40378.6758594
06.04.2017 00:00;7782.28912892;58085.874638
07.04.2017 00:00;34215.2485104;40797.285253
08.04.2017 00:00;46312.9079235;21251.1304291
09.04.2017 00:00;47484.3136605;31427.2564241
10.04.2017 00:00;26911.4517516;27176.4924801
11.04.2017 00:00;39608.6878696;28519.5182692
12.04.2017 00:00;120665.110058;28114.1885055
13.04.2017 00:00;76403.2032017;52376.6679064
14.04.2017 00:00;65896.8841893;37240.2160928
15.04.2017 00:00;47284.2723476;20615.0317615
16.04.2017 00:00;5353.66088563;14851.2146704
17.04.2017 00:00;68268.0974372;29100.8218513
18.04.2017 00:00;94858.374225;28927.7871028
19.04.2017 00:00;16775.809362;33088.8113091
20.04.2017 00:00;7451.51545438;46074.9563725
21.04.2017 00:00;53243.0354286;41990.4201999
22.04.2017 00:00;19348.5269767;36569.3026403
23.04.2017 00:00;23171.8642357;35298.6026497
24.04.2017 00:00;24627.4730094;28663.7112333
25.04.2017 00:00;36793.8639596;40194.3312749
26.04.2017 00:00;9585.05168726;53647.4393624
27.04.2017 00:00;6929.24637822;59387.7072491
28.04.2017 00:00;2497.7821298;65667.731533
29.04.2017 00:00;6690.13032819;36734.5315884
30.04.2017 00:00;12943.2169187;37327.7096146
01.05.2017 00:00;29975.3598979;83415.5055188
02.05.2017 00:00;8350.09350649;77384.4441944
03.05.2017 00:00;26983.6925745;80099.9314364
04.05.2017 00:00;81256.7386308;135332.720626
05.05.2017 00:00;36186.6965901;116407.602989
06.05.2017 00:00;18394.3947038;48722.8886892
07.05.2017 00:00;22860.8612913;56625.2880984
08.05.2017 00:00;15599.1452038;100933.963871
09.05.2017 00:00;9738.39865356;124626.230923
10.05.2017 00:00;16387.5326419;91589.3842134
11.05.2017 00:00;85023.4715741;94070.6056385
12.05.2017 00:00;162719.010912;101571.337081
13.05.2017 00:00;127346.525533;84259.1265422
14.05.2017 00:00;79912.3682402;42424.5587484
15.05.2017 00:00;19149.4338424;79631.9469338
16.05.2017 00:00;35837.2002149;77069.3652856
17.05.2017 00:00;5276.08762834;91941.9609685
18.05.2017 00:00;67744.5387808;73275.1941155
19.05.2017 00:00;68142.2147474;85402.6898443
20.05.2017 00:00;42589.9199901;76022.384086
21.05.2017 00:00;6842.05795768;75090.4326509
22.05.2017 00:00;6324.33244819;138757.896971
23.05.2017 00:00;183622.21681;100867.383063
24.05.2017 00:00;46004.7929737;131029.43669
25.05.2017 00:00;44602.4775561;213169.537615
26.05.2017 00:00;31436.9942228;187526.556214
27.05.2017 00:00;57673.140513;189456.96755
28.05.2017 00:00;79549.3187955;109879.213076
29.05.2017 00:00;55586.7866241;84902.7482182
30.05.2017 00:00;56521.1318744;97691.4022299
