Time;Relative spread from Roll
02.01.2012 13:30;0.0
03.01.2012 13:30;0.00660880595594
04.01.2012 13:30;0.00555116794352
05.01.2012 13:30;0.0114506259499
06.01.2012 13:30;0.00874822853908
09.01.2012 13:30;0.00147235551532
10.01.2012 13:30;0.0
11.01.2012 13:30;0.0
12.01.2012 13:30;0.00677898422032
13.01.2012 13:30;0.00547640228454
16.01.2012 13:30;0.0
17.01.2012 13:30;0.0045262166641
18.01.2012 13:30;0.00106426831329
19.01.2012 13:30;0.0
20.01.2012 13:30;0.0
23.01.2012 13:30;0.0
24.01.2012 13:30;0.0
25.01.2012 13:30;0.00295642504845
26.01.2012 13:30;0.0112661405516
27.01.2012 13:30;0.0
30.01.2012 13:30;0.0
31.01.2012 13:30;0.0122669224807
01.02.2012 13:30;0.0126541458852
02.02.2012 13:30;0.0118068640626
03.02.2012 13:30;0.0
06.02.2012 13:30;0.0
07.02.2012 13:30;0.00128211875898
08.02.2012 13:30;0.00323895351503
09.02.2012 13:30;0.000756038815898
10.02.2012 13:30;0.00274292177133
13.02.2012 13:30;-0.0
14.02.2012 13:30;0.0258377463995
15.02.2012 13:30;0.00239654895696
16.02.2012 13:30;0.0
17.02.2012 13:30;0.0
20.02.2012 13:30;0.0
21.02.2012 13:30;0.0
22.02.2012 13:30;0.00795730320361
23.02.2012 13:30;0.0128407552461
24.02.2012 13:30;0.0
27.02.2012 13:30;0.0
28.02.2012 13:30;0.0
29.02.2012 13:30;0.0161205920455
01.03.2012 13:30;0.0
02.03.2012 13:30;0.0
05.03.2012 13:30;0.000303386333556
06.03.2012 13:30;0.00634065736968
07.03.2012 13:30;0.0
08.03.2012 13:30;0.0
09.03.2012 13:30;0.0
12.03.2012 13:30;0.0147507473159
13.03.2012 13:30;0.016221702967
14.03.2012 13:30;0.00906180462804
15.03.2012 13:30;0.0
16.03.2012 13:30;0.00397783723535
19.03.2012 13:30;0.0030867177846
20.03.2012 13:30;0.000278167248218
21.03.2012 13:30;0.000562988777346
22.03.2012 13:30;0.0
23.03.2012 13:30;0.00380000997382
26.03.2012 13:30;-0.0
27.03.2012 13:30;0.00717579702957
28.03.2012 13:30;0.000212135300559
29.03.2012 13:30;0.0097024320577
30.03.2012 13:30;0.000921743639275
02.04.2012 13:30;0.0252707547175
03.04.2012 13:30;0.0
04.04.2012 13:30;0.00425325108767
05.04.2012 13:30;0.00358588214989
06.04.2012 13:30;0.0
09.04.2012 13:30;0.00140626112672
10.04.2012 13:30;0.00545041274452
11.04.2012 13:30;0.00371813048424
12.04.2012 13:30;0.00437461575048
13.04.2012 13:30;0.000540081899324
16.04.2012 13:30;0.00467931554749
17.04.2012 13:30;0.0
18.04.2012 13:30;0.00287782338847
19.04.2012 13:30;0.00120858184754
20.04.2012 13:30;0.00174474874648
23.04.2012 13:30;0.00206593324843
24.04.2012 13:30;0.00251765962363
25.04.2012 13:30;0.000387383406639
26.04.2012 13:30;0.002597447231
27.04.2012 13:30;0.000111103708698
30.04.2012 13:30;0.00167642030881
01.05.2012 13:30;9.921589726e-05
02.05.2012 13:30;0.0
03.05.2012 13:30;0.00278266535984
04.05.2012 13:30;0.00310639396174
07.05.2012 13:30;0.00374061697451
08.05.2012 13:30;0.00302396444021
09.05.2012 13:30;0.000189286325576
10.05.2012 13:30;0.00468667839594
11.05.2012 13:30;0.00280682841991
14.05.2012 13:30;0.0
15.05.2012 13:30;0.00190555961474
16.05.2012 13:30;0.00187385632887
17.05.2012 13:30;0.00120240629163
18.05.2012 13:30;-0.0
21.05.2012 13:30;0.000728450597973
22.05.2012 13:30;0.0
23.05.2012 13:30;0.0024443724726
24.05.2012 13:30;9.37070131576e-05
25.05.2012 13:30;0.0
28.05.2012 13:30;0.0
29.05.2012 13:30;0.0
30.05.2012 13:30;0.0
31.05.2012 13:30;0.00326644271432
01.06.2012 13:30;0.00112671858906
04.06.2012 13:30;0.00101289639359
05.06.2012 13:30;0.00262098280685
06.06.2012 13:30;0.00202940756878
07.06.2012 13:30;0.00197980490425
08.06.2012 13:30;0.00107961993215
11.06.2012 13:30;0.0
12.06.2012 13:30;0.00643825383785
13.06.2012 13:30;0.00294457865641
14.06.2012 13:30;0.000479656815094
15.06.2012 13:30;0.0
18.06.2012 13:30;0.0
19.06.2012 13:30;0.00147287381889
20.06.2012 13:30;0.00458009197571
21.06.2012 13:30;0.0
22.06.2012 13:30;0.00380333352104
25.06.2012 13:30;0.00167148742775
26.06.2012 13:30;0.00363033771915
27.06.2012 13:30;0.00197073105778
28.06.2012 13:30;0.00360885037661
29.06.2012 13:30;0.00206493702118
02.07.2012 13:30;0.00158714188358
03.07.2012 13:30;0.000818370155093
04.07.2012 13:30;0.0
05.07.2012 13:30;0.00395240683823
06.07.2012 13:30;0.00195807022218
09.07.2012 13:30;0.00405023377367
10.07.2012 13:30;0.00377842898096
11.07.2012 13:30;0.00264431079259
12.07.2012 13:30;0.000391532856283
13.07.2012 13:30;0.00100675848258
16.07.2012 13:30;0.00618916436082
17.07.2012 13:30;0.0026598064416
18.07.2012 13:30;0.00646769678743
19.07.2012 13:30;0.0044841123985
20.07.2012 13:30;0.0
23.07.2012 13:30;0.00694003515592
24.07.2012 13:30;0.00129321722691
25.07.2012 13:30;0.0
26.07.2012 13:30;0.00135763401495
27.07.2012 13:30;0.00332209674622
30.07.2012 13:30;0.00304588201612
31.07.2012 13:30;0.00415169779892
01.08.2012 13:30;0.00267775080312
02.08.2012 13:30;0.00232822798279
03.08.2012 13:30;0.0158835894729
06.08.2012 13:30;0.00497990665457
07.08.2012 13:30;0.00343059898603
08.08.2012 13:30;0.00167167238996
09.08.2012 13:30;0.00507604859807
10.08.2012 13:30;0.00183796268083
13.08.2012 13:30;0.00493145994948
14.08.2012 13:30;0.00297733109609
15.08.2012 13:30;0.00330645277391
16.08.2012 13:30;0.0051981798823
17.08.2012 13:30;0.0114109025237
20.08.2012 13:30;0.00903519475677
21.08.2012 13:30;0.00906865617229
22.08.2012 13:30;0.0103640932543
23.08.2012 13:30;0.00212102983459
24.08.2012 13:30;0.0036458744605
27.08.2012 13:30;0.00638721333667
28.08.2012 13:30;0.00721111553681
29.08.2012 13:30;0.00226425005867
30.08.2012 13:30;0.000968185845555
31.08.2012 13:30;0.00216058189434
03.09.2012 13:30;0.00294627501587
04.09.2012 13:30;0.00219023711823
05.09.2012 13:30;0.0043244738146
06.09.2012 13:30;0.00167640322866
07.09.2012 13:30;0.00248409273759
10.09.2012 13:30;0.000226265689377
11.09.2012 13:30;0.00199051163293
12.09.2012 13:30;0.000720176191089
13.09.2012 13:30;0.000726909431152
14.09.2012 13:30;0.00260401372386
17.09.2012 13:30;0.000878284839213
18.09.2012 13:30;0.00167314187782
19.09.2012 13:30;0.00594697740141
20.09.2012 13:30;0.000905807257689
21.09.2012 13:30;0.00212706093312
24.09.2012 13:30;0.00138168069508
25.09.2012 13:30;0.00259707400929
26.09.2012 13:30;0.00649527923147
27.09.2012 13:30;0.00299235025539
28.09.2012 13:30;0.0
01.10.2012 13:30;0.00348989949122
02.10.2012 13:30;0.00776018857176
03.10.2012 13:30;0.0113591470245
04.10.2012 13:30;0.00281039879165
05.10.2012 13:30;0.00113548888698
08.10.2012 13:30;0.00272884356328
09.10.2012 13:30;0.00133396789048
10.10.2012 13:30;0.00193461997014
11.10.2012 13:30;0.00292430599791
12.10.2012 13:30;0.00333364189464
15.10.2012 13:30;0.0037464956379
16.10.2012 13:30;0.0011254828171
17.10.2012 13:30;0.00448608414896
18.10.2012 13:30;0.00253750166236
19.10.2012 13:30;0.0061128932629
22.10.2012 13:30;0.00219136869512
23.10.2012 13:30;0.00384905803316
24.10.2012 13:30;0.00207580249209
25.10.2012 13:30;0.00780011024943
26.10.2012 13:30;0.0286894069838
29.10.2012 13:30;0.0125288834163
30.10.2012 13:30;0.00718072025289
31.10.2012 13:30;0.00376947687545
01.11.2012 13:30;0.00382307345323
02.11.2012 13:30;0.0181860601015
05.11.2012 13:30;0.00805770663205
06.11.2012 13:30;0.00550708557355
07.11.2012 13:30;0.00308942581238
08.11.2012 13:30;0.00314042877369
09.11.2012 13:30;0.00456344317479
12.11.2012 13:30;0.00339710900566
13.11.2012 13:30;0.00645002910828
14.11.2012 13:30;0.00217727591688
15.11.2012 13:30;0.00678004175202
16.11.2012 13:30;0.00566775742234
19.11.2012 13:30;0.000874867930789
20.11.2012 13:30;0.0
21.11.2012 13:30;0.000839702813665
22.11.2012 13:30;0.0034566356673
23.11.2012 13:30;0.0014040596205
26.11.2012 13:30;0.00149478085789
27.11.2012 13:30;0.00252679375062
28.11.2012 13:30;0.0027363322172
29.11.2012 13:30;0.00282642408029
30.11.2012 13:30;0.00150638676629
03.12.2012 13:30;0.00278879598581
04.12.2012 13:30;0.00245836856561
05.12.2012 13:30;0.0036808273413
06.12.2012 13:30;0.00554830829484
07.12.2012 13:30;0.00282076860078
10.12.2012 13:30;0.00458812803369
11.12.2012 13:30;0.00160072507665
12.12.2012 13:30;0.000834175299837
13.12.2012 13:30;0.000910293673987
14.12.2012 13:30;0.00216793938638
17.12.2012 13:30;0.00148108987304
18.12.2012 13:30;0.0
19.12.2012 13:30;0.00436391692543
20.12.2012 13:30;0.00167401439428
21.12.2012 13:30;0.0016161261461
24.12.2012 13:30;0.00187195470626
25.12.2012 13:30;0.000905334022079
26.12.2012 13:30;0.000766705393391
27.12.2012 13:30;0.000956841807363
28.12.2012 13:30;0.00241992026751
31.12.2012 13:30;0.00118775183809
01.01.2013 13:30;0.0
02.01.2013 13:30;0.0
03.01.2013 13:30;0.000858708156223
04.01.2013 13:30;0.000791879157706
07.01.2013 13:30;0.001166069594
08.01.2013 13:30;0.00330470373905
09.01.2013 13:30;0.0
10.01.2013 13:30;0.00444920889871
11.01.2013 13:30;0.000742737711488
14.01.2013 13:30;0.000875779267934
15.01.2013 13:30;0.00596857417543
16.01.2013 13:30;0.00212387899337
17.01.2013 13:30;0.00349971990523
18.01.2013 13:30;0.00411964829401
21.01.2013 13:30;0.0118735264238
22.01.2013 13:30;0.00741012684818
23.01.2013 13:30;0.0095785443748
24.01.2013 13:30;0.0161801154643
25.01.2013 13:30;0.00982142919159
28.01.2013 13:30;0.00574382226214
29.01.2013 13:30;0.00946919494612
30.01.2013 13:30;0.004771775152
31.01.2013 13:30;0.00538993402211
01.02.2013 13:30;0.00719380031942
04.02.2013 13:30;0.00397853678827
05.02.2013 13:30;0.0058766675418
06.02.2013 13:30;0.00351200283351
07.02.2013 13:30;0.00524281560303
08.02.2013 13:30;0.00446120595862
11.02.2013 13:30;0.00223097902526
12.02.2013 13:30;0.00785793206633
13.02.2013 13:30;0.00279770656587
14.02.2013 13:30;0.0
15.02.2013 13:30;0.0106590317824
18.02.2013 13:30;0.00715538979014
19.02.2013 13:30;0.00311282529738
20.02.2013 13:30;0.00696512032569
21.02.2013 13:30;0.00580047856197
22.02.2013 13:30;0.0137283729394
25.02.2013 13:30;0.00649364915774
26.02.2013 13:30;0.0176802024056
27.02.2013 13:30;0.0154615682648
28.02.2013 13:30;0.0209250163078
01.03.2013 13:30;0.00871950603403
04.03.2013 13:30;0.0337586054147
05.03.2013 13:30;0.0195874999405
06.03.2013 13:30;0.0447843122259
07.03.2013 13:30;0.0276172515837
08.03.2013 13:30;0.0201906745861
11.03.2013 13:30;0.0345730170044
12.03.2013 13:30;0.0162306058148
13.03.2013 13:30;0.0418002409499
14.03.2013 13:30;0.0455454930671
15.03.2013 13:30;0.0191326774706
18.03.2013 13:30;0.018449268678
19.03.2013 13:30;0.0587536462635
20.03.2013 13:30;0.0536363973068
21.03.2013 13:30;0.0866037769956
22.03.2013 13:30;0.0264793761333
25.03.2013 13:30;0.0302287341113
26.03.2013 13:30;0.050309143082
27.03.2013 13:30;0.0338633864664
28.03.2013 13:30;0.0231375733427
29.03.2013 13:30;0.0170391465644
01.04.2013 13:30;0.04801659787
02.04.2013 13:30;0.0433169742431
03.04.2013 13:30;0.0275309366771
04.04.2013 13:30;0.0431169134688
05.04.2013 13:30;0.0566751385776
08.04.2013 13:30;0.0650951769894
09.04.2013 13:30;0.0340049055948
10.04.2013 13:30;0.0387118333018
11.04.2013 13:30;0.0281385057145
12.04.2013 13:30;0.0629903981502
15.04.2013 13:30;0.0207667017578
16.04.2013 13:30;0.0242723182038
17.04.2013 13:30;0.0243809874823
18.04.2013 13:30;0.0396364356029
19.04.2013 13:30;0.0407705236743
22.04.2013 13:30;0.0431688089903
23.04.2013 13:30;0.0621502998967
24.04.2013 13:30;0.0245375420929
25.04.2013 13:30;0.0338363092577
26.04.2013 13:30;0.0230758344482
29.04.2013 13:30;0.0368433733983
30.04.2013 13:30;0.0318007625016
01.05.2013 13:30;0.00521602823261
02.05.2013 13:30;0.00540445313297
03.05.2013 13:30;0.0
06.05.2013 13:30;0.012251647317
07.05.2013 13:30;0.00376122983569
08.05.2013 13:30;0.0239181921064
09.05.2013 13:30;0.0202757456463
10.05.2013 13:30;0.0210427052096
13.05.2013 13:30;0.0184565837167
14.05.2013 13:30;0.0203881345863
15.05.2013 13:30;0.0240431807465
16.05.2013 13:30;0.021699535451
17.05.2013 13:30;0.0222011451569
20.05.2013 13:30;0.0251706419581
21.05.2013 13:30;0.0149374588452
22.05.2013 13:30;0.0116120874293
23.05.2013 13:30;0.00450322964925
24.05.2013 13:30;0.00324551879569
27.05.2013 13:30;0.00335830395727
28.05.2013 13:30;0.00559999498138
29.05.2013 13:30;0.0075763399891
30.05.2013 13:30;0.00654381216341
31.05.2013 13:30;0.0055757391565
03.06.2013 13:30;0.0119571209841
04.06.2013 13:30;0.00428826388687
05.06.2013 13:30;0.00678648028646
06.06.2013 13:30;0.00297063384202
07.06.2013 13:30;0.00400716989636
10.06.2013 13:30;0.00580652340211
11.06.2013 13:30;0.00592659301524
12.06.2013 13:30;0.00644180298382
13.06.2013 13:30;0.0102738730171
14.06.2013 13:30;0.00955604272427
17.06.2013 13:30;0.00402400484386
18.06.2013 13:30;0.0050811804524
19.06.2013 13:30;0.00604882711823
20.06.2013 13:30;0.00550723443975
21.06.2013 13:30;0.0187098057298
24.06.2013 13:30;0.0115017071341
25.06.2013 13:30;0.00926361437555
26.06.2013 13:30;0.00314145175366
27.06.2013 13:30;0.00653635244995
28.06.2013 13:30;0.0107732895586
01.07.2013 13:30;0.008315606889
02.07.2013 13:30;0.0294334007682
03.07.2013 13:30;0.0259483192121
04.07.2013 13:30;0.0109654518046
05.07.2013 13:30;0.00985336707366
08.07.2013 13:30;0.00793506772317
09.07.2013 13:30;0.0239699465172
10.07.2013 13:30;0.0335563581211
11.07.2013 13:30;0.0394152457325
12.07.2013 13:30;0.0214977585229
15.07.2013 13:30;0.0234030812171
16.07.2013 13:30;0.0249404035076
17.07.2013 13:30;0.0107524374213
18.07.2013 13:30;0.0134970096904
19.07.2013 13:30;0.0110179636908
22.07.2013 13:30;0.0141091249941
23.07.2013 13:30;0.00803972125537
24.07.2013 13:30;0.00566839434131
25.07.2013 13:30;0.0146776152929
26.07.2013 13:30;0.011174993128
29.07.2013 13:30;0.0160816936486
30.07.2013 13:30;0.0147757684698
31.07.2013 13:30;0.00875658120015
01.08.2013 13:30;0.0133846548506
02.08.2013 13:30;0.0145966655188
05.08.2013 13:30;0.0142793827984
06.08.2013 13:30;0.0117352868374
07.08.2013 13:30;0.00480450677572
08.08.2013 13:30;0.0102574119165
09.08.2013 13:30;0.0118750941414
12.08.2013 13:30;0.00297117883895
13.08.2013 13:30;0.0151219884643
14.08.2013 13:30;0.0108749953825
15.08.2013 13:30;0.0146411462841
16.08.2013 13:30;0.0148563848194
19.08.2013 13:30;0.0199315965665
20.08.2013 13:30;0.0131270708069
21.08.2013 13:30;0.0186610871246
22.08.2013 13:30;0.0190610811408
23.08.2013 13:30;0.0246076547614
26.08.2013 13:30;0.025942253924
27.08.2013 13:30;0.0169819433711
28.08.2013 13:30;0.0214563373815
29.08.2013 13:30;0.0175514072117
30.08.2013 13:30;0.0192153699998
02.09.2013 13:30;0.0348430317871
03.09.2013 13:30;0.0246502511214
04.09.2013 13:30;0.034357127994
05.09.2013 13:30;0.0341728773623
06.09.2013 13:30;0.025719507543
09.09.2013 13:30;0.0123498455962
10.09.2013 13:30;0.0144063998382
11.09.2013 13:30;0.0111181320417
12.09.2013 13:30;0.0154732202183
13.09.2013 13:30;0.0179534262793
16.09.2013 13:30;0.00991343098284
17.09.2013 13:30;0.0127650703624
18.09.2013 13:30;0.0114116511024
19.09.2013 13:30;0.0079263306662
20.09.2013 13:30;0.0145674594322
23.09.2013 13:30;0.0115327347201
24.09.2013 13:30;0.0106237849246
25.09.2013 13:30;0.00753774300138
26.09.2013 13:30;0.0126459584075
27.09.2013 13:30;0.0157160081261
30.09.2013 13:30;0.01986445834
01.10.2013 13:30;0.0149083573205
02.10.2013 13:30;0.0273555024045
03.10.2013 13:30;0.0126061181328
04.10.2013 13:30;0.0164555612287
07.10.2013 13:30;0.0095261624307
08.10.2013 13:30;0.00870638302222
09.10.2013 13:30;0.0161180880052
10.10.2013 13:30;0.0111146474408
11.10.2013 13:30;0.0137249789997
14.10.2013 13:30;0.0220516110282
15.10.2013 13:30;0.01556970595
16.10.2013 13:30;0.0186080434472
17.10.2013 13:30;0.0117649494324
18.10.2013 13:30;0.0245674690389
21.10.2013 13:30;0.0331441884649
22.10.2013 13:30;0.0330933634278
23.10.2013 13:30;0.0141578149387
24.10.2013 13:30;0.0301468235574
25.10.2013 13:30;0.0388415427025
28.10.2013 13:30;0.0237677562784
29.10.2013 13:30;0.0207718123359
30.10.2013 13:30;0.0178330536451
31.10.2013 13:30;0.0166048265052
01.11.2013 13:30;0.0140910057445
04.11.2013 13:30;0.013948041723
05.11.2013 13:30;0.013407653291
06.11.2013 13:30;0.019104417608
07.11.2013 13:30;0.0208428969521
08.11.2013 13:30;0.035418642279
11.11.2013 13:30;0.0336556175931
12.11.2013 13:30;0.0276886302248
13.11.2013 13:30;0.0107940720793
14.11.2013 13:30;0.0146685686929
15.11.2013 13:30;0.0138424351678
18.11.2013 13:30;0.0197883403136
19.11.2013 13:30;0.0137169503608
20.11.2013 13:30;0.0510222568134
21.11.2013 13:30;0.0510819166237
22.11.2013 13:30;0.0481514815272
25.11.2013 13:30;0.0498872806948
26.11.2013 13:30;0.0192084767416
27.11.2013 13:30;0.0165971378873
28.11.2013 13:30;0.0373328576013
29.11.2013 13:30;0.0435818691749
02.12.2013 13:30;0.0403735674129
03.12.2013 13:30;0.0347895345823
04.12.2013 13:30;0.033149616464
05.12.2013 13:30;0.0185409013941
06.12.2013 13:30;0.00559094763924
09.12.2013 13:30;0.00797103178826
10.12.2013 13:30;0.0125263483264
11.12.2013 13:30;0.0116332859487
12.12.2013 13:30;0.00551068780405
13.12.2013 13:30;0.00854102599239
16.12.2013 13:30;0.00703588706932
17.12.2013 13:30;0.01057225224
18.12.2013 13:30;0.00751676302199
19.12.2013 13:30;0.00998385708588
20.12.2013 13:30;0.0129509759105
23.12.2013 13:30;0.00778965829998
24.12.2013 13:30;0.00494845053171
25.12.2013 13:30;0.0052260723326
26.12.2013 13:30;0.00533131939742
27.12.2013 13:30;0.00821040801942
30.12.2013 13:30;0.00403525113053
31.12.2013 13:30;0.00431024902004
01.01.2014 13:30;0.00739234752277
02.01.2014 13:30;0.00378250920471
03.01.2014 13:30;0.00530122669256
06.01.2014 13:30;0.00312635707348
07.01.2014 13:30;0.00778963259879
08.01.2014 13:30;0.0053694084004
09.01.2014 13:30;0.00221336250712
10.01.2014 13:30;0.00437809008734
13.01.2014 13:30;0.00484208445468
14.01.2014 13:30;0.00262934112284
15.01.2014 13:30;0.00326301910692
16.01.2014 13:30;0.00363550068936
17.01.2014 13:30;0.00588330666777
20.01.2014 13:30;0.00357270927982
21.01.2014 13:30;0.00579352248619
22.01.2014 13:30;0.00970507830887
23.01.2014 13:30;0.00271335189672
24.01.2014 13:30;0.00819680558315
27.01.2014 13:30;0.00401991876553
28.01.2014 13:30;0.00856073137005
29.01.2014 13:30;0.00858988754764
30.01.2014 13:30;0.00557174140042
31.01.2014 13:30;0.00620822404722
03.02.2014 13:30;0.0101124969891
04.02.2014 13:30;0.00281058617771
05.02.2014 13:30;0.00689224315841
06.02.2014 13:30;0.00625393876217
07.02.2014 13:30;0.0047982073488
10.02.2014 13:30;0.00939816317932
11.02.2014 13:30;0.00505613685872
12.02.2014 13:30;0.0123380203382
13.02.2014 13:30;0.0201418620689
14.02.2014 13:30;0.0241016337366
17.02.2014 13:30;0.0156563751786
18.02.2014 13:30;0.0147159099835
19.02.2014 13:30;0.0201797710622
20.02.2014 13:30;0.0199505240657
21.02.2014 13:30;0.0184459386363
24.02.2014 13:30;0.0146543609694
25.02.2014 13:30;0.00543375621807
26.02.2014 13:30;0.0190550841751
27.02.2014 13:30;0.0301313870337
28.02.2014 13:30;0.0290243789739
03.03.2014 13:30;0.0142998793835
04.03.2014 13:30;0.00638223978803
05.03.2014 13:30;0.0203961759263
06.03.2014 13:30;0.0185357795099
07.03.2014 13:30;0.00942934225909
10.03.2014 13:30;0.00489844088033
11.03.2014 13:30;0.00371517481286
12.03.2014 13:30;0.013387562492
13.03.2014 13:30;0.016997430278
14.03.2014 13:30;0.0136748404737
17.03.2014 13:30;0.0104743573014
18.03.2014 13:30;0.0065706919052
19.03.2014 13:30;0.00314656279748
20.03.2014 13:30;0.0040148588223
21.03.2014 13:30;0.0046251766402
24.03.2014 13:30;0.00402426293798
25.03.2014 13:30;0.00348694433001
26.03.2014 13:30;0.00290909139142
27.03.2014 13:30;0.00392181778656
28.03.2014 13:30;0.00564523099724
31.03.2014 13:30;0.00471935840695
01.04.2014 13:30;0.00896628834304
02.04.2014 13:30;0.00474254533461
03.04.2014 13:30;0.00566629990301
04.04.2014 13:30;0.0140699338903
07.04.2014 13:30;0.00895795290838
08.04.2014 13:30;0.0120425837943
09.04.2014 13:30;0.00682002495132
10.04.2014 13:30;0.00829253680706
11.04.2014 13:30;0.00525456326101
14.04.2014 13:30;0.007676778272
15.04.2014 13:30;0.00416739513481
16.04.2014 13:30;0.0118166785226
17.04.2014 13:30;0.0176796124351
18.04.2014 13:30;0.0253681842737
21.04.2014 13:30;0.0162583668603
22.04.2014 13:30;0.0172683537109
23.04.2014 13:30;0.0168445280887
24.04.2014 13:30;0.0145992372598
25.04.2014 13:30;0.0149038065345
28.04.2014 13:30;0.0184776947277
29.04.2014 13:30;0.0175233135024
30.04.2014 13:30;0.0159265029942
01.05.2014 13:30;0.0164938132125
02.05.2014 13:30;0.0222981904632
05.05.2014 13:30;0.00969402066474
06.05.2014 13:30;0.01424410743
07.05.2014 13:30;0.0238532560783
08.05.2014 13:30;0.0249567130147
09.05.2014 13:30;0.0199398699598
12.05.2014 13:30;0.011060569435
13.05.2014 13:30;0.00989475791977
14.05.2014 13:30;0.0147850745627
15.05.2014 13:30;0.0154254843888
16.05.2014 13:30;0.0174155706542
19.05.2014 13:30;0.0116637642837
20.05.2014 13:30;0.015921599905
21.05.2014 13:30;0.0192468251509
22.05.2014 13:30;0.0143610590748
23.05.2014 13:30;0.0123338936111
26.05.2014 13:30;0.0125489759683
27.05.2014 13:30;0.0121188129694
28.05.2014 13:30;0.0242516218214
29.05.2014 13:30;0.0198177658423
30.05.2014 13:30;0.0138308649361
02.06.2014 13:30;0.0122842086555
03.06.2014 13:30;0.0168821235495
04.06.2014 13:30;0.0136941202675
05.06.2014 13:30;0.0155918045496
06.06.2014 13:30;0.0158150566698
09.06.2014 13:30;0.0143348119995
10.06.2014 13:30;0.00743936428565
11.06.2014 13:30;0.00539252297787
12.06.2014 13:30;0.00336103559335
13.06.2014 13:30;0.00777952894372
16.06.2014 13:30;0.00464747107202
17.06.2014 13:30;0.0042939579843
18.06.2014 13:30;0.0062922686025
19.06.2014 13:30;0.00275115020624
20.06.2014 13:30;0.00785503629514
23.06.2014 13:30;0.00535830657134
24.06.2014 13:30;0.00394810232497
25.06.2014 13:30;0.00552211587655
26.06.2014 13:30;0.00687644265379
27.06.2014 13:30;0.00477003021048
30.06.2014 13:30;0.00461299273677
01.07.2014 13:30;0.00682757657559
02.07.2014 13:30;0.0108529813221
03.07.2014 13:30;0.010691333286
04.07.2014 13:30;0.0065242614102
07.07.2014 13:30;0.00496917285368
08.07.2014 13:30;0.00877318250926
09.07.2014 13:30;0.00884015438459
10.07.2014 13:30;0.00634977968118
11.07.2014 13:30;0.011477515258
14.07.2014 13:30;0.00680436485537
15.07.2014 13:30;0.00815954611665
16.07.2014 13:30;0.00694868829232
17.07.2014 13:30;0.00746414446203
18.07.2014 13:30;0.0129428453197
21.07.2014 13:30;0.00769761617343
22.07.2014 13:30;0.00960630232482
23.07.2014 13:30;0.00917838755393
24.07.2014 13:30;0.014849423228
25.07.2014 13:30;0.0094549013827
28.07.2014 13:30;0.0132097948211
29.07.2014 13:30;0.00995638292768
30.07.2014 13:30;0.00862074307027
31.07.2014 13:30;0.00705302099661
01.08.2014 13:30;0.0100627405388
04.08.2014 13:30;0.00856147851687
05.08.2014 13:30;0.00327714440669
06.08.2014 13:30;0.00377687193043
07.08.2014 13:30;0.00302922353685
08.08.2014 13:30;0.00345191919225
11.08.2014 13:30;0.00183846360613
12.08.2014 13:30;0.000953910645009
13.08.2014 13:30;0.00881488530013
14.08.2014 13:30;0.00470753506965
15.08.2014 13:30;0.0083704508711
18.08.2014 13:30;0.00398360836025
19.08.2014 13:30;0.0161582658527
20.08.2014 13:30;0.00735525359766
21.08.2014 13:30;0.0111913532708
22.08.2014 13:30;0.00924376755272
25.08.2014 13:30;0.00701575397235
26.08.2014 13:30;0.00543606299529
27.08.2014 13:30;0.0075638274983
28.08.2014 13:30;0.00816091233393
29.08.2014 13:30;0.00963820527639
01.09.2014 13:30;0.00572371540525
02.09.2014 13:30;0.00554594129505
03.09.2014 13:30;0.00468901247494
04.09.2014 13:30;0.00294751741452
05.09.2014 13:30;0.00427734975004
08.09.2014 13:30;0.004531034082
09.09.2014 13:30;0.00319224936849
10.09.2014 13:30;0.00950829770541
11.09.2014 13:30;0.00532138092396
12.09.2014 13:30;0.00605578403814
15.09.2014 13:30;0.0136395928579
16.09.2014 13:30;0.0116289401694
17.09.2014 13:30;0.0126751831558
18.09.2014 13:30;0.0180355685086
19.09.2014 13:30;0.0186263865005
22.09.2014 13:30;0.0258360200996
23.09.2014 13:30;0.0147778759414
24.09.2014 13:30;0.016958389482
25.09.2014 13:30;0.0140133652149
26.09.2014 13:30;0.0172763457386
29.09.2014 13:30;0.00953986214647
30.09.2014 13:30;0.00837537533793
01.10.2014 13:30;0.0209133225853
02.10.2014 13:30;0.015686715741
03.10.2014 13:30;0.0194676832184
06.10.2014 13:30;0.00532661627995
07.10.2014 13:30;0.00992771612178
08.10.2014 13:30;0.012080015669
09.10.2014 13:30;0.0109515678158
10.10.2014 13:30;0.0141191473331
13.10.2014 13:30;0.0126026263421
14.10.2014 13:30;0.0139227004035
15.10.2014 13:30;0.0141080452532
16.10.2014 13:30;0.0143585896091
17.10.2014 13:30;0.00941988873997
20.10.2014 13:30;0.0109327685227
21.10.2014 13:30;0.0113262887061
22.10.2014 13:30;0.015031648481
23.10.2014 13:30;0.00827572245403
24.10.2014 13:30;0.00771840156729
27.10.2014 13:30;0.00703873455828
28.10.2014 13:30;0.00739259904471
29.10.2014 13:30;0.00742880806152
30.10.2014 13:30;0.00785610343092
31.10.2014 13:30;0.010427631137
03.11.2014 13:30;0.00971440858712
04.11.2014 13:30;0.00989684329345
05.11.2014 13:30;0.00917889286928
06.11.2014 13:30;0.00797242787485
07.11.2014 13:30;0.00566877226071
10.11.2014 13:30;0.00848597909495
11.11.2014 13:30;0.00624676531921
12.11.2014 13:30;0.0080913384558
13.11.2014 13:30;0.00790140999776
14.11.2014 13:30;0.00795511018471
17.11.2014 13:30;0.0101687594974
18.11.2014 13:30;0.00934780649444
19.11.2014 13:30;0.0090560798002
20.11.2014 13:30;0.00535348416132
21.11.2014 13:30;0.00877061139313
24.11.2014 13:30;0.00186913186861
25.11.2014 13:30;0.00181019490298
26.11.2014 13:30;0.0091312070103
27.11.2014 13:30;0.00963162980631
28.11.2014 13:30;0.0075088246628
01.12.2014 13:30;0.00531129009722
02.12.2014 13:30;0.00533726686655
03.12.2014 13:30;0.0141104975106
04.12.2014 13:30;0.0108861283932
05.12.2014 13:30;0.0111024019512
08.12.2014 13:30;0.013097770363
09.12.2014 13:30;0.0140175969776
10.12.2014 13:30;0.0163850946506
11.12.2014 13:30;0.0187332793661
12.12.2014 13:30;0.0170410598425
15.12.2014 13:30;0.0240227690572
16.12.2014 13:30;0.0234711823789
17.12.2014 13:30;0.0102439963752
18.12.2014 13:30;0.00695533777411
19.12.2014 13:30;0.011056553171
22.12.2014 13:30;0.00920321338122
23.12.2014 13:30;0.0105085897485
24.12.2014 13:30;0.00715226530926
25.12.2014 13:30;0.00509710076792
26.12.2014 13:30;0.00688163667793
29.12.2014 13:30;0.00554429692276
30.12.2014 13:30;0.00767198174207
31.12.2014 13:30;0.00138558635311
01.01.2015 13:30;0.00348732121926
02.01.2015 13:30;0.00591501338148
05.01.2015 13:30;0.00278307201296
06.01.2015 13:30;0.00137166118155
07.01.2015 13:30;0.00103732677449
08.01.2015 13:30;0.00158838190876
09.01.2015 13:30;0.00120067545096
12.01.2015 13:30;0.0108548150735
13.01.2015 13:30;0.00831574637874
14.01.2015 13:30;0.00909847211519
15.01.2015 13:30;0.0155203696139
16.01.2015 13:30;0.00876676372068
19.01.2015 13:30;0.0105780699693
20.01.2015 13:30;0.00945891262253
21.01.2015 13:30;0.0138784411298
22.01.2015 13:30;0.0101181159704
23.01.2015 13:30;0.0190674324001
26.01.2015 13:30;0.0139916977293
27.01.2015 13:30;0.0198441511309
28.01.2015 13:30;0.0188910598061
29.01.2015 13:30;0.0186409250345
30.01.2015 13:30;0.0210025997333
02.02.2015 13:30;0.0130220627127
03.02.2015 13:30;0.0135262315957
04.02.2015 13:30;0.00585630813865
05.02.2015 13:30;0.00854727821993
06.02.2015 13:30;0.00807454145938
09.02.2015 13:30;0.0069568992411
10.02.2015 13:30;0.00495399304242
11.02.2015 13:30;0.0098262506656
12.02.2015 13:30;0.0109492577371
13.02.2015 13:30;0.011771379708
16.02.2015 13:30;0.00639355845148
17.02.2015 13:30;0.00663374530058
18.02.2015 13:30;0.00903511928014
19.02.2015 13:30;0.0109946492636
20.02.2015 13:30;0.0159449797011
23.02.2015 13:30;0.0173450407683
24.02.2015 13:30;0.0160913244185
25.02.2015 13:30;0.0147608458097
26.02.2015 13:30;0.0180213066358
27.02.2015 13:30;0.011535315103
02.03.2015 13:30;0.0120117321408
03.03.2015 13:30;0.0119228235088
04.03.2015 13:30;0.00935488716568
05.03.2015 13:30;0.00605564187064
06.03.2015 13:30;0.0077032847387
09.03.2015 13:30;0.00485611554795
10.03.2015 13:30;0.0084342377705
11.03.2015 13:30;0.00712116950435
12.03.2015 13:30;0.00705292743656
13.03.2015 13:30;0.00445095927531
16.03.2015 13:30;0.00696419159387
17.03.2015 13:30;0.0101469211907
18.03.2015 13:30;0.0172588035084
19.03.2015 13:30;0.0118104489357
20.03.2015 13:30;0.0137252790688
23.03.2015 13:30;0.00617856116661
24.03.2015 13:30;0.00277149047515
25.03.2015 13:30;0.00440557393269
26.03.2015 13:30;0.0063549509113
27.03.2015 13:30;0.00552622348947
30.03.2015 13:30;0.00757413598184
31.03.2015 13:30;0.00774395509429
01.04.2015 13:30;0.00900478788766
02.04.2015 13:30;0.00677796219291
03.04.2015 13:30;0.0105261626925
06.04.2015 13:30;0.011265913065
07.04.2015 13:30;0.0120664679642
08.04.2015 13:30;0.00848978749938
09.04.2015 13:30;0.00646426407847
10.04.2015 13:30;0.00668079895119
13.04.2015 13:30;0.0072489759419
14.04.2015 13:30;0.00839737897241
15.04.2015 13:30;0.00605583867324
16.04.2015 13:30;0.00520988627793
17.04.2015 13:30;0.00428255744638
20.04.2015 13:30;0.00756948479733
21.04.2015 13:30;0.00815976268711
22.04.2015 13:30;0.00677887454626
23.04.2015 13:30;0.00640314113693
24.04.2015 13:30;0.00562576428632
27.04.2015 13:30;0.00805148284795
28.04.2015 13:30;0.00728503604099
29.04.2015 13:30;0.00503359610218
30.04.2015 13:30;0.00388537504982
01.05.2015 13:30;0.00374690006508
04.05.2015 13:30;0.00495658986555
05.05.2015 13:30;0.00456189638505
06.05.2015 13:30;0.00275832921204
07.05.2015 13:30;0.00271352952578
08.05.2015 13:30;0.00291237478838
11.05.2015 13:30;0.00368567269814
12.05.2015 13:30;0.00406404823893
13.05.2015 13:30;0.00345639906448
14.05.2015 13:30;0.0021619588302
15.05.2015 13:30;0.00216105394738
18.05.2015 13:30;0.00237125739214
19.05.2015 13:30;0.00224555425998
20.05.2015 13:30;0.00126799203679
21.05.2015 13:30;0.00174865309463
22.05.2015 13:30;0.00273336474348
25.05.2015 13:30;0.0059996748803
26.05.2015 13:30;0.00565015185102
27.05.2015 13:30;0.00699459714187
28.05.2015 13:30;0.00584095969644
29.05.2015 13:30;0.0041581984319
01.06.2015 13:30;0.00529529985582
02.06.2015 13:30;0.00481121446532
03.06.2015 13:30;0.00510011615451
04.06.2015 13:30;0.00691043620278
05.06.2015 13:30;0.00553646022581
08.06.2015 13:30;0.0034628070335
09.06.2015 13:30;0.0032755800126
10.06.2015 13:30;0.00483367746573
11.06.2015 13:30;0.00458933615043
12.06.2015 13:30;0.00423101637988
15.06.2015 13:30;0.00501894921439
16.06.2015 13:30;0.0048823984241
17.06.2015 13:30;0.00316940224165
18.06.2015 13:30;0.00416699387779
19.06.2015 13:30;0.00444887104371
22.06.2015 13:30;0.00244637290986
23.06.2015 13:30;0.00169773990159
24.06.2015 13:30;0.00203635121359
25.06.2015 13:30;0.00224435105172
26.06.2015 13:30;0.00134886459764
29.06.2015 13:30;0.00301942013735
30.06.2015 13:30;0.00335352238001
01.07.2015 13:30;0.00119790085581
02.07.2015 13:30;0.00182073014543
03.07.2015 13:30;0.00369586961188
06.07.2015 13:30;0.0113630533931
07.07.2015 13:30;0.00967960311298
08.07.2015 13:30;0.0120419343734
09.07.2015 13:30;0.00520294933687
10.07.2015 13:30;0.00232594968866
13.07.2015 13:30;0.00831685202096
14.07.2015 13:30;0.00919109125352
15.07.2015 13:30;0.00997635088617
16.07.2015 13:30;0.0059055273648
17.07.2015 13:30;0.00815598426524
20.07.2015 13:30;0.00834273900084
21.07.2015 13:30;0.0101918601597
22.07.2015 13:30;0.00891052555995
23.07.2015 13:30;0.00879176277787
24.07.2015 13:30;0.00980513651855
27.07.2015 13:30;0.0106740849361
28.07.2015 13:30;0.0160393696075
29.07.2015 13:30;0.00962404605869
30.07.2015 13:30;0.010597062234
31.07.2015 13:30;0.0095650053065
03.08.2015 13:30;0.00748450402745
04.08.2015 13:30;0.00827203071383
05.08.2015 13:30;0.0118914610098
06.08.2015 13:30;0.00831031893188
07.08.2015 13:30;0.0112866104748
10.08.2015 13:30;0.0107437541092
11.08.2015 13:30;0.0111634449455
12.08.2015 13:30;0.0107011351635
13.08.2015 13:30;0.0106499798551
14.08.2015 13:30;0.00726507831386
17.08.2015 13:30;0.00376904484578
18.08.2015 13:30;0.0108288213374
19.08.2015 13:30;0.0170945203909
20.08.2015 13:30;0.00754859005388
21.08.2015 13:30;0.0153776527446
24.08.2015 13:30;0.00976854933643
25.08.2015 13:30;0.00932865200015
26.08.2015 13:30;0.00926289800058
27.08.2015 13:30;0.00919110091505
28.08.2015 13:30;0.0108109393086
31.08.2015 13:30;0.0102361951406
01.09.2015 13:30;0.00723518823868
02.09.2015 13:30;0.0083690328475
03.09.2015 13:30;0.00858841099075
04.09.2015 13:30;0.010079166659
07.09.2015 13:30;0.00620335742665
08.09.2015 13:30;0.00407035395217
09.09.2015 13:30;0.00739367627069
10.09.2015 13:30;0.00742785667245
11.09.2015 13:30;0.00585967084753
14.09.2015 13:30;0.0082504353348
15.09.2015 13:30;0.00650027905009
16.09.2015 13:30;0.00366478790834
17.09.2015 13:30;0.00394290979823
18.09.2015 13:30;0.00972210729865
21.09.2015 13:30;0.0041740562194
22.09.2015 13:30;0.00739689800862
23.09.2015 13:30;0.00681138614053
24.09.2015 13:30;0.00337191887946
25.09.2015 13:30;0.00921821134789
28.09.2015 13:30;0.00609285885804
29.09.2015 13:30;0.00374389520686
30.09.2015 13:30;0.0034861879184
01.10.2015 13:30;0.00630733147776
02.10.2015 13:30;0.00634077373614
05.10.2015 13:30;0.0045331079529
06.10.2015 13:30;0.0068007889186
07.10.2015 13:30;0.003444849289
08.10.2015 13:30;0.00653433381497
09.10.2015 13:30;0.00676426042464
12.10.2015 13:30;0.00858410708556
13.10.2015 13:30;0.0115960885247
14.10.2015 13:30;0.00762302205704
15.10.2015 13:30;0.00415151037233
16.10.2015 13:30;0.00671901969905
19.10.2015 13:30;0.00904141737556
20.10.2015 13:30;0.00627495195917
21.10.2015 13:30;0.00875465191457
22.10.2015 13:30;0.0130174263688
23.10.2015 13:30;0.0115143147122
26.10.2015 13:30;0.0108133929671
27.10.2015 13:30;0.0110858320233
28.10.2015 13:30;0.0103011343965
29.10.2015 13:30;0.0127850554509
30.10.2015 13:30;0.0146402270955
02.11.2015 13:30;0.0318568515567
03.11.2015 13:30;0.0253336103212
04.11.2015 13:30;0.028701741666
05.11.2015 13:30;0.00666621829894
06.11.2015 13:30;0.0131467863323
09.11.2015 13:30;0.0127868737033
10.11.2015 13:30;0.00289917018591
11.11.2015 13:30;0.00435025401241
12.11.2015 13:30;0.00573216189852
13.11.2015 13:30;0.00556567570184
16.11.2015 13:30;0.00857746875281
17.11.2015 13:30;0.00902218454992
18.11.2015 13:30;0.00781575121755
19.11.2015 13:30;0.00564528716633
20.11.2015 13:30;0.00426232026958
23.11.2015 13:30;0.0068543000375
24.11.2015 13:30;0.00587716304393
25.11.2015 13:30;0.00371146741799
26.11.2015 13:30;0.010106885066
27.11.2015 13:30;0.0127854109736
30.11.2015 13:30;0.00586703963788
01.12.2015 13:30;0.00472373808961
02.12.2015 13:30;0.00339091502579
03.12.2015 13:30;0.00571443055215
04.12.2015 13:30;0.00665308267409
07.12.2015 13:30;0.0119047260154
08.12.2015 13:30;0.00644360078868
09.12.2015 13:30;0.00360360406736
10.12.2015 13:30;0.00423575597482
11.12.2015 13:30;0.00930612709543
14.12.2015 13:30;0.0055724233459
15.12.2015 13:30;0.00634506636026
16.12.2015 13:30;0.00506240821267
17.12.2015 13:30;0.00821351072051
18.12.2015 13:30;0.00864653492803
21.12.2015 13:30;0.0047969369389
22.12.2015 13:30;0.00210477176652
23.12.2015 13:30;0.00171011795791
24.12.2015 13:30;0.00582625828536
25.12.2015 13:30;0.00698798176582
28.12.2015 13:30;0.00278207271249
29.12.2015 13:30;0.00162805967861
30.12.2015 13:30;0.00131939857075
31.12.2015 13:30;0.00269040339232
01.01.2016 13:30;0.00458340159008
04.01.2016 13:30;0.00320101521497
05.01.2016 13:30;0.00216696553275
06.01.2016 13:30;0.00305117413337
07.01.2016 13:30;0.00498197483312
08.01.2016 13:30;0.00462157188237
11.01.2016 13:30;0.00289941390535
12.01.2016 13:30;0.00220594836079
13.01.2016 13:30;0.00195054855078
14.01.2016 13:30;0.00235544857816
15.01.2016 13:30;0.00573925577438
18.01.2016 13:30;0.00529581000041
19.01.2016 13:30;0.00512686662346
20.01.2016 13:30;0.00534347407938
21.01.2016 13:30;0.0021350795315
22.01.2016 13:30;0.00278203767849
25.01.2016 13:30;0.00385765642714
26.01.2016 13:30;0.0039218358139
27.01.2016 13:30;0.00160917043257
28.01.2016 13:30;0.00315157716166
29.01.2016 13:30;0.0055868303241
01.02.2016 13:30;0.00754478501257
02.02.2016 13:30;0.00931556333881
03.02.2016 13:30;0.00327550210144
04.02.2016 13:30;0.00288402517758
05.02.2016 13:30;0.00559695434572
08.02.2016 13:30;0.00543599456564
09.02.2016 13:30;0.00792443340124
10.02.2016 13:30;0.00912261365344
11.02.2016 13:30;0.0102116937127
12.02.2016 13:30;0.0106845790133
15.02.2016 13:30;0.0027860891571
16.02.2016 13:30;0.0031410094034
17.02.2016 13:30;0.00194062000259
18.02.2016 13:30;0.00182890482258
19.02.2016 13:30;0.00167931678088
22.02.2016 13:30;0.00254561463457
23.02.2016 13:30;0.00208519184542
24.02.2016 13:30;0.00256937179341
25.02.2016 13:30;0.00173221937566
26.02.2016 13:30;0.00242738865054
29.02.2016 13:30;0.00159462866757
01.03.2016 13:30;0.00273756178493
02.03.2016 13:30;0.0034487258084
03.03.2016 13:30;0.00432074209842
04.03.2016 13:30;0.00386062970934
07.03.2016 13:30;0.00657291211028
08.03.2016 13:30;0.00204746850194
09.03.2016 13:30;0.00275535016259
10.03.2016 13:30;0.00211400822507
11.03.2016 13:30;0.00349893759903
14.03.2016 13:30;0.00145487569799
15.03.2016 13:30;0.00104359796746
16.03.2016 13:30;0.00158310785434
17.03.2016 13:30;0.00178415475451
18.03.2016 13:30;0.00282592296432
21.03.2016 13:30;0.00233508590024
22.03.2016 13:30;0.0030313629432
23.03.2016 13:30;0.00233973833191
24.03.2016 13:30;0.00189130400882
25.03.2016 13:30;0.00247293998454
28.03.2016 13:30;0.00331464695908
29.03.2016 13:30;0.00140025667636
30.03.2016 13:30;0.00185856000566
31.03.2016 13:30;0.00217928352965
01.04.2016 13:30;0.0029675051047
04.04.2016 13:30;0.00394459173292
05.04.2016 13:30;0.00547243288453
06.04.2016 13:30;0.00485659936744
07.04.2016 13:30;0.00740194192589
08.04.2016 13:30;0.00737643070606
11.04.2016 13:30;0.00589684898051
12.04.2016 13:30;0.0084842551528
13.04.2016 13:30;0.00676597942941
14.04.2016 13:30;0.00628606465887
15.04.2016 13:30;0.00523071595041
18.04.2016 13:30;0.00598888528767
19.04.2016 13:30;0.00615632163027
20.04.2016 13:30;0.00778207201495
21.04.2016 13:30;0.00722489253924
22.04.2016 13:30;0.00993238698071
25.04.2016 13:30;0.0142167993804
26.04.2016 13:30;0.0107610375336
27.04.2016 13:30;0.0084992270639
28.04.2016 13:30;0.00777676876757
29.04.2016 13:30;0.00748871832915
02.05.2016 13:30;0.00341229397399
03.05.2016 13:30;0.00446075116926
04.05.2016 13:30;0.00636809434639
05.05.2016 13:30;0.00634170775714
06.05.2016 13:30;0.00783213883963
09.05.2016 13:30;0.00843021210573
10.05.2016 13:30;0.00604542517255
11.05.2016 13:30;0.00578024062837
12.05.2016 13:30;0.00166937624322
13.05.2016 13:30;0.00417211249006
16.05.2016 13:30;0.00321095754751
17.05.2016 13:30;0.00304559389484
18.05.2016 13:30;0.00349082200281
19.05.2016 13:30;0.00297867002215
20.05.2016 13:30;0.00479801448558
23.05.2016 13:30;0.00242784528872
24.05.2016 13:30;0.00226326403616
25.05.2016 13:30;0.00273558107306
26.05.2016 13:30;0.00294273167724
27.05.2016 13:30;0.00617761799137
30.05.2016 13:30;0.00661932292142
31.05.2016 13:30;0.0099990972711
01.06.2016 13:30;0.0142373426475
02.06.2016 13:30;0.0115246967539
03.06.2016 13:30;0.0109275044765
06.06.2016 13:30;0.00832530497704
07.06.2016 13:30;0.00638177026001
08.06.2016 13:30;0.00182622732436
09.06.2016 13:30;0.00186099136094
10.06.2016 13:30;0.0121605737739
13.06.2016 13:30;0.0104387303098
14.06.2016 13:30;0.0127623475646
15.06.2016 13:30;0.0122271321332
16.06.2016 13:30;0.0204980514947
17.06.2016 13:30;0.0170462468671
20.06.2016 13:30;0.0145506907789
21.06.2016 13:30;0.0127543209557
22.06.2016 13:30;0.00913007175578
23.06.2016 13:30;0.018157939371
24.06.2016 13:30;0.0240192371384
27.06.2016 13:30;0.0164947291371
28.06.2016 13:30;0.0147291002074
29.06.2016 13:30;0.00961141864574
30.06.2016 13:30;0.00909403160549
01.07.2016 13:30;0.0122636993656
04.07.2016 13:30;0.0138458043769
05.07.2016 13:30;0.0105002255707
06.07.2016 13:30;0.0113517660064
07.07.2016 13:30;0.00817955752656
08.07.2016 13:30;0.0149084871109
11.07.2016 13:30;0.0139483995033
12.07.2016 13:30;0.0145445734068
13.07.2016 13:30;0.00773159529782
14.07.2016 13:30;0.0129419806284
15.07.2016 13:30;0.010953139659
18.07.2016 13:30;0.014796055201
19.07.2016 13:30;0.00912206703055
20.07.2016 13:30;0.00812410102815
21.07.2016 13:30;0.00640772374416
22.07.2016 13:30;0.00491476529609
25.07.2016 13:30;0.0070290567647
26.07.2016 13:30;0.0077562657178
27.07.2016 13:30;0.0059919838994
28.07.2016 13:30;0.00759728232405
29.07.2016 13:30;0.00793048601253
01.08.2016 13:30;0.00191227068245
02.08.2016 13:30;0.00315787816032
03.08.2016 13:30;0.00629020407845
04.08.2016 13:30;0.00717762580275
05.08.2016 13:30;0.00510937050233
08.08.2016 13:30;0.00632425269738
09.08.2016 13:30;0.00544672790932
10.08.2016 13:30;0.00550267377864
11.08.2016 13:30;0.00345938723717
12.08.2016 13:30;0.00376669169114
15.08.2016 13:30;0.00325448357351
16.08.2016 13:30;0.00322981952494
17.08.2016 13:30;0.0033706464105
18.08.2016 13:30;0.00275465642677
19.08.2016 13:30;0.00259215786605
22.08.2016 13:30;0.00471469528128
23.08.2016 13:30;0.00215740635405
24.08.2016 13:30;0.00193048460137
25.08.2016 13:30;0.00190606904112
26.08.2016 13:30;0.00107271089444
29.08.2016 13:30;0.00292681377914
30.08.2016 13:30;0.00353002116188
31.08.2016 13:30;0.00373487097419
01.09.2016 13:30;0.00410499187465
02.09.2016 13:30;0.00187433557916
05.09.2016 13:30;0.00376075644476
06.09.2016 13:30;0.00312527208483
07.09.2016 13:30;0.00575117411463
08.09.2016 13:30;0.00297449226932
09.09.2016 13:30;0.00192595229579
12.09.2016 13:30;0.00249752392433
13.09.2016 13:30;0.00302226976776
14.09.2016 13:30;0.00209249420481
15.09.2016 13:30;0.00328831502293
16.09.2016 13:30;0.00266231477021
19.09.2016 13:30;0.003438147615
20.09.2016 13:30;0.00274424065392
21.09.2016 13:30;0.00440839522512
22.09.2016 13:30;0.00347142036337
23.09.2016 13:30;0.00282459224162
26.09.2016 13:30;0.00362367515041
27.09.2016 13:30;0.00300336254805
28.09.2016 13:30;0.00136120652972
29.09.2016 13:30;0.00277082317149
30.09.2016 13:30;0.00280768662053
03.10.2016 13:30;0.00330991180589
04.10.2016 13:30;0.00293877980482
05.10.2016 13:30;0.00352233422144
06.10.2016 13:30;0.00358394012313
07.10.2016 13:30;0.00250732688527
10.10.2016 13:30;0.00220041133135
11.10.2016 13:30;0.00287177862958
12.10.2016 13:30;0.00399839165302
13.10.2016 13:30;0.00258454281569
14.10.2016 13:30;0.00349331749159
17.10.2016 13:30;0.00261029241372
18.10.2016 13:30;0.00199882938233
19.10.2016 13:30;0.00228542945725
20.10.2016 13:30;0.00195782735605
21.10.2016 13:30;0.00219977467091
24.10.2016 13:30;0.00349328235798
25.10.2016 13:30;0.00315215745211
26.10.2016 13:30;0.00227075748366
27.10.2016 13:30;0.00240352457163
28.10.2016 13:30;0.00445857915477
31.10.2016 13:30;0.00668423822047
01.11.2016 13:30;0.00649096620576
02.11.2016 13:30;0.00663290280256
03.11.2016 13:30;0.00655012283858
04.11.2016 13:30;0.0035472778744
07.11.2016 13:30;0.00831688053542
08.11.2016 13:30;0.00807345459594
09.11.2016 13:30;0.00610218526295
10.11.2016 13:30;0.00369342395042
11.11.2016 13:30;0.00425118094877
14.11.2016 13:30;0.0028399635144
15.11.2016 13:30;0.00534822235245
16.11.2016 13:30;0.00623020200216
17.11.2016 13:30;0.0108816350084
18.11.2016 13:30;0.00555586135114
21.11.2016 13:30;0.00201303614113
22.11.2016 13:30;0.00290163606231
23.11.2016 13:30;0.00264544570836
24.11.2016 13:30;0.00282517196365
25.11.2016 13:30;0.00197087918529
28.11.2016 13:30;0.00137344182872
29.11.2016 13:30;0.00137467977817
30.11.2016 13:30;0.00362804241907
01.12.2016 13:30;0.00465114634231
02.12.2016 13:30;0.00428986269251
05.12.2016 13:30;0.00247516024058
06.12.2016 13:30;0.0030392023553
07.12.2016 13:30;0.00518054824072
08.12.2016 13:30;0.00531235589784
09.12.2016 13:30;0.00507285552675
12.12.2016 13:30;0.00508364299869
13.12.2016 13:30;0.00664735326709
14.12.2016 13:30;0.00632590644981
15.12.2016 13:30;0.00442017875276
16.12.2016 13:30;0.00502422913778
19.12.2016 13:30;0.00606786501179
20.12.2016 13:30;0.00588351414934
21.12.2016 13:30;0.00431185445575
22.12.2016 13:30;0.00793912825186
23.12.2016 13:30;0.00622216984797
26.12.2016 13:30;0.0148580613994
27.12.2016 13:30;0.0118990081993
28.12.2016 13:30;0.0134141436555
29.12.2016 13:30;0.0107990560367
30.12.2016 13:30;0.0110476128081
02.01.2017 13:30;0.012846199708
03.01.2017 13:30;0.0129878543752
04.01.2017 13:30;0.0118381304992
05.01.2017 13:30;0.00790966429622
06.01.2017 13:30;0.0204804014916
09.01.2017 13:30;0.0196997503743
10.01.2017 13:30;0.0186044817734
11.01.2017 13:30;0.00635791466316
12.01.2017 13:30;0.00831407952831
13.01.2017 13:30;0.0116185380079
16.01.2017 13:30;0.0117027920244
17.01.2017 13:30;0.0101240035443
18.01.2017 13:30;0.00519771739573
19.01.2017 13:30;0.0144901269577
20.01.2017 13:30;0.00935501107666
23.01.2017 13:30;0.00721345948828
24.01.2017 13:30;0.00228783594674
25.01.2017 13:30;0.00520981759467
26.01.2017 13:30;0.00676443546568
27.01.2017 13:30;0.00955647612504
30.01.2017 13:30;0.00565108138419
31.01.2017 13:30;0.0101126596379
01.02.2017 13:30;0.00656243050821
02.02.2017 13:30;0.00667186161243
03.02.2017 13:30;0.0110244043113
06.02.2017 13:30;0.00865215844441
07.02.2017 13:30;0.0103026538274
08.02.2017 13:30;0.00925988133903
09.02.2017 13:30;0.00930902390468
10.02.2017 13:30;0.00837639612248
13.02.2017 13:30;0.00739018901958
14.02.2017 13:30;0.010889544147
15.02.2017 13:30;0.0102870640558
16.02.2017 13:30;0.00877700295547
17.02.2017 13:30;0.0123705363332
20.02.2017 13:30;0.0124624523943
21.02.2017 13:30;0.0138496944257
22.02.2017 13:30;0.0162655240712
23.02.2017 13:30;0.0106467726952
24.02.2017 13:30;0.0105141220057
27.02.2017 13:30;0.00889614902396
28.02.2017 13:30;0.00896449719535
01.03.2017 13:30;0.00966931881489
02.03.2017 13:30;0.00730220270732
03.03.2017 13:30;0.0103355287649
06.03.2017 13:30;0.00320018124669
07.03.2017 13:30;0.00405132400174
08.03.2017 13:30;0.00261530432318
09.03.2017 13:30;0.0032535542033
10.03.2017 13:30;0.00345490580289
13.03.2017 13:30;0.00465519242385
14.03.2017 13:30;0.00291573997374
15.03.2017 13:30;0.00133670787667
16.03.2017 13:30;0.00670753247452
17.03.2017 13:30;0.00912424248614
20.03.2017 13:30;0.0083873246802
21.03.2017 13:30;0.00604617998315
22.03.2017 13:30;0.00224919161042
23.03.2017 13:30;0.00182654420477
24.03.2017 13:30;0.00336853357168
27.03.2017 13:30;0.00206239719236
28.03.2017 13:30;0.00103611668265
29.03.2017 13:30;0.00107996111447
30.03.2017 13:30;0.00381565191803
31.03.2017 13:30;0.00440814540302
03.04.2017 13:30;0.00332713407634
04.04.2017 13:30;0.00264834949907
05.04.2017 13:30;0.00120789232923
06.04.2017 13:30;0.000998473182014
07.04.2017 13:30;0.00181933603905
10.04.2017 13:30;0.0012556508844
11.04.2017 13:30;0.0016023136758
12.04.2017 13:30;0.00178088453831
13.04.2017 13:30;0.00103300520858
14.04.2017 13:30;0.00720254746905
17.04.2017 13:30;0.00540994658711
18.04.2017 13:30;0.00239765360638
19.04.2017 13:30;0.00590506560049
20.04.2017 13:30;0.00186540072866
21.04.2017 13:30;0.00492070178094
24.04.2017 13:30;0.00423030712128
25.04.2017 13:30;0.00742242676016
26.04.2017 13:30;0.0116279773606
27.04.2017 13:30;0.0121818394682
28.04.2017 13:30;0.0126179931448
01.05.2017 13:30;0.0247569258163
02.05.2017 13:30;0.01749258354
03.05.2017 13:30;0.01618566016
04.05.2017 13:30;0.0221944479423
05.05.2017 13:30;0.0225803608915
08.05.2017 13:30;0.0142440277191
09.05.2017 13:30;0.0127639929807
10.05.2017 13:30;0.0190900217352
11.05.2017 13:30;0.0115421657165
12.05.2017 13:30;0.00404278405301
15.05.2017 13:30;0.010929686453
16.05.2017 13:30;0.013496130318
17.05.2017 13:30;0.0108046459062
18.05.2017 13:30;0.00712370493142
19.05.2017 13:30;0.00746416135781
22.05.2017 13:30;0.0135472316048
23.05.2017 13:30;0.00760462402873
24.05.2017 13:30;0.00576592973488
25.05.2017 13:30;0.00584370064144
26.05.2017 13:30;0.00756077701847
29.05.2017 13:30;0.0109977642678
30.05.2017 13:30;0.00404836751516
31.05.2017 13:30;-0.0
