Date;BTC
01.01.12 0:00;0,15887895
02.01.12 0:00;0,15887895
03.01.12 0:00;0,15887895
04.01.12 0:00;0,15887895
05.01.12 0:00;0,158868854
06.01.12 0:00;0,158689857
07.01.12 0:00;0,158493676
08.01.12 0:00;0,158493676
09.01.12 0:00;0,158493676
10.01.12 0:00;0,158363158
11.01.12 0:00;0,158358143
12.01.12 0:00;0,158343098
13.01.12 0:00;0,158275431
14.01.12 0:00;0,158559016
15.01.12 0:00;0,158559016
16.01.12 0:00;0,158559016
17.01.12 0:00;0,158315523
18.01.12 0:00;0,158380716
19.01.12 0:00;0,1584309
20.01.12 0:00;0,15831051
21.01.12 0:00;0,157878118
22.01.12 0:00;0,157878118
23.01.12 0:00;0,157878118
24.01.12 0:00;0,157878118
25.01.12 0:00;0,157878118
26.01.12 0:00;0,157878118
27.01.12 0:00;0,157878118
28.01.12 0:00;0,157878118
29.01.12 0:00;0,157878118
30.01.12 0:00;0,157878118
31.01.12 0:00;0,157883103
01.02.12 0:00;0,158503725
02.02.12 0:00;0,158538905
03.02.12 0:00;0,158679784
04.02.12 0:00;0,158654609
05.02.12 0:00;0,158654609
06.02.12 0:00;0,158654609
07.02.12 0:00;0,158418351
08.02.12 0:00;0,158609314
09.02.12 0:00;0,158861282
10.02.12 0:00;0,158856235
11.02.12 0:00;0,158742757
12.02.12 0:00;0,158742757
13.02.12 0:00;0,158742757
14.02.12 0:00;0,15879065
15.02.12 0:00;0,158742757
16.02.12 0:00;0,15872512
17.02.12 0:00;0,158687338
18.02.12 0:00;0,158760399
19.02.12 0:00;0,158760399
20.02.12 0:00;0,158760399
21.02.12 0:00;0,158687338
22.02.12 0:00;0,158818391
23.02.12 0:00;0,158805781
24.02.12 0:00;0,158755358
25.02.12 0:00;0,158785608
26.02.12 0:00;0,158785608
27.02.12 0:00;0,158785608
28.02.12 0:00;0,158689857
29.02.12 0:00;0,158752838
01.03.12 0:00;0,158886523
02.03.12 0:00;0,158720081
03.03.12 0:00;0,158755358
04.03.12 0:00;0,158755358
05.03.12 0:00;0,158755358
06.03.12 0:00;0,158556502
07.03.12 0:00;0,158531365
08.03.12 0:00;0,158481117
09.03.12 0:00;0,158318029
10.03.12 0:00;0,158461027
11.03.12 0:00;0,158461027
12.03.12 0:00;0,158461027
13.03.12 0:00;0,158070278
14.03.12 0:00;0,15805279
15.03.12 0:00;0,157925491
16.03.12 0:00;0,158005341
17.03.12 0:00;0,158152776
18.03.12 0:00;0,158152776
19.03.12 0:00;0,158152776
20.03.12 0:00;0,158162781
21.03.12 0:00;0,158120266
22.03.12 0:00;0,158157778
23.03.12 0:00;0,158737718
24.03.12 0:00;0,158576616
25.03.12 0:00;0,158576616
26.03.12 0:00;0,158576616
27.03.12 0:00;0,15835062
28.03.12 0:00;0,158566558
29.03.12 0:00;0,158596736
30.03.12 0:00;0,158584161
31.03.12 0:00;0,158780565
01.04.12 0:00;0,158780565
02.04.12 0:00;0,158780565
03.04.12 0:00;0,158767961
04.04.12 0:00;0,158780565
05.04.12 0:00;0,158780565
06.04.12 0:00;0,15839075
07.04.12 0:00;0,15854896
08.04.12 0:00;0,15854896
09.04.12 0:00;0,15854896
10.04.12 0:00;0,158506237
11.04.12 0:00;0,158453494
12.04.12 0:00;0,158503725
13.04.12 0:00;0,158546446
14.04.12 0:00;0,158642024
15.04.12 0:00;0,158642024
16.04.12 0:00;0,158642024
17.04.12 0:00;0,158335576
18.04.12 0:00;0,158674749
19.04.12 0:00;0,158629442
20.04.12 0:00;0,158631958
21.04.12 0:00;0,158513775
22.04.12 0:00;0,158513775
23.04.12 0:00;0,158513775
24.04.12 0:00;0,15850875
25.04.12 0:00;0,158543933
26.04.12 0:00;0,158604282
27.04.12 0:00;0,158586676
28.04.12 0:00;0,158481117
29.04.12 0:00;0,158481117
30.04.12 0:00;0,158481117
01.05.12 0:00;0,158481117
02.05.12 0:00;0,158481117
03.05.12 0:00;0,158528852
04.05.12 0:00;0,158596736
05.05.12 0:00;0,158579131
06.05.12 0:00;0,158579131
07.05.12 0:00;0,158579131
08.05.12 0:00;0,158533879
09.05.12 0:00;0,158531365
10.05.12 0:00;0,158476094
11.05.12 0:00;0,158370682
12.05.12 0:00;0,158473582
13.05.12 0:00;0,158473582
14.05.12 0:00;0,158473582
15.05.12 0:00;0,158195308
16.05.12 0:00;0,158280441
17.05.12 0:00;0,158167784
18.05.12 0:00;0,158077774
19.05.12 0:00;0,158020321
20.05.12 0:00;0,158020321
21.05.12 0:00;0,158020321
22.05.12 0:00;0,158027813
23.05.12 0:00;0,158152776
24.05.12 0:00;0,15785818
25.05.12 0:00;0,157609381
26.05.12 0:00;0,157626771
27.05.12 0:00;0,157626771
28.05.12 0:00;0,157626771
29.05.12 0:00;0,157599445
30.05.12 0:00;0,157522486
31.05.12 0:00;0,157284638
01.06.12 0:00;0,15701545
02.06.12 0:00;0,156998195
03.06.12 0:00;0,156998195
04.06.12 0:00;0,156998195
05.06.12 0:00;0,157126471
06.06.12 0:00;0,157047507
07.06.12 0:00;0,15712894
08.06.12 0:00;0,157141286
09.06.12 0:00;0,156980943
10.06.12 0:00;0,156980943
11.06.12 0:00;0,156980943
12.06.12 0:00;0,157005589
13.06.12 0:00;0,15697355
14.06.12 0:00;0,15701052
15.06.12 0:00;0,15697355
16.06.12 0:00;0,157094382
17.06.12 0:00;0,157094382
18.06.12 0:00;0,157094382
19.06.12 0:00;0,157299482
20.06.12 0:00;0,157366317
21.06.12 0:00;0,157237649
22.06.12 0:00;0,157111659
23.06.12 0:00;0,157111659
24.06.12 0:00;0,157111659
25.06.12 0:00;0,157111659
26.06.12 0:00;0,157148694
27.06.12 0:00;0,157161043
28.06.12 0:00;0,15730938
29.06.12 0:00;0,157294534
30.06.12 0:00;0,157388608
01.07.12 0:00;0,157388608
02.07.12 0:00;0,157388608
03.07.12 0:00;0,157512562
04.07.12 0:00;0,157420817
05.07.12 0:00;0,157537376
06.07.12 0:00;0,157331655
07.07.12 0:00;0,157124002
08.07.12 0:00;0,157124002
09.07.12 0:00;0,157124002
10.07.12 0:00;0,156951376
11.07.12 0:00;0,157086979
12.07.12 0:00;0,157025312
13.07.12 0:00;0,156899663
14.07.12 0:00;0,156759468
15.07.12 0:00;0,156759468
16.07.12 0:00;0,156759468
17.07.12 0:00;0,156774214
18.07.12 0:00;0,156916897
19.07.12 0:00;0,157000659
20.07.12 0:00;0,156914435
21.07.12 0:00;0,156894739
22.07.12 0:00;0,156894739
23.07.12 0:00;0,156894739
24.07.12 0:00;0,156590094
25.07.12 0:00;0,156592546
26.07.12 0:00;0,156531267
27.07.12 0:00;0,156636697
28.07.12 0:00;0,156717704
29.07.12 0:00;0,156717704
30.07.12 0:00;0,156717704
31.07.12 0:00;0,156752097
01.08.12 0:00;0,157183276
02.08.12 0:00;0,157022847
03.08.12 0:00;0,157049973
04.08.12 0:00;0,156926747
05.08.12 0:00;0,156926747
06.08.12 0:00;0,156926747
07.08.12 0:00;0,156887355
08.08.12 0:00;0,157069708
09.08.12 0:00;0,157183276
10.08.12 0:00;0,157250012
11.08.12 0:00;0,157222816
12.08.12 0:00;0,157222816
13.08.12 0:00;0,157222816
14.08.12 0:00;0,157190688
15.08.12 0:00;0,157262377
16.08.12 0:00;0,157178335
17.08.12 0:00;0,157086979
18.08.12 0:00;0,157274743
19.08.12 0:00;0,157274743
20.08.12 0:00;0,157274743
21.08.12 0:00;0,157250012
22.08.12 0:00;0,157331655
23.08.12 0:00;0,157440645
24.08.12 0:00;0,157386131
25.08.12 0:00;0,157363841
26.08.12 0:00;0,157363841
27.08.12 0:00;0,157363841
28.08.12 0:00;0,157311855
29.08.12 0:00;0,15740595
30.08.12 0:00;0,157445603
31.08.12 0:00;0,157485275
01.09.12 0:00;0,157517524
02.09.12 0:00;0,157517524
03.09.12 0:00;0,157517524
04.09.12 0:00;0,157716268
05.09.12 0:00;0,15755475
06.09.12 0:00;0,157495196
07.09.12 0:00;0,157654107
08.09.12 0:00;0,157656592
09.09.12 0:00;0,157656592
10.09.12 0:00;0,157656592
11.09.12 0:00;0,157780968
12.09.12 0:00;0,157850705
13.09.12 0:00;0,158062783
14.09.12 0:00;0,157985371
15.09.12 0:00;0,158355635
16.09.12 0:00;0,158355635
17.09.12 0:00;0,158355635
18.09.12 0:00;0,158290463
19.09.12 0:00;0,158255393
20.09.12 0:00;0,158496188
21.09.12 0:00;0,158634474
22.09.12 0:00;0,158596736
23.09.12 0:00;0,158596736
24.09.12 0:00;0,158596736
25.09.12 0:00;0,158496188
26.09.12 0:00;0,158574102
27.09.12 0:00;0,158679784
28.09.12 0:00;0,158672231
29.09.12 0:00;0,159121649
30.09.12 0:00;0,159121649
01.10.12 0:00;0,159121649
02.10.12 0:00;0,159121649
03.10.12 0:00;0,159121649
04.10.12 0:00;0,159121649
05.10.12 0:00;0,159121649
06.10.12 0:00;0,159121649
07.10.12 0:00;0,159121649
08.10.12 0:00;0,159121649
09.10.12 0:00;0,159038137
10.10.12 0:00;0,159038137
11.10.12 0:00;0,159152038
12.10.12 0:00;0,159311773
13.10.12 0:00;0,159560888
14.10.12 0:00;0,159560888
15.10.12 0:00;0,159560888
16.10.12 0:00;0,159479459
17.10.12 0:00;0,159647498
18.10.12 0:00;0,159884883
19.10.12 0:00;0,15999232
20.10.12 0:00;0,159902779
21.10.12 0:00;0,159902779
22.10.12 0:00;0,159902779
23.10.12 0:00;0,159882327
24.10.12 0:00;0,160053778
25.10.12 0:00;0,160051216
26.10.12 0:00;0,160212763
27.10.12 0:00;0,160038409
28.10.12 0:00;0,160038409
29.10.12 0:00;0,160038409
30.10.12 0:00;0,160158878
31.10.12 0:00;0,16024357
01.11.12 0:00;0,160328352
02.11.12 0:00;0,160228165
03.11.12 0:00;0,160217896
04.11.12 0:00;0,160217896
05.11.12 0:00;0,160217896
06.11.12 0:00;0,160117847
07.11.12 0:00;0,160112719
08.11.12 0:00;0,160161443
09.11.12 0:00;0,160181967
10.11.12 0:00;0,160122974
11.11.12 0:00;0,160122974
12.11.12 0:00;0,160122974
13.11.12 0:00;0,160536835
14.11.12 0:00;0,160616768
15.11.12 0:00;0,160637409
16.11.12 0:00;0,160431239
17.11.12 0:00;0,160369491
18.11.12 0:00;0,160369491
19.11.12 0:00;0,160369491
20.11.12 0:00;0,160397787
21.11.12 0:00;0,160446684
22.11.12 0:00;0,160503338
23.11.12 0:00;0,16054199
24.11.12 0:00;0,160547145
25.11.12 0:00;0,160547145
26.11.12 0:00;0,160547145
27.11.12 0:00;0,160629668
28.11.12 0:00;0,160712277
29.11.12 0:00;0,16058066
30.11.12 0:00;0,160560033
01.12.12 0:00;0,160598712
02.12.12 0:00;0,160598712
03.12.12 0:00;0,160598712
04.12.12 0:00;0,160567768
05.12.12 0:00;0,160627088
06.12.12 0:00;0,160634829
07.12.12 0:00;0,160557455
08.12.12 0:00;0,160511067
09.12.12 0:00;0,160511067
10.12.12 0:00;0,160511067
11.12.12 0:00;0,160092213
12.12.12 0:00;0,16008965
13.12.12 0:00;0,159966727
14.12.12 0:00;0,160456981
15.12.12 0:00;0,160217896
16.12.12 0:00;0,160217896
17.12.12 0:00;0,160217896
18.12.12 0:00;0,160338635
19.12.12 0:00;0,160451832
20.12.12 0:00;0,160505915
21.12.12 0:00;0,160508491
22.12.12 0:00;0,160549722
23.12.12 0:00;0,160549722
24.12.12 0:00;0,160549722
25.12.12 0:00;0,160420945
26.12.12 0:00;0,160413224
27.12.12 0:00;0,160377207
28.12.12 0:00;0,160359205
29.12.12 0:00;0,160469856
30.12.12 0:00;0,160469856
31.12.12 0:00;0,160469856
01.01.13 0:00;0,160505915
02.01.13 0:00;0,160505915
03.01.13 0:00;0,160505915
04.01.13 0:00;0,160505915
05.01.13 0:00;0,160500762
06.01.13 0:00;0,160500762
07.01.13 0:00;0,160500762
08.01.13 0:00;0,16052395
09.01.13 0:00;0,160665799
10.01.13 0:00;0,160611609
11.01.13 0:00;0,160676125
12.01.13 0:00;0,160872573
13.01.13 0:00;0,160872573
14.01.13 0:00;0,160872573
15.01.13 0:00;0,160792385
16.01.13 0:00;0,160937299
17.01.13 0:00;0,160862222
18.01.13 0:00;0,160875161
19.01.13 0:00;0,160890691
20.01.13 0:00;0,160890691
21.01.13 0:00;0,160890691
22.01.13 0:00;0,160738109
23.01.13 0:00;0,160776874
24.01.13 0:00;0,160823416
25.01.13 0:00;0,16082083
26.01.13 0:00;0,160758781
27.01.13 0:00;0,160758781
28.01.13 0:00;0,160758781
29.01.13 0:00;0,160704529
30.01.13 0:00;0,160660637
31.01.13 0:00;0,160758781
01.02.13 0:00;0,160802727
02.02.13 0:00;0,16058066
03.02.13 0:00;0,16058066
04.02.13 0:00;0,16058066
05.02.13 0:00;0,160441535
06.02.13 0:00;0,160529104
07.02.13 0:00;0,160469856
08.02.13 0:00;0,160449258
09.02.13 0:00;0,160449258
10.02.13 0:00;0,160449258
11.02.13 0:00;0,160449258
12.02.13 0:00;0,160449258
13.02.13 0:00;0,160449258
14.02.13 0:00;0,160449258
15.02.13 0:00;0,160449258
16.02.13 0:00;0,160449258
17.02.13 0:00;0,160449258
18.02.13 0:00;0,160449258
19.02.13 0:00;0,160187099
20.02.13 0:00;0,160146053
21.02.13 0:00;0,160318071
22.02.13 0:00;0,16024357
23.02.13 0:00;0,160382352
24.02.13 0:00;0,160382352
25.02.13 0:00;0,160382352
26.02.13 0:00;0,160413224
27.02.13 0:00;0,160526527
28.02.13 0:00;0,160583238
01.03.13 0:00;0,160735526
02.03.13 0:00;0,160704529
03.03.13 0:00;0,160704529
04.03.13 0:00;0,160704529
05.03.13 0:00;0,16063999
06.03.13 0:00;0,160745861
07.03.13 0:00;0,16082083
08.03.13 0:00;0,160766535
09.03.13 0:00;0,160908813
10.03.13 0:00;0,160908813
11.03.13 0:00;0,160908813
12.03.13 0:00;0,16082083
13.03.13 0:00;0,160869985
14.03.13 0:00;0,160932119
15.03.13 0:00;0,160888102
16.03.13 0:00;0,160939889
17.03.13 0:00;0,160939889
18.03.13 0:00;0,160939889
19.03.13 0:00;0,160880337
20.03.13 0:00;0,160882925
21.03.13 0:00;0,160981342
22.03.13 0:00;0,16091917
23.03.13 0:00;0,160973568
24.03.13 0:00;0,160973568
25.03.13 0:00;0,160973568
26.03.13 0:00;0,161012446
27.03.13 0:00;0,161004669
28.03.13 0:00;0,160926939
29.03.13 0:00;0,160913991
30.03.13 0:00;0,161009854
31.03.13 0:00;0,161009854
01.04.13 0:00;0,161009854
02.04.13 0:00;0,161082474
03.04.13 0:00;0,161326751
04.04.13 0:00;0,161264312
05.04.13 0:00;0,16125131
06.04.13 0:00;0,16125131
07.04.13 0:00;0,16125131
08.04.13 0:00;0,16125131
09.04.13 0:00;0,16120452
10.04.13 0:00;0,161225312
11.04.13 0:00;0,161443955
12.04.13 0:00;0,161384029
13.04.13 0:00;0,161501316
14.04.13 0:00;0,161501316
15.04.13 0:00;0,161501316
16.04.13 0:00;0,16163706
17.04.13 0:00;0,161739018
18.04.13 0:00;0,16201416
19.04.13 0:00;0,161778267
20.04.13 0:00;0,161875162
21.04.13 0:00;0,161875162
22.04.13 0:00;0,161875162
23.04.13 0:00;0,16174425
24.04.13 0:00;0,161833247
25.04.13 0:00;0,161848963
26.04.13 0:00;0,162045664
27.04.13 0:00;0,162206002
28.04.13 0:00;0,162206002
29.04.13 0:00;0,162206002
30.04.13 0:00;0,162206002
01.05.13 0:00;0,162206002
02.05.13 0:00;0,162206002
03.05.13 0:00;0,162448423
04.05.13 0:00;0,162451062
05.05.13 0:00;0,162451062
06.05.13 0:00;0,162451062
07.05.13 0:00;0,162161286
08.05.13 0:00;0,162493297
09.05.13 0:00;0,162837277
10.05.13 0:00;0,16310819
11.05.13 0:00;0,162821369
12.05.13 0:00;0,162821369
13.05.13 0:00;0,162821369
14.05.13 0:00;0,162694216
15.05.13 0:00;0,162792212
16.05.13 0:00;0,162710099
17.05.13 0:00;0,16262807
18.05.13 0:00;0,162834625
19.05.13 0:00;0,162834625
20.05.13 0:00;0,162834625
21.05.13 0:00;0,162895633
22.05.13 0:00;0,162983245
23.05.13 0:00;0,163102869
24.05.13 0:00;0,163025758
25.05.13 0:00;0,163089569
26.05.13 0:00;0,163089569
27.05.13 0:00;0,163089569
28.05.13 0:00;0,16336666
29.05.13 0:00;0,163358654
30.05.13 0:00;0,163220004
31.05.13 0:00;0,16310819
01.06.13 0:00;0,163004499
02.06.13 0:00;0,163004499
03.06.13 0:00;0,163004499
04.06.13 0:00;0,163086909
05.06.13 0:00;0,16316674
06.06.13 0:00;0,163190705
07.06.13 0:00;0,162967309
08.06.13 0:00;0,163039048
09.06.13 0:00;0,163039048
10.06.13 0:00;0,163039048
11.06.13 0:00;0,163039048
12.06.13 0:00;0,163039048
13.06.13 0:00;0,163039048
14.06.13 0:00;0,163015128
15.06.13 0:00;0,16311085
16.06.13 0:00;0,16311085
17.06.13 0:00;0,16311085
18.06.13 0:00;0,163265306
19.06.13 0:00;0,163172065
20.06.13 0:00;0,163214676
21.06.13 0:00;0,163180053
22.06.13 0:00;0,163041706
23.06.13 0:00;0,163041706
24.06.13 0:00;0,163041706
25.06.13 0:00;0,162731282
26.06.13 0:00;0,162725986
27.06.13 0:00;0,162680983
28.06.13 0:00;0,16262807
29.06.13 0:00;0,162930136
30.06.13 0:00;0,162930136
01.07.13 0:00;0,162930136
02.07.13 0:00;0,163060316
03.07.13 0:00;0,16305234
04.07.13 0:00;0,16311085
05.07.13 0:00;0,163243984
06.07.13 0:00;0,163062975
07.07.13 0:00;0,163062975
08.07.13 0:00;0,163062975
09.07.13 0:00;0,163031074
10.07.13 0:00;0,163145444
11.07.13 0:00;0,1630231
12.07.13 0:00;0,162993871
13.07.13 0:00;0,16293279
14.07.13 0:00;0,16293279
15.07.13 0:00;0,16293279
16.07.13 0:00;0,162930136
17.07.13 0:00;0,162999185
18.07.13 0:00;0,162991215
19.07.13 0:00;0,162831974
20.07.13 0:00;0,162922172
21.07.13 0:00;0,162922172
22.07.13 0:00;0,162922172
23.07.13 0:00;0,16284258
24.07.13 0:00;0,162935445
25.07.13 0:00;0,162972621
26.07.13 0:00;0,163007156
27.07.13 0:00;0,163086909
28.07.13 0:00;0,163086909
29.07.13 0:00;0,163086909
30.07.13 0:00;0,163065634
31.07.13 0:00;0,163086909
01.08.13 0:00;0,163161416
02.08.13 0:00;0,163121493
03.08.13 0:00;0,163145444
04.08.13 0:00;0,163145444
05.08.13 0:00;0,163145444
06.08.13 0:00;0,163273303
07.08.13 0:00;0,163353317
08.08.13 0:00;0,163420055
09.08.13 0:00;0,163361323
10.08.13 0:00;0,16334798
11.08.13 0:00;0,010620221
12.08.13 0:00;0,010517459
13.08.13 0:00;0,010214505
14.08.13 0:00;0,010208248
15.08.13 0:00;0,010252204
16.08.13 0:00;0,010169836
17.08.13 0:00;0,010044194
18.08.13 0:00;0,010117361
19.08.13 0:00;0,009775171
20.08.13 0:00;0,009522903
21.08.13 0:00;0,008973439
22.08.13 0:00;0,009113278
23.08.13 0:00;0,009298001
24.08.13 0:00;0,009200478
25.08.13 0:00;0,008945344
26.08.13 0:00;0,008910274
27.08.13 0:00;0,008514261
28.08.13 0:00;0,008504125
29.08.13 0:00;0,00850919
30.08.13 0:00;0,008114907
31.08.13 0:00;0,007724394
01.09.13 0:00;0,007796663
02.09.13 0:00;0,007851759
03.09.13 0:00;0,007837605
04.09.13 0:00;0,008293937
05.09.13 0:00;0,00829669
06.09.13 0:00;0,008596974
07.09.13 0:00;0,008399832
08.09.13 0:00;0,008577065
09.09.13 0:00;0,008331945
10.09.13 0:00;0,008233163
11.09.13 0:00;0,007971303
12.09.13 0:00;0,007951654
13.09.13 0:00;0,007904513
14.09.13 0:00;0,008059317
15.09.13 0:00;0,008026971
16.09.13 0:00;0,007996162
17.09.13 0:00;0,007938398
18.09.13 0:00;0,007917656
19.09.13 0:00;0,008052178
20.09.13 0:00;0,008136697
21.09.13 0:00;0,008153947
22.09.13 0:00;0,008153282
23.09.13 0:00;0,008181967
24.09.13 0:00;0,008160601
25.09.13 0:00;0,008102415
26.09.13 0:00;0,008098477
27.09.13 0:00;0,008097166
28.09.13 0:00;0,008016032
29.09.13 0:00;0,007988497
30.09.13 0:00;0,008123477
01.10.13 0:00;0,007968762
02.10.13 0:00;0,010019036
03.10.13 0:00;0,008560178
04.10.13 0:00;0,008244703
05.10.13 0:00;0,008254912
06.10.13 0:00;0,008218277
07.10.13 0:00;0,008114249
08.10.13 0:00;0,008043758
09.10.13 0:00;0,007946599
10.10.13 0:00;0,007955449
11.10.13 0:00;0,007967493
12.10.13 0:00;0,007903889
13.10.13 0:00;0,007667536
14.10.13 0:00;0,007516536
15.10.13 0:00;0,007212926
16.10.13 0:00;0,007276961
17.10.13 0:00;0,007006236
18.10.13 0:00;0,006684939
19.10.13 0:00;0,006257431
20.10.13 0:00;0,006132712
21.10.13 0:00;0,005741187
22.10.13 0:00;0,005438921
23.10.13 0:00;0,004984548
24.10.13 0:00;0,005460005
25.10.13 0:00;0,005614193
26.10.13 0:00;0,005685048
27.10.13 0:00;0,00538532
28.10.13 0:00;0,00532283
29.10.13 0:00;0,005045663
30.10.13 0:00;0,005140067
31.10.13 0:00;0,005044645
01.11.13 0:00;0,00503753
02.11.13 0:00;0,00497884
03.11.13 0:00;0,00481626
04.11.13 0:00;0,004440497
05.11.13 0:00;0,00417903
06.11.13 0:00;0,003941819
07.11.13 0:00;0,003529827
08.11.13 0:00;0,003088612
09.11.13 0:00;0,002974951
10.11.13 0:00;0,003206156
11.11.13 0:00;0,002953599
12.11.13 0:00;0,002855837
13.11.13 0:00;0,002579114
14.11.13 0:00;0,002392344
15.11.13 0:00;0,0025
16.11.13 0:00;0,002297425
17.11.13 0:00;0,002112959
18.11.13 0:00;0,001708934
19.11.13 0:00;0,001669449
20.11.13 0:00;0,001818182
21.11.13 0:00;0,001428571
22.11.13 0:00;0,001315789
23.11.13 0:00;0,001187366
24.11.13 0:00;0,001228924
25.11.13 0:00;0,001277514
26.11.13 0:00;0,001177066
27.11.13 0:00;0,001054852
28.11.13 0:00;0,000990099
29.11.13 0:00;0,000902926
30.11.13 0:00;0,000898998
01.12.13 0:00;0,00104712
02.12.13 0:00;0,001001934
03.12.13 0:00;0,000954217
04.12.13 0:00;0,000873362
05.12.13 0:00;0,000970327
06.12.13 0:00;0,001146053
07.12.13 0:00;0,00124911
08.12.13 0:00;0,001369863
09.12.13 0:00;0,001068616
10.12.13 0:00;0,000977517
11.12.13 0:00;0,001084858
12.12.13 0:00;0,001110457
13.12.13 0:00;0,00109583
14.12.13 0:00;0,001113648
15.12.13 0:00;0,001156243
16.12.13 0:00;0,001418903
17.12.13 0:00;0,001366232
18.12.13 0:00;0,001813631
19.12.13 0:00;0,001424441
20.12.13 0:00;0,001669449
21.12.13 0:00;0,001645603
22.12.13 0:00;0,001607459
23.12.13 0:00;0,001561597
24.12.13 0:00;0,001544807
25.12.13 0:00;0,164703945
26.12.13 0:00;0,001351351
27.12.13 0:00;0,001391033
28.12.13 0:00;0,001426534
29.12.13 0:00;0,001399992
30.12.13 0:00;0,00135641
31.12.13 0:00;0,001374174
01.01.14 0:00;0,001350804
02.01.14 0:00;0,001290323
03.01.14 0:00;0,001231451
04.01.14 0:00;0,001247132
05.01.14 0:00;0,001106195
06.01.14 0:00;0,001070034
07.01.14 0:00;0,001264223
08.01.14 0:00;0,001206942
09.01.14 0:00;0,001176471
10.01.14 0:00;0,001197963
11.01.14 0:00;0,001114976
12.01.14 0:00;0,001125999
13.01.14 0:00;0,001221896
14.01.14 0:00;0,001209409
15.01.14 0:00;0,001190859
16.01.14 0:00;0,001213592
17.01.14 0:00;0,001267427
18.01.14 0:00;0,00125
19.01.14 0:00;0,001204819
20.01.14 0:00;0,00121455
21.01.14 0:00;0,001234568
22.01.14 0:00;0,001239157
23.01.14 0:00;0,001225175
24.01.14 0:00;0,001278985
25.01.14 0:00;0,001234568
26.01.14 0:00;0,001235102
27.01.14 0:00;0,001315288
28.01.14 0:00;0,001257862
29.01.14 0:00;0,00125
30.01.14 0:00;0,001243858
31.01.14 0:00;0,00125
01.02.14 0:00;0,001227521
02.02.14 0:00;0,164989276
03.02.14 0:00;0,001234568
04.02.14 0:00;0,001230012
05.02.14 0:00;0,001264223
06.02.14 0:00;0,001296092
07.02.14 0:00;0,001388889
08.02.14 0:00;0,001449275
09.02.14 0:00;0,001408451
10.02.14 0:00;0,001415789
11.02.14 0:00;0,00151775
12.02.14 0:00;0,001459854
13.02.14 0:00;0,00157664
14.02.14 0:00;0,001466276
15.02.14 0:00;0,001530503
16.02.14 0:00;0,001644737
17.02.14 0:00;0,001506364
18.02.14 0:00;0,001592357
19.02.14 0:00;0,001586269
20.02.14 0:00;0,001727474
21.02.14 0:00;0,001760563
22.02.14 0:00;0,001680051
23.02.14 0:00;0,001615509
24.02.14 0:00;0,001777999
25.02.14 0:00;0,001941748
26.02.14 0:00;0,001718213
27.02.14 0:00;0,001727116
28.02.14 0:00;0,001769912
01.03.14 0:00;0,001759913
02.03.14 0:00;0,001783739
03.03.14 0:00;0,001519757
04.03.14 0:00;0,001497006
05.03.14 0:00;0,001481481
06.03.14 0:00;0,001508296
07.03.14 0:00;0,001610306
08.03.14 0:00;0,001628293
09.03.14 0:00;0,001610306
10.03.14 0:00;0,001626016
11.03.14 0:00;0,001626016
12.03.14 0:00;0,001538462
13.03.14 0:00;0,001557657
14.03.14 0:00;0,001587302
15.03.14 0:00;0,001558506
16.03.14 0:00;0,001574778
17.03.14 0:00;0,001601717
18.03.14 0:00;0,001617155
19.03.14 0:00;0,001636661
20.03.14 0:00;0,001713855
21.03.14 0:00;0,001758087
22.03.14 0:00;0,001785714
23.03.14 0:00;0,00176616
24.03.14 0:00;0,001694915
25.03.14 0:00;0,001718184
26.03.14 0:00;0,001680672
27.03.14 0:00;0,002005897
28.03.14 0:00;0,002010293
29.03.14 0:00;0,002032851
30.03.14 0:00;0,002154708
31.03.14 0:00;0,002212389
01.04.14 0:00;0,002071122
02.04.14 0:00;0,002255656
03.04.14 0:00;0,002228263
04.04.14 0:00;0,002222272
05.04.14 0:00;0,002170139
06.04.14 0:00;0,002204148
07.04.14 0:00;0,002201673
08.04.14 0:00;0,002228412
09.04.14 0:00;0,002259887
10.04.14 0:00;0,002702703
11.04.14 0:00;0,002402345
12.04.14 0:00;0,002409639
13.04.14 0:00;0,0024739
14.04.14 0:00;0,002178649
15.04.14 0:00;0,001941748
16.04.14 0:00;0,001914792
17.04.14 0:00;0,001997164
18.04.14 0:00;0,00203857
19.04.14 0:00;0,001980198
20.04.14 0:00;0,00195141
21.04.14 0:00;0,002012072
22.04.14 0:00;0,00204918
23.04.14 0:00;0,002039942
24.04.14 0:00;0,00201005
25.04.14 0:00;0,002173913
26.04.14 0:00;0,002178649
27.04.14 0:00;0,002265262
28.04.14 0:00;0,002232143
29.04.14 0:00;0,002304147
30.04.14 0:00;0,002230798
01.05.14 0:00;0,002178649
02.05.14 0:00;0,002205072
03.05.14 0:00;0,002269941
04.05.14 0:00;0,002320886
05.05.14 0:00;0,002341866
06.05.14 0:00;0,002325581
07.05.14 0:00;0,002283105
08.05.14 0:00;0,002258356
09.05.14 0:00;0,002242152
10.05.14 0:00;0,002216803
11.05.14 0:00;0,002314815
12.05.14 0:00;0,002272727
13.05.14 0:00;0,002287021
14.05.14 0:00;0,002252252
15.05.14 0:00;0,002262495
16.05.14 0:00;0,002261011
17.05.14 0:00;0,002262597
18.05.14 0:00;0,002279202
19.05.14 0:00;0,00227806
20.05.14 0:00;0,002101061
21.05.14 0:00;0,002093583
22.05.14 0:00;0,001990842
23.05.14 0:00;0,001962516
24.05.14 0:00;0,001990842
25.05.14 0:00;0,001766316
26.05.14 0:00;0,00173913
27.05.14 0:00;0,001754386
28.05.14 0:00;0,001733072
29.05.14 0:00;0,001745231
30.05.14 0:00;0,001589825
31.05.14 0:00;0,001573317
01.06.14 0:00;0,00154679
02.06.14 0:00;0,001493652
03.06.14 0:00;0,001464386
04.06.14 0:00;0,00153306
05.06.14 0:00;0,001507727
06.06.14 0:00;0,001526718
07.06.14 0:00;0,001508296
08.06.14 0:00;0,001509776
09.06.14 0:00;0,001529684
10.06.14 0:00;0,001529894
11.06.14 0:00;0,001569612
12.06.14 0:00;0,001694887
13.06.14 0:00;0,001716473
14.06.14 0:00;0,001803849
15.06.14 0:00;0,001751313
16.06.14 0:00;0,001724138
17.06.14 0:00;0,001628002
18.06.14 0:00;0,001635323
19.06.14 0:00;0,00166113
20.06.14 0:00;0,001663894
21.06.14 0:00;0,001662206
22.06.14 0:00;0,001645278
23.06.14 0:00;0,001668753
24.06.14 0:00;0,001702765
25.06.14 0:00;0,001760346
26.06.14 0:00;0,001730403
27.06.14 0:00;0,001649675
28.06.14 0:00;0,001666389
29.06.14 0:00;0,001656589
30.06.14 0:00;0,001562476
01.07.14 0:00;0,001536641
02.07.14 0:00;0,001543448
03.07.14 0:00;0,001553712
04.07.14 0:00;0,001581678
05.07.14 0:00;0,001587302
06.07.14 0:00;0,001579155
07.07.14 0:00;0,001602564
08.07.14 0:00;0,001616815
09.07.14 0:00;0,001612279
10.07.14 0:00;0,001639344
11.07.14 0:00;0,001598721
12.07.14 0:00;0,001597444
13.07.14 0:00;0,001602564
14.07.14 0:00;0,001606684
15.07.14 0:00;0,001610643
16.07.14 0:00;0,001610202
17.07.14 0:00;0,001593372
18.07.14 0:00;0,001593727
19.07.14 0:00;0,00159936
20.07.14 0:00;0,001615744
21.07.14 0:00;0,00161345
22.07.14 0:00;0,001632413
23.07.14 0:00;0,001620194
24.07.14 0:00;0,001665806
25.07.14 0:00;0,001672241
26.07.14 0:00;0,001683502
27.07.14 0:00;0,00169348
28.07.14 0:00;0,001705379
29.07.14 0:00;0,00173913
30.07.14 0:00;0,001814882
31.07.14 0:00;0,001726996
01.08.14 0:00;0,001680898
02.08.14 0:00;0,001701404
03.08.14 0:00;0,001718036
04.08.14 0:00;0,001720845
05.08.14 0:00;0,001739282
06.08.14 0:00;0,001731602
07.08.14 0:00;0,001717475
08.08.14 0:00;0,001705292
09.08.14 0:00;0,001714384
10.08.14 0:00;0,001724138
11.08.14 0:00;0,001746725
12.08.14 0:00;0,001766784
13.08.14 0:00;0,001821494
14.08.14 0:00;0,001960784
15.08.14 0:00;0,001975387
16.08.14 0:00;0,001896921
17.08.14 0:00;0,001994734
18.08.14 0:00;0,002091175
19.08.14 0:00;0,002039568
20.08.14 0:00;0,001934311
21.08.14 0:00;0,001938473
22.08.14 0:00;0,001939601
23.08.14 0:00;0,0019994
24.08.14 0:00;0,00197122
25.08.14 0:00;0,00199005
26.08.14 0:00;0,001966839
27.08.14 0:00;0,001956985
28.08.14 0:00;0,001969473
29.08.14 0:00;0,001970366
30.08.14 0:00;0,002004008
31.08.14 0:00;0,002068809
01.09.14 0:00;0,002058333
02.09.14 0:00;0,002097359
03.09.14 0:00;0,002109527
04.09.14 0:00;0,002044154
05.09.14 0:00;0,002093846
06.09.14 0:00;0,00207762
07.09.14 0:00;0,002084506
08.09.14 0:00;0,002125715
09.09.14 0:00;0,002115686
10.09.14 0:00;0,002094987
11.09.14 0:00;0,002096041
12.09.14 0:00;0,002119497
13.09.14 0:00;0,002091613
14.09.14 0:00;0,00209868
15.09.14 0:00;0,002128112
16.09.14 0:00;0,002149937
17.09.14 0:00;0,002189286
18.09.14 0:00;0,002340934
19.09.14 0:00;0,002529916
20.09.14 0:00;0,002429602
21.09.14 0:00;0,002495695
22.09.14 0:00;0,002514648
23.09.14 0:00;0,002330296
24.09.14 0:00;0,00237863
25.09.14 0:00;0,00244445
26.09.14 0:00;0,002481574
27.09.14 0:00;0,002517306
28.09.14 0:00;0,00266873
29.09.14 0:00;0,002705628
30.09.14 0:00;0,002583045
01.10.14 0:00;0,002610966
02.10.14 0:00;0,002690052
03.10.14 0:00;0,002795717
04.10.14 0:00;0,003042658
05.10.14 0:00;0,003101256
06.10.14 0:00;0,003087945
07.10.14 0:00;0,003021422
08.10.14 0:00;0,002856816
09.10.14 0:00;0,00275141
10.10.14 0:00;0,002781564
11.10.14 0:00;0,002768013
12.10.14 0:00;0,002687955
13.10.14 0:00;0,002608582
14.10.14 0:00;0,002512942
15.10.14 0:00;0,002541554
16.10.14 0:00;0,002636505
17.10.14 0:00;0,002629849
18.10.14 0:00;0,002564103
19.10.14 0:00;0,002588997
20.10.14 0:00;0,00262481
21.10.14 0:00;0,002612057
22.10.14 0:00;0,002631856
23.10.14 0:00;0,002809147
24.10.14 0:00;0,002807806
25.10.14 0:00;0,002878443
26.10.14 0:00;0,002857224
27.10.14 0:00;0,002851847
28.10.14 0:00;0,002832059
29.10.14 0:00;0,0030012
30.10.14 0:00;0,002908245
31.10.14 0:00;0,002967359
01.11.14 0:00;0,003056422
02.11.14 0:00;0,003100775
03.11.14 0:00;0,003090617
04.11.14 0:00;0,003059039
05.11.14 0:00;0,002962524
06.11.14 0:00;0,00286944
07.11.14 0:00;0,002928258
08.11.14 0:00;0,002898635
09.11.14 0:00;0,002777778
10.11.14 0:00;0,002717613
11.11.14 0:00;0,002724796
12.11.14 0:00;0,002393089
13.11.14 0:00;0,002384245
14.11.14 0:00;0,002505826
15.11.14 0:00;0,002655972
16.11.14 0:00;0,002575925
17.11.14 0:00;0,002580246
18.11.14 0:00;0,002702703
19.11.14 0:00;0,002637409
20.11.14 0:00;0,002809936
21.11.14 0:00;0,002862623
22.11.14 0:00;0,002887253
23.11.14 0:00;0,002773387
24.11.14 0:00;0,002679887
25.11.14 0:00;0,002660848
26.11.14 0:00;0,002718352
27.11.14 0:00;0,002705847
28.11.14 0:00;0,002662619
29.11.14 0:00;0,002670298
30.11.14 0:00;0,002654491
01.12.14 0:00;0,002648305
02.12.14 0:00;0,002617733
03.12.14 0:00;0,002661415
04.12.14 0:00;0,002700805
05.12.14 0:00;0,002642776
06.12.14 0:00;0,002682619
07.12.14 0:00;0,002670726
08.12.14 0:00;0,00275247
09.12.14 0:00;0,002826056
10.12.14 0:00;0,002882509
11.12.14 0:00;0,002856816
12.12.14 0:00;0,002834146
13.12.14 0:00;0,002849977
14.12.14 0:00;0,002835512
15.12.14 0:00;0,002880267
16.12.14 0:00;0,003024712
17.12.14 0:00;0,003142776
18.12.14 0:00;0,003244015
19.12.14 0:00;0,003167163
20.12.14 0:00;0,003038867
21.12.14 0:00;0,003152486
22.12.14 0:00;0,003039329
23.12.14 0:00;0,003003815
24.12.14 0:00;0,003097989
25.12.14 0:00;0,003134796
26.12.14 0:00;0,003044233
27.12.14 0:00;0,003165459
28.12.14 0:00;0,003149309
29.12.14 0:00;0,00320595
30.12.14 0:00;0,003238447
31.12.14 0:00;0,003154574
01.01.15 0:00;0,003186235
02.01.15 0:00;0,003173495
03.01.15 0:00;0,003546225
04.01.15 0:00;0,003864286
05.01.15 0:00;0,003660322
06.01.15 0:00;0,003503977
07.01.15 0:00;0,003367003
08.01.15 0:00;0,00350091
09.01.15 0:00;0,003414951
10.01.15 0:00;0,003635835
11.01.15 0:00;0,003756715
12.01.15 0:00;0,003736642
13.01.15 0:00;0,004350853
14.01.15 0:00;0,005459707
15.01.15 0:00;0,004593055
16.01.15 0:00;0,004838398
17.01.15 0:00;0,004969438
18.01.15 0:00;0,004765309
19.01.15 0:00;0,004690212
20.01.15 0:00;0,004587156
21.01.15 0:00;0,004434393
22.01.15 0:00;0,004418522
23.01.15 0:00;0,004255319
24.01.15 0:00;0,004166667
25.01.15 0:00;0,00392881
26.01.15 0:00;0,003643253
27.01.15 0:00;0,003792907
28.01.15 0:00;0,004235673
29.01.15 0:00;0,004254776
30.01.15 0:00;0,004365478
31.01.15 0:00;0,004577707
01.02.15 0:00;0,004367003
02.02.15 0:00;0,004204684
03.02.15 0:00;0,004374836
04.02.15 0:00;0,004403153
05.02.15 0:00;0,004613397
06.02.15 0:00;0,004480287
07.02.15 0:00;0,004366812
08.02.15 0:00;0,004464485
09.02.15 0:00;0,00452284
10.02.15 0:00;0,00452755
11.02.15 0:00;0,004549798
12.02.15 0:00;0,004497009
13.02.15 0:00;0,004236211
14.02.15 0:00;0,003888025
15.02.15 0:00;0,004239444
16.02.15 0:00;0,004280822
17.02.15 0:00;0,004098361
18.02.15 0:00;0,004231909
19.02.15 0:00;0,004163197
20.02.15 0:00;0,00408998
21.02.15 0:00;0,00407249
22.02.15 0:00;0,00422833
23.02.15 0:00;0,004177109
24.02.15 0:00;0,004171359
25.02.15 0:00;0,004201857
26.02.15 0:00;0,004220656
27.02.15 0:00;0,003922184
28.02.15 0:00;0,003910833
01.03.15 0:00;0,003810976
02.03.15 0:00;0,003606203
03.03.15 0:00;0,003524229
04.03.15 0:00;0,003658581
05.03.15 0:00;0,003601138
06.03.15 0:00;0,003660322
07.03.15 0:00;0,003610499
08.03.15 0:00;0,003628579
09.03.15 0:00;0,003436072
10.03.15 0:00;0,003416467
11.03.15 0:00;0,003370408
12.03.15 0:00;0,003383408
13.03.15 0:00;0,003530076
14.03.15 0:00;0,00353857
15.03.15 0:00;0,003485535
16.03.15 0:00;0,00343383
17.03.15 0:00;0,003505697
18.03.15 0:00;0,003886514
19.03.15 0:00;0,003818834
20.03.15 0:00;0,003814028
21.03.15 0:00;0,003839214
22.03.15 0:00;0,003719961
23.03.15 0:00;0,003742095
24.03.15 0:00;0,004065041
25.03.15 0:00;0,004066363
26.03.15 0:00;0,004013002
27.03.15 0:00;0,004056795
28.03.15 0:00;0,00395335
29.03.15 0:00;0,004124732
30.03.15 0:00;0,004033397
31.03.15 0:00;0,004092825
01.04.15 0:00;0,004049731
02.04.15 0:00;0,003948979
03.04.15 0:00;0,003933446
04.04.15 0:00;0,003943218
05.04.15 0:00;0,003838772
06.04.15 0:00;0,00391221
07.04.15 0:00;0,003941508
08.04.15 0:00;0,004082966
09.04.15 0:00;0,004105427
10.04.15 0:00;0,004235135
11.04.15 0:00;0,004221903
12.04.15 0:00;0,004230476
13.04.15 0:00;0,004444444
14.04.15 0:00;0,004541532
15.04.15 0:00;0,004464684
16.04.15 0:00;0,004376942
17.04.15 0:00;0,004496403
18.04.15 0:00;0,004482697
19.04.15 0:00;0,004500248
20.04.15 0:00;0,004460104
21.04.15 0:00;0,004240882
22.04.15 0:00;0,004270949
23.04.15 0:00;0,004237109
24.04.15 0:00;0,004321895
25.04.15 0:00;0,004422822
26.04.15 0:00;0,004551661
27.04.15 0:00;0,004392129
28.04.15 0:00;0,004438526
29.04.15 0:00;0,004439906
30.04.15 0:00;0,004235314
01.05.15 0:00;0,004314436
02.05.15 0:00;0,004258762
03.05.15 0:00;0,004154549
04.05.15 0:00;0,004192169
05.05.15 0:00;0,004239624
06.05.15 0:00;0,00436167
07.05.15 0:00;0,004214253
08.05.15 0:00;0,00408998
09.05.15 0:00;0,004123031
10.05.15 0:00;0,004156794
11.05.15 0:00;0,004124222
12.05.15 0:00;0,004135991
13.05.15 0:00;0,004240882
14.05.15 0:00;0,004225114
15.05.15 0:00;0,004214075
16.05.15 0:00;0,004242681
17.05.15 0:00;0,004233342
18.05.15 0:00;0,004295164
19.05.15 0:00;0,004315926
20.05.15 0:00;0,004269126
21.05.15 0:00;0,004250436
22.05.15 0:00;0,004149894
23.05.15 0:00;0,004187429
24.05.15 0:00;0,004150239
25.05.15 0:00;0,00421763
26.05.15 0:00;0,00421301
27.05.15 0:00;0,004222081
28.05.15 0:00;0,004221903
29.05.15 0:00;0,004227972
30.05.15 0:00;0,004300335
31.05.15 0:00;0,00437254
01.06.15 0:00;0,004504505
02.06.15 0:00;0,004450774
03.06.15 0:00;0,004442273
04.06.15 0:00;0,004479484
05.06.15 0:00;0,004454145
06.06.15 0:00;0,004431642
07.06.15 0:00;0,004479083
08.06.15 0:00;0,004371394
09.06.15 0:00;0,004365859
10.06.15 0:00;0,004374453
11.06.15 0:00;0,004351231
12.06.15 0:00;0,004358438
13.06.15 0:00;0,004294241
14.06.15 0:00;0,004281922
15.06.15 0:00;0,004219765
16.06.15 0:00;0,003966995
17.06.15 0:00;0,004016871
18.06.15 0:00;0,004007855
19.06.15 0:00;0,004088642
20.06.15 0:00;0,004075312
21.06.15 0:00;0,004094166
22.06.15 0:00;0,004053999
23.06.15 0:00;0,004094166
24.06.15 0:00;0,004170142
25.06.15 0:00;0,004131378
26.06.15 0:00;0,004110321
27.06.15 0:00;0,003974405
28.06.15 0:00;0,004020585
29.06.15 0:00;0,00389575
30.06.15 0:00;0,003803872
01.07.15 0:00;0,003874467
02.07.15 0:00;0,003928964
03.07.15 0:00;0,003905487
04.07.15 0:00;0,003837593
05.07.15 0:00;0,003770739
06.07.15 0:00;0,003638613
07.07.15 0:00;0,003766336
08.07.15 0:00;0,003692353
09.07.15 0:00;0,003714434
10.07.15 0:00;0,003487967
11.07.15 0:00;0,161051343
12.07.15 0:00;0,003214194
13.07.15 0:00;0,003417051
14.07.15 0:00;0,0034859
15.07.15 0:00;0,003503363
16.07.15 0:00;0,003585129
17.07.15 0:00;0,003573343
18.07.15 0:00;0,003606853
19.07.15 0:00;0,003635967
20.07.15 0:00;0,003567479
21.07.15 0:00;0,003626079
22.07.15 0:00;0,003597252
23.07.15 0:00;0,003616506
24.07.15 0:00;0,003465003
25.07.15 0:00;0,003455903
26.07.15 0:00;0,003412853
27.07.15 0:00;0,00339167
28.07.15 0:00;0,00338719
29.07.15 0:00;0,003449227
30.07.15 0:00;0,003469692
31.07.15 0:00;0,003515556
01.08.15 0:00;0,003567224
02.08.15 0:00;0,003539948
03.08.15 0:00;0,003555303
04.08.15 0:00;0,003502995
05.08.15 0:00;0,003538445
06.08.15 0:00;0,003583202
07.08.15 0:00;0,003569899
08.08.15 0:00;0,003826433
09.08.15 0:00;0,003765344
10.08.15 0:00;0,003772161
11.08.15 0:00;0,003677011
12.08.15 0:00;0,003744056
13.08.15 0:00;0,003781147
14.08.15 0:00;0,003758127
15.08.15 0:00;0,003814755
16.08.15 0:00;0,003847634
17.08.15 0:00;0,003868622
18.08.15 0:00;0,005464182
19.08.15 0:00;0,004420085
20.08.15 0:00;0,004245563
21.08.15 0:00;0,004307189
22.08.15 0:00;0,004342728
23.08.15 0:00;0,004375793
24.08.15 0:00;0,004750594
25.08.15 0:00;0,004491152
26.08.15 0:00;0,004420671
27.08.15 0:00;0,004428698
28.08.15 0:00;0,004313506
29.08.15 0:00;0,004333694
30.08.15 0:00;0,004348015
31.08.15 0:00;0,004322455
01.09.15 0:00;0,004381353
02.09.15 0:00;0,004353315
03.09.15 0:00;0,00440044
04.09.15 0:00;0,004331067
05.09.15 0:00;0,004240163
06.09.15 0:00;0,004149894
07.09.15 0:00;0,004151962
08.09.15 0:00;0,004095004
09.09.15 0:00;0,004184976
10.09.15 0:00;0,00417554
11.09.15 0:00;0,004156276
12.09.15 0:00;0,004241422
13.09.15 0:00;0,004329754
14.09.15 0:00;0,004331067
15.09.15 0:00;0,004330317
16.09.15 0:00;0,004367003
17.09.15 0:00;0,004280639
18.09.15 0:00;0,004277526
19.09.15 0:00;0,004308673
20.09.15 0:00;0,004308116
21.09.15 0:00;0,004401021
22.09.15 0:00;0,00432395
23.09.15 0:00;0,004337642
24.09.15 0:00;0,004261666
25.09.15 0:00;0,004250616
26.09.15 0:00;0,00426203
27.09.15 0:00;0,004285041
28.09.15 0:00;0,004159215
29.09.15 0:00;0,004222973
30.09.15 0:00;0,004228509
01.10.15 0:00;0,004193224
02.10.15 0:00;0,004204154
03.10.15 0:00;0,004170316
04.10.15 0:00;0,004175365
05.10.15 0:00;0,004132061
06.10.15 0:00;0,004042691
07.10.15 0:00;0,004095004
08.10.15 0:00;0,004115734
09.10.15 0:00;0,004084634
10.10.15 0:00;0,004064875
11.10.15 0:00;0,004033559
12.10.15 0:00;0,004063554
13.10.15 0:00;0,0039801
14.10.15 0:00;0,003944151
15.10.15 0:00;0,003918649
16.10.15 0:00;0,003795499
17.10.15 0:00;0,003663809
18.10.15 0:00;0,003773015
19.10.15 0:00;0,003772873
20.10.15 0:00;0,003690445
21.10.15 0:00;0,00373413
22.10.15 0:00;0,003625421
23.10.15 0:00;0,003581534
24.10.15 0:00;0,003518773
25.10.15 0:00;0,003511359
26.10.15 0:00;0,003481652
27.10.15 0:00;0,003387878
28.10.15 0:00;0,003284072
29.10.15 0:00;0,003175813
30.10.15 0:00;0,003047015
31.10.15 0:00;0,003164557
01.11.15 0:00;0,00302398
02.11.15 0:00;0,002739726
03.11.15 0:00;0,002467369
04.11.15 0:00;0,002443554
05.11.15 0:00;0,002577585
06.11.15 0:00;0,00266269
07.11.15 0:00;0,002600036
08.11.15 0:00;0,002673797
09.11.15 0:00;0,002624603
10.11.15 0:00;0,002939447
11.11.15 0:00;0,003184713
12.11.15 0:00;0,00297115
13.11.15 0:00;0,002953861
14.11.15 0:00;0,0029994
15.11.15 0:00;0,003114586
16.11.15 0:00;0,003010779
17.11.15 0:00;0,002973624
18.11.15 0:00;0,002976633
19.11.15 0:00;0,003062787
20.11.15 0:00;0,003103662
21.11.15 0:00;0,003052969
22.11.15 0:00;0,003080145
23.11.15 0:00;0,003089948
24.11.15 0:00;0,003124024
25.11.15 0:00;0,003031681
26.11.15 0:00;0,002824939
27.11.15 0:00;0,002786291
28.11.15 0:00;0,002787767
29.11.15 0:00;0,002678882
30.11.15 0:00;0,002653364
01.12.15 0:00;0,002757252
02.12.15 0:00;0,002784429
03.12.15 0:00;0,002772156
04.12.15 0:00;0,002753531
05.12.15 0:00;0,002564103
06.12.15 0:00;0,002560164
07.12.15 0:00;0,002520797
08.12.15 0:00;0,002376539
09.12.15 0:00;0,002388174
10.12.15 0:00;0,002409987
11.12.15 0:00;0,002191637
12.12.15 0:00;0,002295315
13.12.15 0:00;0,002309469
14.12.15 0:00;0,002259427
15.12.15 0:00;0,002143623
16.12.15 0:00;0,002198044
17.12.15 0:00;0,002193752
18.12.15 0:00;0,002157404
19.12.15 0:00;0,002162349
20.12.15 0:00;0,002259274
21.12.15 0:00;0,00228347
22.12.15 0:00;0,002295421
23.12.15 0:00;0,002259274
24.12.15 0:00;0,002192357
25.12.15 0:00;0,002195534
26.12.15 0:00;0,002400903
27.12.15 0:00;0,002367592
28.12.15 0:00;0,002379593
29.12.15 0:00;0,002315619
30.12.15 0:00;0,002354603
31.12.15 0:00;0,002330894
01.01.16 0:00;0,002304254
02.01.16 0:00;0,00231107
03.01.16 0:00;0,002332851
04.01.16 0:00;0,002310002
05.01.16 0:00;0,002315672
06.01.16 0:00;0,002336503
07.01.16 0:00;0,002178412
08.01.16 0:00;0,002202643
09.01.16 0:00;0,002226031
10.01.16 0:00;0,002225437
11.01.16 0:00;0,002225883
12.01.16 0:00;0,002314547
13.01.16 0:00;0,002319755
14.01.16 0:00;0,002329645
15.01.16 0:00;0,00278668
16.01.16 0:00;0,002574533
17.01.16 0:00;0,002617321
18.01.16 0:00;0,002583712
19.01.16 0:00;0,002638801
20.01.16 0:00;0,002384302
21.01.16 0:00;0,00243309
22.01.16 0:00;0,002624948
23.01.16 0:00;0,002593563
24.01.16 0:00;0,002482807
25.01.16 0:00;0,002557676
26.01.16 0:00;0,002555453
27.01.16 0:00;0,002531838
28.01.16 0:00;0,002642776
29.01.16 0:00;0,002648095
30.01.16 0:00;0,002652801
31.01.16 0:00;0,002735978
01.02.16 0:00;0,00269237
02.02.16 0:00;0,002681684
03.02.16 0:00;0,002710174
04.02.16 0:00;0,002565418
05.02.16 0:00;0,002587054
06.02.16 0:00;0,002675585
07.02.16 0:00;0,0026881
08.02.16 0:00;0,002699128
09.02.16 0:00;0,002674011
10.02.16 0:00;0,00262543
11.02.16 0:00;0,002645503
12.02.16 0:00;0,002611102
13.02.16 0:00;0,002544594
14.02.16 0:00;0,00244918
15.02.16 0:00;0,002500625
16.02.16 0:00;0,002455374
17.02.16 0:00;0,002410452
18.02.16 0:00;0,002372479
19.02.16 0:00;0,002381009
20.02.16 0:00;0,002279462
21.02.16 0:00;0,002270251
22.02.16 0:00;0,002271333
23.02.16 0:00;0,002374564
24.02.16 0:00;0,002345436
25.02.16 0:00;0,002353606
26.02.16 0:00;0,002297213
27.02.16 0:00;0,002303033
28.02.16 0:00;0,002301655
29.02.16 0:00;0,002277074
01.03.16 0:00;0,002299802
02.03.16 0:00;0,002368434
03.03.16 0:00;0,002377782
04.03.16 0:00;0,002446064
05.03.16 0:00;0,00251661
06.03.16 0:00;0,002475799
07.03.16 0:00;0,002423068
08.03.16 0:00;0,00243102
09.03.16 0:00;0,002421659
10.03.16 0:00;0,002400903
11.03.16 0:00;0,002378178
12.03.16 0:00;0,002438965
13.03.16 0:00;0,002428245
14.03.16 0:00;0,002403904
15.03.16 0:00;0,002406739
16.03.16 0:00;0,002396472
17.03.16 0:00;0,00238806
18.03.16 0:00;0,002452784
19.03.16 0:00;0,00244852
20.03.16 0:00;0,002431611
21.03.16 0:00;0,002427892
22.03.16 0:00;0,00239412
23.03.16 0:00;0,002391658
24.03.16 0:00;0,002407898
25.03.16 0:00;0,002403846
26.03.16 0:00;0,00239975
27.03.16 0:00;0,002339893
28.03.16 0:00;0,002358157
29.03.16 0:00;0,002404945
30.03.16 0:00;0,002420136
31.03.16 0:00;0,002403731
01.04.16 0:00;0,002394865
02.04.16 0:00;0,002379253
03.04.16 0:00;0,002377556
04.04.16 0:00;0,002378348
05.04.16 0:00;0,002359882
06.04.16 0:00;0,002366472
07.04.16 0:00;0,002368097
08.04.16 0:00;0,002389486
09.04.16 0:00;0,002389658
10.04.16 0:00;0,002373493
11.04.16 0:00;0,002359938
12.04.16 0:00;0,002344171
13.04.16 0:00;0,002354326
14.04.16 0:00;0,002347363
15.04.16 0:00;0,002317605
16.04.16 0:00;0,0023146
17.04.16 0:00;0,002333668
18.04.16 0:00;0,002325365
19.04.16 0:00;0,002284357
20.04.16 0:00;0,002252506
21.04.16 0:00;0,002212243
22.04.16 0:00;0,00223314
23.04.16 0:00;0,002204148
24.04.16 0:00;0,002159781
25.04.16 0:00;0,00216558
26.04.16 0:00;0,002136113
27.04.16 0:00;0,002246737
28.04.16 0:00;0,002219953
29.04.16 0:00;0,002196258
30.04.16 0:00;0,00223914
01.05.16 0:00;0,002216754
02.05.16 0:00;0,002253623
03.05.16 0:00;0,002220298
04.05.16 0:00;0,002235236
05.05.16 0:00;0,002230152
06.05.16 0:00;0,002168351
07.05.16 0:00;0,002172968
08.05.16 0:00;0,002174528
09.05.16 0:00;0,002166566
10.05.16 0:00;0,002218771
11.05.16 0:00;0,00221102
12.05.16 0:00;0,002197802
13.05.16 0:00;0,002194089
14.05.16 0:00;0,002193945
15.05.16 0:00;0,002183931
16.05.16 0:00;0,002207506
17.05.16 0:00;0,002206337
18.05.16 0:00;0,002205023
19.05.16 0:00;0,002298851
20.05.16 0:00;0,002264647
21.05.16 0:00;0,002268551
22.05.16 0:00;0,002285819
23.05.16 0:00;0,002253978
24.05.16 0:00;0,00224704
25.05.16 0:00;0,002226874
26.05.16 0:00;0,002202886
27.05.16 0:00;0,002118509
28.05.16 0:00;0,001897497
29.05.16 0:00;0,001883239
30.05.16 0:00;0,00187656
31.05.16 0:00;0,001884339
01.06.16 0:00;0,001862926
02.06.16 0:00;0,001855976
03.06.16 0:00;0,001751712
04.06.16 0:00;0,001746206
05.06.16 0:00;0,00174216
06.06.16 0:00;0,001708759
07.06.16 0:00;0,001733463
08.06.16 0:00;0,001715119
09.06.16 0:00;0,001737559
10.06.16 0:00;0,0017239
11.06.16 0:00;0,001627286
12.06.16 0:00;0,001490313
13.06.16 0:00;0,001416671
14.06.16 0:00;0,001460899
15.06.16 0:00;0,001434967
16.06.16 0:00;0,00129963
17.06.16 0:00;0,00133572
18.06.16 0:00;0,001319958
19.06.16 0:00;0,001303271
20.06.16 0:00;0,001344267
21.06.16 0:00;0,001495036
22.06.16 0:00;0,001650111
23.06.16 0:00;0,001597955
24.06.16 0:00;0,001501389
25.06.16 0:00;0,001504053
26.06.16 0:00;0,001593829
27.06.16 0:00;0,001510118
28.06.16 0:00;0,001547269
29.06.16 0:00;0,001563282
30.06.16 0:00;0,001482052
01.07.16 0:00;0,00148203
02.07.16 0:00;0,001418359
03.07.16 0:00;0,001516783
04.07.16 0:00;0,001467696
05.07.16 0:00;0,001497544
06.07.16 0:00;0,001477018
07.07.16 0:00;0,001561256
08.07.16 0:00;0,001504212
09.07.16 0:00;0,001542948
10.07.16 0:00;0,001539125
11.07.16 0:00;0,001543329
12.07.16 0:00;0,001498823
13.07.16 0:00;0,001529754
14.07.16 0:00;0,001515657
15.07.16 0:00;0,00150263
16.07.16 0:00;0,001503014
17.07.16 0:00;0,0014637
18.07.16 0:00;0,001483019
19.07.16 0:00;0,001481481
20.07.16 0:00;0,00150184
21.07.16 0:00;0,001503737
22.07.16 0:00;0,001543115
23.07.16 0:00;0,001528982
24.07.16 0:00;0,001510985
25.07.16 0:00;0,001528655
26.07.16 0:00;0,001542091
27.07.16 0:00;0,001527861
28.07.16 0:00;0,149925037
29.07.16 0:00;0,001518972
30.07.16 0:00;0,001526741
31.07.16 0:00;0,001603412
01.08.16 0:00;0,001644764
02.08.16 0:00;0,001655629
03.08.16 0:00;#DIV/0!
04.08.16 0:00;#DIV/0!
05.08.16 0:00;#DIV/0!
06.08.16 0:00;#DIV/0!
07.08.16 0:00;0,001655355
08.08.16 0:00;0,001655355
09.08.16 0:00;0,001655355
10.08.16 0:00;0,001694111
11.08.16 0:00;0,001691275
12.08.16 0:00;0,001707942
13.08.16 0:00;0,001713121
14.08.16 0:00;0,001756111
15.08.16 0:00;0,00177104
16.08.16 0:00;0,001741432
17.08.16 0:00;0,001748771
18.08.16 0:00;0,00174761
19.08.16 0:00;0,001743679
20.08.16 0:00;0,001718184
21.08.16 0:00;0,001719927
22.08.16 0:00;0,001700651
23.08.16 0:00;0,001713679
24.08.16 0:00;0,001723187
25.08.16 0:00;0,001732502
26.08.16 0:00;0,001730074
27.08.16 0:00;0,00175886
28.08.16 0:00;0,001741644
29.08.16 0:00;0,001739796
30.08.16 0:00;0,001725655
31.08.16 0:00;0,001735659
01.09.16 0:00;0,001746023
02.09.16 0:00;0,001724584
03.09.16 0:00;0,00163964
04.09.16 0:00;0,001627286
05.09.16 0:00;0,001635323
06.09.16 0:00;0,001625408
07.09.16 0:00;0,001613554
08.09.16 0:00;0,001582955
09.09.16 0:00;0,001596806
10.09.16 0:00;0,001592357
11.09.16 0:00;0,001633773
12.09.16 0:00;0,001635002
13.09.16 0:00;0,001628055
14.09.16 0:00;0,001628983
15.09.16 0:00;0,001634494
16.09.16 0:00;0,001639317
17.09.16 0:00;0,001645576
18.09.16 0:00;0,001631242
19.09.16 0:00;0,001639909
20.09.16 0:00;0,001666528
21.09.16 0:00;0,001673836
22.09.16 0:00;0,001674817
23.09.16 0:00;0,001657578
24.09.16 0:00;0,001659613
25.09.16 0:00;0,001665667
26.09.16 0:00;0,001641659
27.09.16 0:00;0,001651446
28.09.16 0:00;0,001656287
29.09.16 0:00;0,001653986
30.09.16 0:00;0,001636393
01.10.16 0:00;0,001628426
02.10.16 0:00;0,001641793
03.10.16 0:00;0,001632466
04.10.16 0:00;0,001636715
05.10.16 0:00;0,001628426
06.10.16 0:00;0,001629965
07.10.16 0:00;0,001612565
08.10.16 0:00;0,001611604
09.10.16 0:00;0,001621902
10.10.16 0:00;0,001615848
11.10.16 0:00;0,001558263
12.10.16 0:00;0,001568308
13.10.16 0:00;0,001569834
14.10.16 0:00;0,00155521
15.10.16 0:00;0,001562012
16.10.16 0:00;0,001552385
17.10.16 0:00;0,001563013
18.10.16 0:00;0,001565435
19.10.16 0:00;0,001582855
20.10.16 0:00;0,001581128
21.10.16 0:00;0,001570524
22.10.16 0:00;0,001503782
23.10.16 0:00;0,001517382
24.10.16 0:00;0,001527534
25.10.16 0:00;0,001516254
26.10.16 0:00;0,001473405
27.10.16 0:00;0,001452074
28.10.16 0:00;0,001442023
29.10.16 0:00;0,001399561
30.10.16 0:00;0,001423386
31.10.16 0:00;0,001420273
01.11.16 0:00;0,147584049
02.11.16 0:00;0,147786891
03.11.16 0:00;0,147994672
04.11.16 0:00;0,147828401
05.11.16 0:00;0,148005624
06.11.16 0:00;0,148005624
07.11.16 0:00;0,148005624
08.11.16 0:00;0,147566626
09.11.16 0:00;0,147331821
10.11.16 0:00;0,147492625
11.11.16 0:00;0,147017745
12.11.16 0:00;0,146788991
13.11.16 0:00;0,146788991
14.11.16 0:00;0,001413567
15.11.16 0:00;0,001404159
16.11.16 0:00;0,0013423
17.11.16 0:00;0,001350129
18.11.16 0:00;0,001326313
19.11.16 0:00;0,001328198
20.11.16 0:00;0,001370483
21.11.16 0:00;0,001353198
22.11.16 0:00;0,001333244
23.11.16 0:00;0,001347727
24.11.16 0:00;0,001355601
25.11.16 0:00;0,001350694
26.11.16 0:00;0,001367634
27.11.16 0:00;0,001379329
28.11.16 0:00;0,001367017
29.11.16 0:00;0,001367895
30.11.16 0:00;0,00135318
01.12.16 0:00;0,001323872
02.12.16 0:00;0,001290472
03.12.16 0:00;0,001306728
04.12.16 0:00;0,001301236
05.12.16 0:00;0,001332232
06.12.16 0:00;0,001320376
07.12.16 0:00;0,001307172
08.12.16 0:00;0,001307172
09.12.16 0:00;0,001297859
10.12.16 0:00;0,001293828
11.12.16 0:00;0,001298347
12.12.16 0:00;0,001285364
13.12.16 0:00;0,001290323
14.12.16 0:00;0,001291172
15.12.16 0:00;0,001286289
16.12.16 0:00;0,001275234
17.12.16 0:00;0,001264238
18.12.16 0:00;0,001265486
19.12.16 0:00;0,001264878
20.12.16 0:00;0,001253149
21.12.16 0:00;0,001204834
22.12.16 0:00;0,001163873
23.12.16 0:00;0,001088151
24.12.16 0:00;0,001117019
25.12.16 0:00;0,001113598
26.12.16 0:00;0,001103266
27.12.16 0:00;0,001068011
28.12.16 0:00;0,001018641
29.12.16 0:00;0,00102814
30.12.16 0:00;0,00104247
31.12.16 0:00;0,001034576
01.01.17 0:00;0,001001011
02.01.17 0:00;0,000981065
03.01.17 0:00;0,000963855
04.01.17 0:00;0,000877501
05.01.17 0:00;0,00099681
06.01.17 0:00;0,001113586
07.01.17 0:00;0,001100304
08.01.17 0:00;0,001091822
09.01.17 0:00;0,00110742
10.01.17 0:00;0,001104045
11.01.17 0:00;0,00128439
12.01.17 0:00;0,001242884
13.01.17 0:00;0,001207554
14.01.17 0:00;0,001226542
15.01.17 0:00;0,001218413
16.01.17 0:00;0,001204674
17.01.17 0:00;0,001106207
18.01.17 0:00;0,001126431
19.01.17 0:00;0,001110753
20.01.17 0:00;0,001116121
21.01.17 0:00;0,001082228
22.01.17 0:00;0,001082579
23.01.17 0:00;0,001098865
24.01.17 0:00;0,001128541
25.01.17 0:00;0,001119382
26.01.17 0:00;0,001092753
27.01.17 0:00;0,001090869
28.01.17 0:00;0,00108763
29.01.17 0:00;0,001095818
30.01.17 0:00;0,001090085
31.01.17 0:00;0,001034993
01.02.17 0:00;0,001016539
02.02.17 0:00;0,000994332
03.02.17 0:00;0,000984543
04.02.17 0:00;0,000969838
05.02.17 0:00;0,000993443
06.02.17 0:00;0,000977899
07.02.17 0:00;0,00095048
08.02.17 0:00;0,000953471
09.02.17 0:00;0,001015259
10.02.17 0:00;0,001008065
11.02.17 0:00;0,0009997
12.02.17 0:00;0,001004006
13.02.17 0:00;0,001003512
14.02.17 0:00;0,000986485
15.02.17 0:00;0,000986388
16.02.17 0:00;0,00096302
17.02.17 0:00;0,00094679
18.02.17 0:00;0,000943574
19.02.17 0:00;0,00094679
20.02.17 0:00;0,000916422
21.02.17 0:00;0,000885269
22.02.17 0:00;0,000888652
23.02.17 0:00;0,000839701
24.02.17 0:00;0,000843811
25.02.17 0:00;0,000867303
26.02.17 0:00;0,00084868
27.02.17 0:00;0,00083647
28.02.17 0:00;0,000840972
01.03.17 0:00;0,000811162
02.03.17 0:00;0,000792205
03.03.17 0:00;0,000776277
04.03.17 0:00;0,000788768
05.03.17 0:00;0,000782228
06.03.17 0:00;0,000781677
07.03.17 0:00;0,000811425
08.03.17 0:00;0,000870095
09.03.17 0:00;0,000840054
10.03.17 0:00;0,000897989
11.03.17 0:00;0,00085266
12.03.17 0:00;0,000816193
13.03.17 0:00;0,000807428
14.03.17 0:00;0,000803213
15.03.17 0:00;0,000796115
16.03.17 0:00;0,000855432
17.03.17 0:00;0,000935979
18.03.17 0:00;0,001029866
19.03.17 0:00;0,000984155
20.03.17 0:00;0,000962464
21.03.17 0:00;0,000896861
22.03.17 0:00;0,000962371
23.03.17 0:00;0,000968054
24.03.17 0:00;0,001060333
25.03.17 0:00;0,001028627
26.03.17 0:00;0,001031992
27.03.17 0:00;0,000959049
28.03.17 0:00;0,000957213
29.03.17 0:00;0,000959877
30.03.17 0:00;0,000960615
31.03.17 0:00;0,000924471
01.04.17 0:00;0,000914746
02.04.17 0:00;0,000902853
03.04.17 0:00;0,000869414
04.04.17 0:00;0,000873362
05.04.17 0:00;0,000876732
06.04.17 0:00;0,000839278
07.04.17 0:00;0,000835701
08.04.17 0:00;0,00084168
09.04.17 0:00;0,000822436
10.04.17 0:00;0,000819471
11.04.17 0:00;0,000809323
12.04.17 0:00;0,00081473
13.04.17 0:00;0,00084246
14.04.17 0:00;0,000828638
15.04.17 0:00;0,000838012
16.04.17 0:00;0,000825083
17.04.17 0:00;0,000806452
18.04.17 0:00;0,000790264
19.04.17 0:00;0,000793336
20.04.17 0:00;0,000764292
21.04.17 0:00;0,000754375
22.04.17 0:00;0,000742115
23.04.17 0:00;0,000737898
24.04.17 0:00;0,000743494
25.04.17 0:00;0,000729767
26.04.17 0:00;0,000714643
27.04.17 0:00;0,0006943
28.04.17 0:00;0,000706414
29.04.17 0:00;0,000702445
30.04.17 0:00;0,000696767
01.05.17 0:00;0,000652273
02.05.17 0:00;0,000641026
03.05.17 0:00;0,000618123
04.05.17 0:00;0,000622239
05.05.17 0:00;0,000647207
06.05.17 0:00;0,000626135
07.05.17 0:00;0,000617322
08.05.17 0:00;0,00058713
09.05.17 0:00;0,000568182
10.05.17 0:00;0,000556545
11.05.17 0:00;0,000539403
12.05.17 0:00;0,000576369
13.05.17 0:00;0,00054933
14.05.17 0:00;0,000547016
15.05.17 0:00;0,000564175
16.05.17 0:00;0,000560004
17.05.17 0:00;0,000534759
18.05.17 0:00;0,000515066
19.05.17 0:00;0,000508518
20.05.17 0:00;0,000485508
21.05.17 0:00;0,000492805
22.05.17 0:00;0,000479501
23.05.17 0:00;0,000444583
24.05.17 0:00;0,000417571
25.05.17 0:00;0,00044405
26.05.17 0:00;0,000470079
27.05.17 0:00;0,000507022
28.05.17 0:00;0,000486239
29.05.17 0:00;0,000453022
30.05.17 0:00;0,000465831
31.05.17 0:00;0,00045624
01.06.17 0:00;0,000432601
02.06.17 0:00;0,000415648
03.06.17 0:00;0,000406339
04.06.17 0:00;0,000401897
05.06.17 0:00;0,000379334
06.06.17 0:00;0,000351667
07.06.17 0:00;0,000378411
08.06.17 0:00;0,000359441
09.06.17 0:00;0,000355999
10.06.17 0:00;0,000356379
11.06.17 0:00;0,000340565
12.06.17 0:00;0,000388833
13.06.17 0:00;0,000373636
14.06.17 0:00;0,00041753
15.06.17 0:00;0,000420628
16.06.17 0:00;0,000410341
17.06.17 0:00;0,000383142
18.06.17 0:00;0,000401365
19.06.17 0:00;0,000387477
20.06.17 0:00;0,000368704
21.06.17 0:00;0,000381505
22.06.17 0:00;0,000374139
23.06.17 0:00;0,000373846
24.06.17 0:00;0,000399584
25.06.17 0:00;0,0004036
26.06.17 0:00;0,000417606
27.06.17 0:00;0,000396637
28.06.17 0:00;0,000397109
29.06.17 0:00;0,000404842
30.06.17 0:00;0,000413104
01.07.17 0:00;0,000425622
02.07.17 0:00;0,000408998
03.07.17 0:00;0,000396197
04.07.17 0:00;0,000387207
05.07.17 0:00;0,000384837
06.07.17 0:00;0,000385639
07.07.17 0:00;0,00040334
08.07.17 0:00;0,000393391
09.07.17 0:00;0,000403551
10.07.17 0:00;0,000431351
11.07.17 0:00;0,000438193
12.07.17 0:00;0,000421159
13.07.17 0:00;0,000429369
14.07.17 0:00;0,000453494
15.07.17 0:00;0,000505408
16.07.17 0:00;0,000519508
17.07.17 0:00;0,000450653
18.07.17 0:00;0,000434386
19.07.17 0:00;0,000443833
20.07.17 0:00;0,000350103
21.07.17 0:00;0,000375375
22.07.17 0:00;0,000351407
23.07.17 0:00;0,000363967
24.07.17 0:00;0,00036105
25.07.17 0:00;0,000390488
26.07.17 0:00;0,00039593
27.07.17 0:00;0,000375249
28.07.17 0:00;0,000359092
29.07.17 0:00;0,000368446
30.07.17 0:00;0,000363769
31.07.17 0:00;0,00035014
01.08.17 0:00;0,000366139
02.08.17 0:00;0,000370096
03.08.17 0:00;0,000358384
04.08.17 0:00;0,00034965
05.08.17 0:00;0,000307088
06.08.17 0:00;0,000309799
07.08.17 0:00;0,000294403
08.08.17 0:00;0,000292826
09.08.17 0:00;0,00029941
10.08.17 0:00;0,000293436
11.08.17 0:00;0,000274416
12.08.17 0:00;0,000258699
13.08.17 0:00;0,000246713
14.08.17 0:00;0,000231508
15.08.17 0:00;0,000240854
16.08.17 0:00;0,000227983
17.08.17 0:00;0,000234742
18.08.17 0:00;0,000244487
19.08.17 0:00;0,000241249
20.08.17 0:00;0,000246045
21.08.17 0:00;0,000249844
22.08.17 0:00;0,000245459
23.08.17 0:00;0,000242184
24.08.17 0:00;0,000231203
25.08.17 0:00;0,000229806
26.08.17 0:00;0,000230325
27.08.17 0:00;0,000230851
28.08.17 0:00;0,000228113
29.08.17 0:00;0,000218003
30.08.17 0:00;0,000218866
31.08.17 0:00;0,000211945
01.09.17 0:00;0,000203878
02.09.17 0:00;0,000220536
03.09.17 0:00;0,000217628
04.09.17 0:00;0,000238073
05.09.17 0:00;0,000228577
06.09.17 0:00;0,000217908
07.09.17 0:00;0,000216755
08.09.17 0:00;0,000232245
09.09.17 0:00;0,000231594
10.09.17 0:00;0,000236289
11.09.17 0:00;0,000237925
12.09.17 0:00;0,000241377
13.09.17 0:00;0,000259761
14.09.17 0:00;0,000308823
15.09.17 0:00;0,000270416
16.09.17 0:00;0,000271341
17.09.17 0:00;0,000272755
18.09.17 0:00;0,000244852
19.09.17 0:00;0,00025641
20.09.17 0:00;0,000258184
21.09.17 0:00;0,000277516
22.09.17 0:00;0,000277894
23.09.17 0:00;0,000264578
24.09.17 0:00;0,000273763
25.09.17 0:00;0,000254453
26.09.17 0:00;0,000257792
27.09.17 0:00;0,00023779
28.09.17 0:00;0,000238663
29.09.17 0:00;0,000239814
30.09.17 0:00;0,00022899
01.10.17 0:00;0,000227051
02.10.17 0:00;0,000227268
03.10.17 0:00;0,000231959
04.10.17 0:00;0,000237242
05.10.17 0:00;0,000231728
06.10.17 0:00;0,000228781
07.10.17 0:00;0,000225428
08.10.17 0:00;0,000216774
09.10.17 0:00;0,000209104
10.10.17 0:00;0,000209336
11.10.17 0:00;0,000207258
12.10.17 0:00;0,000184213
13.10.17 0:00;0,000177406
14.10.17 0:00;0,00017138
15.10.17 0:00;0,000175482
16.10.17 0:00;0,000173479
17.10.17 0:00;0,000178664
18.10.17 0:00;0,000179695
19.10.17 0:00;0,000175128
