Date;CNY
01.01.12 0:00;6,2941
02.01.12 0:00;6,2941
03.01.12 0:00;6,2941
04.01.12 0:00;6,2945
05.01.12 0:00;6,3016
06.01.12 0:00;6,3094
07.01.12 0:00;6,3094
08.01.12 0:00;6,3094
09.01.12 0:00;6,3146
10.01.12 0:00;6,3148
11.01.12 0:00;6,3154
12.01.12 0:00;6,3181
13.01.12 0:00;6,3068
14.01.12 0:00;6,3068
15.01.12 0:00;6,3068
16.01.12 0:00;6,3165
17.01.12 0:00;6,3139
18.01.12 0:00;6,3119
19.01.12 0:00;6,3167
20.01.12 0:00;6,334
21.01.12 0:00;6,334
22.01.12 0:00;6,334
23.01.12 0:00;6,334
24.01.12 0:00;6,334
25.01.12 0:00;6,334
26.01.12 0:00;6,334
27.01.12 0:00;6,334
28.01.12 0:00;6,334
29.01.12 0:00;6,334
30.01.12 0:00;6,3338
31.01.12 0:00;6,309
01.02.12 0:00;6,3076
02.02.12 0:00;6,302
03.02.12 0:00;6,303
04.02.12 0:00;6,303
05.02.12 0:00;6,303
06.02.12 0:00;6,3124
07.02.12 0:00;6,3048
08.02.12 0:00;6,2948
09.02.12 0:00;6,295
10.02.12 0:00;6,2995
11.02.12 0:00;6,2995
12.02.12 0:00;6,2995
13.02.12 0:00;6,2976
14.02.12 0:00;6,2995
15.02.12 0:00;6,3002
16.02.12 0:00;6,3017
17.02.12 0:00;6,2988
18.02.12 0:00;6,2988
19.02.12 0:00;6,2988
20.02.12 0:00;6,3017
21.02.12 0:00;6,2965
22.02.12 0:00;6,297
23.02.12 0:00;6,299
24.02.12 0:00;6,2978
25.02.12 0:00;6,2978
26.02.12 0:00;6,2978
27.02.12 0:00;6,3016
28.02.12 0:00;6,2991
29.02.12 0:00;6,2938
01.03.12 0:00;6,3004
02.03.12 0:00;6,299
03.03.12 0:00;6,299
04.03.12 0:00;6,299
05.03.12 0:00;6,3069
06.03.12 0:00;6,3079
07.03.12 0:00;6,3099
08.03.12 0:00;6,3164
09.03.12 0:00;6,3107
10.03.12 0:00;6,3107
11.03.12 0:00;6,3107
12.03.12 0:00;6,3263
13.03.12 0:00;6,327
14.03.12 0:00;6,3321
15.03.12 0:00;6,3289
16.03.12 0:00;6,323
17.03.12 0:00;6,323
18.03.12 0:00;6,323
19.03.12 0:00;6,3226
20.03.12 0:00;6,3243
21.03.12 0:00;6,3228
22.03.12 0:00;6,2997
23.03.12 0:00;6,3061
24.03.12 0:00;6,3061
25.03.12 0:00;6,3061
26.03.12 0:00;6,3151
27.03.12 0:00;6,3065
28.03.12 0:00;6,3053
29.03.12 0:00;6,3058
30.03.12 0:00;6,298
31.03.12 0:00;6,298
01.04.12 0:00;6,298
02.04.12 0:00;6,2985
03.04.12 0:00;6,298
04.04.12 0:00;6,298
05.04.12 0:00;6,3135
06.04.12 0:00;6,3072
07.04.12 0:00;6,3072
08.04.12 0:00;6,3072
09.04.12 0:00;6,3089
10.04.12 0:00;6,311
11.04.12 0:00;6,309
12.04.12 0:00;6,3073
13.04.12 0:00;6,3035
14.04.12 0:00;6,3035
15.04.12 0:00;6,3035
16.04.12 0:00;6,3157
17.04.12 0:00;6,3022
18.04.12 0:00;6,304
19.04.12 0:00;6,3039
20.04.12 0:00;6,3086
21.04.12 0:00;6,3086
22.04.12 0:00;6,3086
23.04.12 0:00;6,3088
24.04.12 0:00;6,3074
25.04.12 0:00;6,305
26.04.12 0:00;6,3057
27.04.12 0:00;6,3099
28.04.12 0:00;6,3099
29.04.12 0:00;6,3099
30.04.12 0:00;6,3099
01.05.12 0:00;6,3099
02.05.12 0:00;6,308
03.05.12 0:00;6,3053
04.05.12 0:00;6,306
05.05.12 0:00;6,306
06.05.12 0:00;6,306
07.05.12 0:00;6,3078
08.05.12 0:00;6,3079
09.05.12 0:00;6,3101
10.05.12 0:00;6,3143
11.05.12 0:00;6,3102
12.05.12 0:00;6,3102
13.05.12 0:00;6,3102
14.05.12 0:00;6,3213
15.05.12 0:00;6,3179
16.05.12 0:00;6,3224
17.05.12 0:00;6,326
18.05.12 0:00;6,3283
19.05.12 0:00;6,3283
20.05.12 0:00;6,3283
21.05.12 0:00;6,328
22.05.12 0:00;6,323
23.05.12 0:00;6,3348
24.05.12 0:00;6,3448
25.05.12 0:00;6,3441
26.05.12 0:00;6,3441
27.05.12 0:00;6,3441
28.05.12 0:00;6,3452
29.05.12 0:00;6,3483
30.05.12 0:00;6,3579
31.05.12 0:00;6,3688
01.06.12 0:00;6,3695
02.06.12 0:00;6,3695
03.06.12 0:00;6,3695
04.06.12 0:00;6,3643
05.06.12 0:00;6,3675
06.06.12 0:00;6,3642
07.06.12 0:00;6,3637
08.06.12 0:00;6,3702
09.06.12 0:00;6,3702
10.06.12 0:00;6,3702
11.06.12 0:00;6,3692
12.06.12 0:00;6,3705
13.06.12 0:00;6,369
14.06.12 0:00;6,3705
15.06.12 0:00;6,3656
16.06.12 0:00;6,3656
17.06.12 0:00;6,3656
18.06.12 0:00;6,3573
19.06.12 0:00;6,3546
20.06.12 0:00;6,3598
21.06.12 0:00;6,3649
22.06.12 0:00;6,3649
23.06.12 0:00;6,3649
24.06.12 0:00;6,3649
25.06.12 0:00;6,3634
26.06.12 0:00;6,3629
27.06.12 0:00;6,3569
28.06.12 0:00;6,3575
29.06.12 0:00;6,3537
30.06.12 0:00;6,3537
01.07.12 0:00;6,3537
02.07.12 0:00;6,3487
03.07.12 0:00;6,3524
04.07.12 0:00;6,3477
05.07.12 0:00;6,356
06.07.12 0:00;6,3644
07.07.12 0:00;6,3644
08.07.12 0:00;6,3644
09.07.12 0:00;6,3714
10.07.12 0:00;6,3659
11.07.12 0:00;6,3684
12.07.12 0:00;6,3735
13.07.12 0:00;6,3792
14.07.12 0:00;6,3792
15.07.12 0:00;6,3792
16.07.12 0:00;6,3786
17.07.12 0:00;6,3728
18.07.12 0:00;6,3694
19.07.12 0:00;6,3729
20.07.12 0:00;6,3737
21.07.12 0:00;6,3737
22.07.12 0:00;6,3737
23.07.12 0:00;6,3861
24.07.12 0:00;6,386
25.07.12 0:00;6,3885
26.07.12 0:00;6,3842
27.07.12 0:00;6,3809
28.07.12 0:00;6,3809
29.07.12 0:00;6,3809
30.07.12 0:00;6,3795
31.07.12 0:00;6,362
01.08.12 0:00;6,3685
02.08.12 0:00;6,3674
03.08.12 0:00;6,3724
04.08.12 0:00;6,3724
05.08.12 0:00;6,3724
06.08.12 0:00;6,374
07.08.12 0:00;6,3666
08.08.12 0:00;6,362
09.08.12 0:00;6,3593
10.08.12 0:00;6,3604
11.08.12 0:00;6,3604
12.08.12 0:00;6,3604
13.08.12 0:00;6,3617
14.08.12 0:00;6,3588
15.08.12 0:00;6,3622
16.08.12 0:00;6,3659
17.08.12 0:00;6,3583
18.08.12 0:00;6,3583
19.08.12 0:00;6,3583
20.08.12 0:00;6,3593
21.08.12 0:00;6,356
22.08.12 0:00;6,3516
23.08.12 0:00;6,3538
24.08.12 0:00;6,3547
25.08.12 0:00;6,3547
26.08.12 0:00;6,3547
27.08.12 0:00;6,3568
28.08.12 0:00;6,353
29.08.12 0:00;6,3514
30.08.12 0:00;6,3498
31.08.12 0:00;6,3485
01.09.12 0:00;6,3485
02.09.12 0:00;6,3485
03.09.12 0:00;6,3405
04.09.12 0:00;6,347
05.09.12 0:00;6,3494
06.09.12 0:00;6,343
07.09.12 0:00;6,3429
08.09.12 0:00;6,3429
09.09.12 0:00;6,3429
10.09.12 0:00;6,3379
11.09.12 0:00;6,3351
12.09.12 0:00;6,3266
13.09.12 0:00;6,3297
14.09.12 0:00;6,3149
15.09.12 0:00;6,3149
16.09.12 0:00;6,3149
17.09.12 0:00;6,3175
18.09.12 0:00;6,3189
19.09.12 0:00;6,3093
20.09.12 0:00;6,3038
21.09.12 0:00;6,3053
22.09.12 0:00;6,3053
23.09.12 0:00;6,3053
24.09.12 0:00;6,3093
25.09.12 0:00;6,3062
26.09.12 0:00;6,302
27.09.12 0:00;6,3023
28.09.12 0:00;6,2845
29.09.12 0:00;6,2845
30.09.12 0:00;6,2845
01.10.12 0:00;6,2845
02.10.12 0:00;6,2845
03.10.12 0:00;6,2845
04.10.12 0:00;6,2845
05.10.12 0:00;6,2845
06.10.12 0:00;6,2845
07.10.12 0:00;6,2845
08.10.12 0:00;6,2878
09.10.12 0:00;6,2878
10.10.12 0:00;6,2833
11.10.12 0:00;6,277
12.10.12 0:00;6,2672
13.10.12 0:00;6,2672
14.10.12 0:00;6,2672
15.10.12 0:00;6,2704
16.10.12 0:00;6,2638
17.10.12 0:00;6,2545
18.10.12 0:00;6,2503
19.10.12 0:00;6,2538
20.10.12 0:00;6,2538
21.10.12 0:00;6,2538
22.10.12 0:00;6,2546
23.10.12 0:00;6,2479
24.10.12 0:00;6,248
25.10.12 0:00;6,2417
26.10.12 0:00;6,2485
27.10.12 0:00;6,2485
28.10.12 0:00;6,2485
29.10.12 0:00;6,2438
30.10.12 0:00;6,2405
31.10.12 0:00;6,2372
01.11.12 0:00;6,2411
02.11.12 0:00;6,2415
03.11.12 0:00;6,2415
04.11.12 0:00;6,2415
05.11.12 0:00;6,2454
06.11.12 0:00;6,2456
07.11.12 0:00;6,2437
08.11.12 0:00;6,2429
09.11.12 0:00;6,2452
10.11.12 0:00;6,2452
11.11.12 0:00;6,2452
12.11.12 0:00;6,2291
13.11.12 0:00;6,226
14.11.12 0:00;6,2252
15.11.12 0:00;6,2332
16.11.12 0:00;6,2356
17.11.12 0:00;6,2356
18.11.12 0:00;6,2356
19.11.12 0:00;6,2345
20.11.12 0:00;6,2326
21.11.12 0:00;6,2304
22.11.12 0:00;6,2289
23.11.12 0:00;6,2287
24.11.12 0:00;6,2287
25.11.12 0:00;6,2287
26.11.12 0:00;6,2255
27.11.12 0:00;6,2223
28.11.12 0:00;6,2274
29.11.12 0:00;6,2282
30.11.12 0:00;6,2267
01.12.12 0:00;6,2267
02.12.12 0:00;6,2267
03.12.12 0:00;6,2279
04.12.12 0:00;6,2256
05.12.12 0:00;6,2253
06.12.12 0:00;6,2283
07.12.12 0:00;6,2301
08.12.12 0:00;6,2301
09.12.12 0:00;6,2301
10.12.12 0:00;6,2464
11.12.12 0:00;6,2465
12.12.12 0:00;6,2513
13.12.12 0:00;6,2322
14.12.12 0:00;6,2415
15.12.12 0:00;6,2415
16.12.12 0:00;6,2415
17.12.12 0:00;6,2368
18.12.12 0:00;6,2324
19.12.12 0:00;6,2303
20.12.12 0:00;6,2302
21.12.12 0:00;6,2286
22.12.12 0:00;6,2286
23.12.12 0:00;6,2286
24.12.12 0:00;6,2336
25.12.12 0:00;6,2339
26.12.12 0:00;6,2353
27.12.12 0:00;6,236
28.12.12 0:00;6,2317
29.12.12 0:00;6,2317
30.12.12 0:00;6,2317
31.12.12 0:00;6,2303
01.01.13 0:00;6,2303
02.01.13 0:00;6,2303
03.01.13 0:00;6,2303
04.01.13 0:00;6,2305
05.01.13 0:00;6,2305
06.01.13 0:00;6,2305
07.01.13 0:00;6,2296
08.01.13 0:00;6,2241
09.01.13 0:00;6,2262
10.01.13 0:00;6,2237
11.01.13 0:00;6,2161
12.01.13 0:00;6,2161
13.01.13 0:00;6,2161
14.01.13 0:00;6,2192
15.01.13 0:00;6,2136
16.01.13 0:00;6,2165
17.01.13 0:00;6,216
18.01.13 0:00;6,2154
19.01.13 0:00;6,2154
20.01.13 0:00;6,2154
21.01.13 0:00;6,2213
22.01.13 0:00;6,2198
23.01.13 0:00;6,218
24.01.13 0:00;6,2181
25.01.13 0:00;6,2205
26.01.13 0:00;6,2205
27.01.13 0:00;6,2205
28.01.13 0:00;6,2226
29.01.13 0:00;6,2243
30.01.13 0:00;6,2205
31.01.13 0:00;6,2188
01.02.13 0:00;6,2274
02.02.13 0:00;6,2274
03.02.13 0:00;6,2274
04.02.13 0:00;6,2328
05.02.13 0:00;6,2294
06.02.13 0:00;6,2317
07.02.13 0:00;6,2325
08.02.13 0:00;6,2325
09.02.13 0:00;6,2325
10.02.13 0:00;6,2325
11.02.13 0:00;6,2325
12.02.13 0:00;6,2325
13.02.13 0:00;6,2325
14.02.13 0:00;6,2325
15.02.13 0:00;6,2325
16.02.13 0:00;6,2325
17.02.13 0:00;6,2325
18.02.13 0:00;6,2427
19.02.13 0:00;6,2443
20.02.13 0:00;6,2376
21.02.13 0:00;6,2405
22.02.13 0:00;6,2351
23.02.13 0:00;6,2351
24.02.13 0:00;6,2351
25.02.13 0:00;6,2339
26.02.13 0:00;6,2295
27.02.13 0:00;6,2273
28.02.13 0:00;6,2214
01.03.13 0:00;6,2226
02.03.13 0:00;6,2226
03.03.13 0:00;6,2226
04.03.13 0:00;6,2251
05.03.13 0:00;6,221
06.03.13 0:00;6,2181
07.03.13 0:00;6,2202
08.03.13 0:00;6,2147
09.03.13 0:00;6,2147
10.03.13 0:00;6,2147
11.03.13 0:00;6,2181
12.03.13 0:00;6,2162
13.03.13 0:00;6,2138
14.03.13 0:00;6,2155
15.03.13 0:00;6,2135
16.03.13 0:00;6,2135
17.03.13 0:00;6,2135
18.03.13 0:00;6,2158
19.03.13 0:00;6,2157
20.03.13 0:00;6,2119
21.03.13 0:00;6,2143
22.03.13 0:00;6,2122
23.03.13 0:00;6,2122
24.03.13 0:00;6,2122
25.03.13 0:00;6,2107
26.03.13 0:00;6,211
27.03.13 0:00;6,214
28.03.13 0:00;6,2145
29.03.13 0:00;6,2108
30.03.13 0:00;6,2108
31.03.13 0:00;6,2108
01.04.13 0:00;6,208
02.04.13 0:00;6,1986
03.04.13 0:00;6,201
04.04.13 0:00;6,2015
05.04.13 0:00;6,2015
06.04.13 0:00;6,2015
07.04.13 0:00;6,2015
08.04.13 0:00;6,2033
09.04.13 0:00;6,2025
10.04.13 0:00;6,1941
11.04.13 0:00;6,1964
12.04.13 0:00;6,1919
13.04.13 0:00;6,1919
14.04.13 0:00;6,1919
15.04.13 0:00;6,1867
16.04.13 0:00;6,1828
17.04.13 0:00;6,1723
18.04.13 0:00;6,1813
19.04.13 0:00;6,1776
20.04.13 0:00;6,1776
21.04.13 0:00;6,1776
22.04.13 0:00;6,1826
23.04.13 0:00;6,1792
24.04.13 0:00;6,1786
25.04.13 0:00;6,1711
26.04.13 0:00;6,165
27.04.13 0:00;6,165
28.04.13 0:00;6,165
29.04.13 0:00;6,165
30.04.13 0:00;6,165
01.05.13 0:00;6,165
02.05.13 0:00;6,1558
03.05.13 0:00;6,1557
04.05.13 0:00;6,1557
05.05.13 0:00;6,1557
06.05.13 0:00;6,1667
07.05.13 0:00;6,1541
08.05.13 0:00;6,1411
09.05.13 0:00;6,1309
10.05.13 0:00;6,1417
11.05.13 0:00;6,1417
12.05.13 0:00;6,1417
13.05.13 0:00;6,1465
14.05.13 0:00;6,1428
15.05.13 0:00;6,1459
16.05.13 0:00;6,149
17.05.13 0:00;6,1412
18.05.13 0:00;6,1412
19.05.13 0:00;6,1412
20.05.13 0:00;6,1389
21.05.13 0:00;6,1356
22.05.13 0:00;6,1311
23.05.13 0:00;6,134
24.05.13 0:00;6,1316
25.05.13 0:00;6,1316
26.05.13 0:00;6,1316
27.05.13 0:00;6,1212
28.05.13 0:00;6,1215
29.05.13 0:00;6,1267
30.05.13 0:00;6,1309
31.05.13 0:00;6,1348
01.06.13 0:00;6,1348
02.06.13 0:00;6,1348
03.06.13 0:00;6,1317
04.06.13 0:00;6,1287
05.06.13 0:00;6,1278
06.06.13 0:00;6,1362
07.06.13 0:00;6,1335
08.06.13 0:00;6,1335
09.06.13 0:00;6,1335
10.06.13 0:00;6,1335
11.06.13 0:00;6,1335
12.06.13 0:00;6,1335
13.06.13 0:00;6,1344
14.06.13 0:00;6,1308
15.06.13 0:00;6,1308
16.06.13 0:00;6,1308
17.06.13 0:00;6,125
18.06.13 0:00;6,1285
19.06.13 0:00;6,1269
20.06.13 0:00;6,1282
21.06.13 0:00;6,1334
22.06.13 0:00;6,1334
23.06.13 0:00;6,1334
24.06.13 0:00;6,1451
25.06.13 0:00;6,1453
26.06.13 0:00;6,147
27.06.13 0:00;6,149
28.06.13 0:00;6,1376
29.06.13 0:00;6,1376
30.06.13 0:00;6,1376
01.07.13 0:00;6,1327
02.07.13 0:00;6,133
03.07.13 0:00;6,1308
04.07.13 0:00;6,1258
05.07.13 0:00;6,1326
06.07.13 0:00;6,1326
07.07.13 0:00;6,1326
08.07.13 0:00;6,1338
09.07.13 0:00;6,1295
10.07.13 0:00;6,1341
11.07.13 0:00;6,1352
12.07.13 0:00;6,1375
13.07.13 0:00;6,1375
14.07.13 0:00;6,1375
15.07.13 0:00;6,1376
16.07.13 0:00;6,135
17.07.13 0:00;6,1353
18.07.13 0:00;6,1413
19.07.13 0:00;6,1379
20.07.13 0:00;6,1379
21.07.13 0:00;6,1379
22.07.13 0:00;6,1409
23.07.13 0:00;6,1374
24.07.13 0:00;6,136
25.07.13 0:00;6,1347
26.07.13 0:00;6,1317
27.07.13 0:00;6,1317
28.07.13 0:00;6,1317
29.07.13 0:00;6,1325
30.07.13 0:00;6,1317
31.07.13 0:00;6,1289
01.08.13 0:00;6,1304
02.08.13 0:00;6,1295
03.08.13 0:00;6,1295
04.08.13 0:00;6,1295
05.08.13 0:00;6,1247
06.08.13 0:00;6,1217
07.08.13 0:00;6,1192
08.08.13 0:00;6,1214
09.08.13 0:00;6,1219
10.08.13 0:00;6,1219
11.08.13 0:00;6,1219
12.08.13 0:00;6,1223
13.08.13 0:00;6,1218
14.08.13 0:00;6,1196
15.08.13 0:00;6,1125
16.08.13 0:00;6,115
17.08.13 0:00;6,115
18.08.13 0:00;6,115
19.08.13 0:00;6,1229
20.08.13 0:00;6,1246
21.08.13 0:00;6,1234
22.08.13 0:00;6,1211
23.08.13 0:00;6,121
24.08.13 0:00;6,121
25.08.13 0:00;6,121
26.08.13 0:00;6,1212
27.08.13 0:00;6,1217
28.08.13 0:00;6,1204
29.08.13 0:00;6,1204
30.08.13 0:00;6,1195
31.08.13 0:00;6,1195
01.09.13 0:00;6,1195
02.09.13 0:00;6,1196
03.09.13 0:00;6,1206
04.09.13 0:00;6,1201
05.09.13 0:00;6,1199
06.09.13 0:00;6,1205
07.09.13 0:00;6,1205
08.09.13 0:00;6,1205
09.09.13 0:00;6,121
10.09.13 0:00;6,12
11.09.13 0:00;6,1185
12.09.13 0:00;6,118
13.09.13 0:00;6,1188
14.09.13 0:00;6,1188
15.09.13 0:00;6,1188
16.09.13 0:00;6,1203
17.09.13 0:00;6,1215
18.09.13 0:00;6,1212
19.09.13 0:00;6,1212
20.09.13 0:00;6,1212
21.09.13 0:00;6,1212
22.09.13 0:00;6,1212
23.09.13 0:00;6,121
24.09.13 0:00;6,1209
25.09.13 0:00;6,12
26.09.13 0:00;6,1214
27.09.13 0:00;6,1199
28.09.13 0:00;6,1199
29.09.13 0:00;6,1199
30.09.13 0:00;6,1215
01.10.13 0:00;6,1215
02.10.13 0:00;6,1215
03.10.13 0:00;6,1215
04.10.13 0:00;6,1215
05.10.13 0:00;6,1215
06.10.13 0:00;6,1215
07.10.13 0:00;6,1215
08.10.13 0:00;6,1211
09.10.13 0:00;6,1211
10.10.13 0:00;6,1158
11.10.13 0:00;6,1206
12.10.13 0:00;6,1206
13.10.13 0:00;6,1206
14.10.13 0:00;6,1079
15.10.13 0:00;6,1026
16.10.13 0:00;6,0998
17.10.13 0:00;6,0982
18.10.13 0:00;6,0968
19.10.13 0:00;6,0968
20.10.13 0:00;6,0968
21.10.13 0:00;6,0926
22.10.13 0:00;6,0927
23.10.13 0:00;6,0835
24.10.13 0:00;6,082
25.10.13 0:00;6,084
26.10.13 0:00;6,084
27.10.13 0:00;6,084
28.10.13 0:00;6,0855
29.10.13 0:00;6,0902
30.10.13 0:00;6,0938
31.10.13 0:00;6,0945
01.11.13 0:00;6,0995
02.11.13 0:00;6,0995
03.11.13 0:00;6,0995
04.11.13 0:00;6,099
05.11.13 0:00;6,0968
06.11.13 0:00;6,0927
07.11.13 0:00;6,0908
08.11.13 0:00;6,0906
09.11.13 0:00;6,0906
10.11.13 0:00;6,0906
11.11.13 0:00;6,0914
12.11.13 0:00;6,092
13.11.13 0:00;6,0929
14.11.13 0:00;6,0922
15.11.13 0:00;6,0922
16.11.13 0:00;6,0922
17.11.13 0:00;6,0922
18.11.13 0:00;6,0921
19.11.13 0:00;6,093
20.11.13 0:00;6,0928
21.11.13 0:00;6,0929
22.11.13 0:00;6,0937
23.11.13 0:00;6,0937
24.11.13 0:00;6,0937
25.11.13 0:00;6,0926
26.11.13 0:00;6,0927
27.11.13 0:00;6,0924
28.11.13 0:00;6,0924
29.11.13 0:00;6,0932
30.11.13 0:00;6,0932
01.12.13 0:00;6,0932
02.12.13 0:00;6,093
03.12.13 0:00;6,0924
04.12.13 0:00;6,0916
05.12.13 0:00;6,0913
06.12.13 0:00;6,0817
07.12.13 0:00;6,0817
08.12.13 0:00;6,0817
09.12.13 0:00;6,0723
10.12.13 0:00;6,071
11.12.13 0:00;6,0717
12.12.13 0:00;6,0715
13.12.13 0:00;6,0713
14.12.13 0:00;6,0713
15.12.13 0:00;6,0713
16.12.13 0:00;6,0715
17.12.13 0:00;6,0711
18.12.13 0:00;6,0718
19.12.13 0:00;6,0713
20.12.13 0:00;6,0714
21.12.13 0:00;6,0714
22.12.13 0:00;6,0714
23.12.13 0:00;6,0702
24.12.13 0:00;6,0715
25.12.13 0:00;6,0715
26.12.13 0:00;6,0747
27.12.13 0:00;6,0686
28.12.13 0:00;6,0686
29.12.13 0:00;6,0686
30.12.13 0:00;6,0617
31.12.13 0:00;6,054
01.01.14 0:00;6,054
02.01.14 0:00;6,0507
03.01.14 0:00;6,0515
04.01.14 0:00;6,0515
05.01.14 0:00;6,0515
06.01.14 0:00;6,0526
07.01.14 0:00;6,0512
08.01.14 0:00;6,0512
09.01.14 0:00;6,055
10.01.14 0:00;6,0521
11.01.14 0:00;6,0521
12.01.14 0:00;6,0521
13.01.14 0:00;6,0433
14.01.14 0:00;6,0412
15.01.14 0:00;6,046
16.01.14 0:00;6,0557
17.01.14 0:00;6,0503
18.01.14 0:00;6,0503
19.01.14 0:00;6,0503
20.01.14 0:00;6,0527
21.01.14 0:00;6,0505
22.01.14 0:00;6,0513
23.01.14 0:00;6,0518
24.01.14 0:00;6,0488
25.01.14 0:00;6,0488
26.01.14 0:00;6,0488
27.01.14 0:00;6,048
28.01.14 0:00;6,0509
29.01.14 0:00;6,0556
30.01.14 0:00;6,061
31.01.14 0:00;6,061
01.02.14 0:00;6,061
02.02.14 0:00;6,061
03.02.14 0:00;6,061
04.02.14 0:00;6,061
05.02.14 0:00;6,061
06.02.14 0:00;6,061
07.02.14 0:00;6,0634
08.02.14 0:00;6,0634
09.02.14 0:00;6,0634
10.02.14 0:00;6,0594
11.02.14 0:00;6,0606
12.02.14 0:00;6,0624
13.02.14 0:00;6,0636
14.02.14 0:00;6,0669
15.02.14 0:00;6,0669
16.02.14 0:00;6,0669
17.02.14 0:00;6,064
18.02.14 0:00;6,0673
19.02.14 0:00;6,0764
20.02.14 0:00;6,0835
21.02.14 0:00;6,0915
22.02.14 0:00;6,0915
23.02.14 0:00;6,0915
24.02.14 0:00;6,0984
25.02.14 0:00;6,1245
26.02.14 0:00;6,1248
27.02.14 0:00;6,1284
28.02.14 0:00;6,145
01.03.14 0:00;6,145
02.03.14 0:00;6,145
03.03.14 0:00;6,1463
04.03.14 0:00;6,1435
05.03.14 0:00;6,1282
06.03.14 0:00;6,1185
07.03.14 0:00;6,126
08.03.14 0:00;6,126
09.03.14 0:00;6,126
10.03.14 0:00;6,1386
11.03.14 0:00;6,1402
12.03.14 0:00;6,145
13.03.14 0:00;6,1362
14.03.14 0:00;6,1502
15.03.14 0:00;6,1502
16.03.14 0:00;6,1502
17.03.14 0:00;6,1782
18.03.14 0:00;6,1921
19.03.14 0:00;6,1954
20.03.14 0:00;6,2275
21.03.14 0:00;6,225
22.03.14 0:00;6,225
23.03.14 0:00;6,225
24.03.14 0:00;6,1959
25.03.14 0:00;6,2017
26.03.14 0:00;6,2094
27.03.14 0:00;6,2128
28.03.14 0:00;6,2122
29.03.14 0:00;6,2122
30.03.14 0:00;6,2122
31.03.14 0:00;6,2172
01.04.14 0:00;6,2069
02.04.14 0:00;6,2057
03.04.14 0:00;6,2107
04.04.14 0:00;6,2123
05.04.14 0:00;6,2123
06.04.14 0:00;6,2123
07.04.14 0:00;6,2123
08.04.14 0:00;6,1968
09.04.14 0:00;6,2005
10.04.14 0:00;6,2126
11.04.14 0:00;6,2113
12.04.14 0:00;6,2113
13.04.14 0:00;6,2113
14.04.14 0:00;6,2191
15.04.14 0:00;6,222
16.04.14 0:00;6,2214
17.04.14 0:00;6,219
18.04.14 0:00;6,2242
19.04.14 0:00;6,2242
20.04.14 0:00;6,2242
21.04.14 0:00;6,2274
22.04.14 0:00;6,2376
23.04.14 0:00;6,2377
24.04.14 0:00;6,2489
25.04.14 0:00;6,2537
26.04.14 0:00;6,2537
27.04.14 0:00;6,2537
28.04.14 0:00;6,253
29.04.14 0:00;6,258
30.04.14 0:00;6,2593
01.05.14 0:00;6,2593
02.05.14 0:00;6,2593
03.05.14 0:00;6,2593
04.05.14 0:00;6,2593
05.05.14 0:00;6,2455
06.05.14 0:00;6,2257
07.05.14 0:00;6,2344
08.05.14 0:00;6,228
09.05.14 0:00;6,2276
10.05.14 0:00;6,2276
11.05.14 0:00;6,2276
12.05.14 0:00;6,2376
13.05.14 0:00;6,2291
14.05.14 0:00;6,2289
15.05.14 0:00;6,2307
16.05.14 0:00;6,2334
17.05.14 0:00;6,2334
18.05.14 0:00;6,2334
19.05.14 0:00;6,2374
20.05.14 0:00;6,2381
21.05.14 0:00;6,2338
22.05.14 0:00;6,235
23.05.14 0:00;6,2365
24.05.14 0:00;6,2365
25.05.14 0:00;6,2365
26.05.14 0:00;6,2394
27.05.14 0:00;6,2491
28.05.14 0:00;6,254
29.05.14 0:00;6,238
30.05.14 0:00;6,2479
31.05.14 0:00;6,2479
01.06.14 0:00;6,2479
02.06.14 0:00;6,2479
03.06.14 0:00;6,2546
04.06.14 0:00;6,2504
05.06.14 0:00;6,2568
06.06.14 0:00;6,2505
07.06.14 0:00;6,2505
08.06.14 0:00;6,2505
09.06.14 0:00;6,2403
10.06.14 0:00;6,2245
11.06.14 0:00;6,2281
12.06.14 0:00;6,2185
13.06.14 0:00;6,2095
14.06.14 0:00;6,2095
15.06.14 0:00;6,2095
16.06.14 0:00;6,227
17.06.14 0:00;6,2268
18.06.14 0:00;6,2314
19.06.14 0:00;6,2291
20.06.14 0:00;6,2245
21.06.14 0:00;6,2245
22.06.14 0:00;6,2245
23.06.14 0:00;6,2255
24.06.14 0:00;6,2311
25.06.14 0:00;6,2344
26.06.14 0:00;6,224
27.06.14 0:00;6,2185
28.06.14 0:00;6,2185
29.06.14 0:00;6,2185
30.06.14 0:00;6,2038
01.07.14 0:00;6,2
02.07.14 0:00;6,2106
03.07.14 0:00;6,212
04.07.14 0:00;6,2041
05.07.14 0:00;6,2041
06.07.14 0:00;6,2041
07.07.14 0:00;6,2038
08.07.14 0:00;6,2015
09.07.14 0:00;6,1999
10.07.14 0:00;6,2028
11.07.14 0:00;6,2035
12.07.14 0:00;6,2035
13.07.14 0:00;6,2035
14.07.14 0:00;6,206
15.07.14 0:00;6,208
16.07.14 0:00;6,204
17.07.14 0:00;6,2038
18.07.14 0:00;6,208
19.07.14 0:00;6,208
20.07.14 0:00;6,208
21.07.14 0:00;6,2093
22.07.14 0:00;6,203
23.07.14 0:00;6,1988
24.07.14 0:00;6,1947
25.07.14 0:00;6,1917
26.07.14 0:00;6,1917
27.07.14 0:00;6,1917
28.07.14 0:00;6,1875
29.07.14 0:00;6,1805
30.07.14 0:00;6,1715
31.07.14 0:00;6,174
01.08.14 0:00;6,1798
02.08.14 0:00;6,1798
03.08.14 0:00;6,1798
04.08.14 0:00;6,1785
05.08.14 0:00;6,1707
06.08.14 0:00;6,163
07.08.14 0:00;6,1621
08.08.14 0:00;6,1562
09.08.14 0:00;6,1562
10.08.14 0:00;6,1562
11.08.14 0:00;6,1534
12.08.14 0:00;6,158
13.08.14 0:00;6,1536
14.08.14 0:00;6,1525
15.08.14 0:00;6,1472
16.08.14 0:00;6,1472
17.08.14 0:00;6,1472
18.08.14 0:00;6,143
19.08.14 0:00;6,1413
20.08.14 0:00;6,14
21.08.14 0:00;6,1515
22.08.14 0:00;6,1515
23.08.14 0:00;6,1515
24.08.14 0:00;6,1515
25.08.14 0:00;6,1544
26.08.14 0:00;6,1525
27.08.14 0:00;6,1433
28.08.14 0:00;6,1428
29.08.14 0:00;6,1433
30.08.14 0:00;6,1433
31.08.14 0:00;6,1433
01.09.14 0:00;6,142
02.09.14 0:00;6,1482
03.09.14 0:00;6,141
04.09.14 0:00;6,1386
05.09.14 0:00;6,1405
06.09.14 0:00;6,1405
07.09.14 0:00;6,1405
08.09.14 0:00;6,1405
09.09.14 0:00;6,1364
10.09.14 0:00;6,1294
11.09.14 0:00;6,13
12.09.14 0:00;6,1347
13.09.14 0:00;6,1347
14.09.14 0:00;6,1347
15.09.14 0:00;6,142
16.09.14 0:00;6,1461
17.09.14 0:00;6,139
18.09.14 0:00;6,1405
19.09.14 0:00;6,141
20.09.14 0:00;6,141
21.09.14 0:00;6,141
22.09.14 0:00;6,1405
23.09.14 0:00;6,1378
24.09.14 0:00;6,1366
25.09.14 0:00;6,136
26.09.14 0:00;6,1271
27.09.14 0:00;6,1271
28.09.14 0:00;6,1271
29.09.14 0:00;6,15
30.09.14 0:00;6,1385
01.10.14 0:00;6,1385
02.10.14 0:00;6,1385
03.10.14 0:00;6,139
04.10.14 0:00;6,139
05.10.14 0:00;6,139
06.10.14 0:00;6,139
07.10.14 0:00;6,139
08.10.14 0:00;6,139
09.10.14 0:00;6,1302
10.10.14 0:00;6,1311
11.10.14 0:00;6,1311
12.10.14 0:00;6,1311
13.10.14 0:00;6,1255
14.10.14 0:00;6,1255
15.10.14 0:00;6,1259
16.10.14 0:00;6,1233
17.10.14 0:00;6,124
18.10.14 0:00;6,124
19.10.14 0:00;6,124
20.10.14 0:00;6,1235
21.10.14 0:00;6,121
22.10.14 0:00;6,1182
23.10.14 0:00;6,1195
24.10.14 0:00;6,117
25.10.14 0:00;6,117
26.10.14 0:00;6,117
27.10.14 0:00;6,1165
28.10.14 0:00;6,1133
29.10.14 0:00;6,1112
30.10.14 0:00;6,1145
31.10.14 0:00;6,1127
01.11.14 0:00;6,1127
02.11.14 0:00;6,1127
03.11.14 0:00;6,1183
04.11.14 0:00;6,1152
05.11.14 0:00;6,114
06.11.14 0:00;6,112
07.11.14 0:00;6,1227
08.11.14 0:00;6,1227
09.11.14 0:00;6,1227
10.11.14 0:00;6,1195
11.11.14 0:00;6,1245
12.11.14 0:00;6,1262
13.11.14 0:00;6,1248
14.11.14 0:00;6,1295
15.11.14 0:00;6,1295
16.11.14 0:00;6,1295
17.11.14 0:00;6,1243
18.11.14 0:00;6,1213
19.11.14 0:00;6,1195
20.11.14 0:00;6,1235
21.11.14 0:00;6,1249
22.11.14 0:00;6,1249
23.11.14 0:00;6,1249
24.11.14 0:00;6,1417
25.11.14 0:00;6,1365
26.11.14 0:00;6,1391
27.11.14 0:00;6,1391
28.11.14 0:00;6,1432
29.11.14 0:00;6,1432
30.11.14 0:00;6,1432
01.12.14 0:00;6,152
02.12.14 0:00;6,1495
03.12.14 0:00;6,1502
04.12.14 0:00;6,1546
05.12.14 0:00;6,1502
06.12.14 0:00;6,1502
07.12.14 0:00;6,1502
08.12.14 0:00;6,173
09.12.14 0:00;6,1878
10.12.14 0:00;6,1766
11.12.14 0:00;6,1886
12.12.14 0:00;6,1869
13.12.14 0:00;6,1869
14.12.14 0:00;6,1869
15.12.14 0:00;6,1905
16.12.14 0:00;6,1895
17.12.14 0:00;6,197
18.12.14 0:00;6,2145
19.12.14 0:00;6,2199
20.12.14 0:00;6,2199
21.12.14 0:00;6,2199
22.12.14 0:00;6,2216
23.12.14 0:00;6,2258
24.12.14 0:00;6,2153
25.12.14 0:00;6,197
26.12.14 0:00;6,2129
27.12.14 0:00;6,2129
28.12.14 0:00;6,2129
29.12.14 0:00;6,2225
30.12.14 0:00;6,202
31.12.14 0:00;6,2061
01.01.15 0:00;6,2061
02.01.15 0:00;6,2061
03.01.15 0:00;6,2061
04.01.15 0:00;6,2061
05.01.15 0:00;6,2206
06.01.15 0:00;6,213
07.01.15 0:00;6,2129
08.01.15 0:00;6,2146
09.01.15 0:00;6,2088
10.01.15 0:00;6,2088
11.01.15 0:00;6,2088
12.01.15 0:00;6,2032
13.01.15 0:00;6,1975
14.01.15 0:00;6,1959
15.01.15 0:00;6,1875
16.01.15 0:00;6,207
17.01.15 0:00;6,207
18.01.15 0:00;6,207
19.01.15 0:00;6,2195
20.01.15 0:00;6,214
21.01.15 0:00;6,2115
22.01.15 0:00;6,2088
23.01.15 0:00;6,2285
24.01.15 0:00;6,2285
25.01.15 0:00;6,2285
26.01.15 0:00;6,254
27.01.15 0:00;6,2435
28.01.15 0:00;6,248
29.01.15 0:00;6,2466
30.01.15 0:00;6,25
31.01.15 0:00;6,25
01.02.15 0:00;6,25
02.02.15 0:00;6,2597
03.02.15 0:00;6,2578
04.02.15 0:00;6,2477
05.02.15 0:00;6,2521
06.02.15 0:00;6,244
07.02.15 0:00;6,244
08.02.15 0:00;6,244
09.02.15 0:00;6,247
10.02.15 0:00;6,241
11.02.15 0:00;6,2427
12.02.15 0:00;6,2445
13.02.15 0:00;6,2403
14.02.15 0:00;6,2403
15.02.15 0:00;6,2403
16.02.15 0:00;6,2485
17.02.15 0:00;6,2551
18.02.15 0:00;6,2551
19.02.15 0:00;6,2551
20.02.15 0:00;6,2551
21.02.15 0:00;6,2551
22.02.15 0:00;6,2551
23.02.15 0:00;6,2551
24.02.15 0:00;6,2551
25.02.15 0:00;6,2593
26.02.15 0:00;6,2589
27.02.15 0:00;6,2696
28.02.15 0:00;6,2696
01.03.15 0:00;6,2696
02.03.15 0:00;6,2725
03.03.15 0:00;6,2744
04.03.15 0:00;6,2706
05.03.15 0:00;6,266
06.03.15 0:00;6,2625
07.03.15 0:00;6,2625
08.03.15 0:00;6,2625
09.03.15 0:00;6,264
10.03.15 0:00;6,262
11.03.15 0:00;6,2623
12.03.15 0:00;6,2624
13.03.15 0:00;6,2595
14.03.15 0:00;6,2595
15.03.15 0:00;6,2595
16.03.15 0:00;6,2625
17.03.15 0:00;6,2495
18.03.15 0:00;6,2294
19.03.15 0:00;6,196
20.03.15 0:00;6,2052
21.03.15 0:00;6,2052
22.03.15 0:00;6,2052
23.03.15 0:00;6,214
24.03.15 0:00;6,2051
25.03.15 0:00;6,2121
26.03.15 0:00;6,2108
27.03.15 0:00;6,215
28.03.15 0:00;6,215
29.03.15 0:00;6,215
30.03.15 0:00;6,207
31.03.15 0:00;6,1995
01.04.15 0:00;6,1985
02.04.15 0:00;6,197
03.04.15 0:00;6,1935
04.04.15 0:00;6,1935
05.04.15 0:00;6,1935
06.04.15 0:00;6,1935
07.04.15 0:00;6,196
08.04.15 0:00;6,2025
09.04.15 0:00;6,2055
10.04.15 0:00;6,2085
11.04.15 0:00;6,2085
12.04.15 0:00;6,2085
13.04.15 0:00;6,2167
14.04.15 0:00;6,2115
15.04.15 0:00;6,2052
16.04.15 0:00;6,1962
17.04.15 0:00;6,1978
18.04.15 0:00;6,1978
19.04.15 0:00;6,1978
20.04.15 0:00;6,201
21.04.15 0:00;6,201
22.04.15 0:00;6,194
23.04.15 0:00;6,197
24.04.15 0:00;6,1935
25.04.15 0:00;6,1935
26.04.15 0:00;6,1935
27.04.15 0:00;6,219
28.04.15 0:00;6,204
29.04.15 0:00;6,1993
30.04.15 0:00;6,2028
01.05.15 0:00;6,2028
02.05.15 0:00;6,2028
03.05.15 0:00;6,2028
04.05.15 0:00;6,209
05.05.15 0:00;6,206
06.05.15 0:00;6,2004
07.05.15 0:00;6,2066
08.05.15 0:00;6,2094
09.05.15 0:00;6,2094
10.05.15 0:00;6,2094
11.05.15 0:00;6,2096
12.05.15 0:00;6,2089
13.05.15 0:00;6,2046
14.05.15 0:00;6,2016
15.05.15 0:00;6,2061
16.05.15 0:00;6,2061
17.05.15 0:00;6,2061
18.05.15 0:00;6,2043
19.05.15 0:00;6,2066
20.05.15 0:00;6,2037
21.05.15 0:00;6,1968
22.05.15 0:00;6,1974
23.05.15 0:00;6,1974
24.05.15 0:00;6,1974
25.05.15 0:00;6,202
26.05.15 0:00;6,2039
27.05.15 0:00;6,2013
28.05.15 0:00;6,2012
29.05.15 0:00;6,1983
30.05.15 0:00;6,1983
31.05.15 0:00;6,1983
01.06.15 0:00;6,1995
02.06.15 0:00;6,1982
03.06.15 0:00;6,1978
04.06.15 0:00;6,2011
05.06.15 0:00;6,2034
06.06.15 0:00;6,2034
07.06.15 0:00;6,2034
08.06.15 0:00;6,2056
09.06.15 0:00;6,2057
10.06.15 0:00;6,2058
11.06.15 0:00;6,2066
12.06.15 0:00;6,2083
13.06.15 0:00;6,2083
14.06.15 0:00;6,2083
15.06.15 0:00;6,209
16.06.15 0:00;6,2085
17.06.15 0:00;6,2096
18.06.15 0:00;6,2078
19.06.15 0:00;6,2095
20.06.15 0:00;6,2095
21.06.15 0:00;6,2095
22.06.15 0:00;6,2095
23.06.15 0:00;6,2068
24.06.15 0:00;6,2071
25.06.15 0:00;6,2094
26.06.15 0:00;6,209
27.06.15 0:00;6,209
28.06.15 0:00;6,209
29.06.15 0:00;6,2088
30.06.15 0:00;6,201
01.07.15 0:00;6,2014
02.07.15 0:00;6,2047
03.07.15 0:00;6,2057
04.07.15 0:00;6,2057
05.07.15 0:00;6,2057
06.07.15 0:00;6,2091
07.07.15 0:00;6,21
08.07.15 0:00;6,2089
09.07.15 0:00;6,2088
10.07.15 0:00;6,2092
11.07.15 0:00;6,2092
12.07.15 0:00;6,2092
13.07.15 0:00;6,2084
14.07.15 0:00;6,2089
15.07.15 0:00;6,2092
16.07.15 0:00;6,2095
17.07.15 0:00;6,2095
18.07.15 0:00;6,2095
19.07.15 0:00;6,2095
20.07.15 0:00;6,2097
21.07.15 0:00;6,2096
22.07.15 0:00;6,2094
23.07.15 0:00;6,2095
24.07.15 0:00;6,2096
25.07.15 0:00;6,2096
26.07.15 0:00;6,2096
27.07.15 0:00;6,2095
28.07.15 0:00;6,2094
29.07.15 0:00;6,209
30.07.15 0:00;6,2096
31.07.15 0:00;6,2097
01.08.15 0:00;6,2097
02.08.15 0:00;6,2097
03.08.15 0:00;6,2097
04.08.15 0:00;6,2096
05.08.15 0:00;6,2096
06.08.15 0:00;6,2097
07.08.15 0:00;6,2097
08.08.15 0:00;6,2097
09.08.15 0:00;6,2097
10.08.15 0:00;6,2096
11.08.15 0:00;6,3248
12.08.15 0:00;6,387
13.08.15 0:00;6,3988
14.08.15 0:00;6,3918
15.08.15 0:00;6,3918
16.08.15 0:00;6,3918
17.08.15 0:00;6,3947
18.08.15 0:00;6,3938
19.08.15 0:00;6,3958
20.08.15 0:00;6,389
21.08.15 0:00;6,3888
22.08.15 0:00;6,3888
23.08.15 0:00;6,3888
24.08.15 0:00;6,4044
25.08.15 0:00;6,4129
26.08.15 0:00;6,411
27.08.15 0:00;6,4053
28.08.15 0:00;6,3885
29.08.15 0:00;6,3885
30.08.15 0:00;6,3885
31.08.15 0:00;6,3764
01.09.15 0:00;6,3645
02.09.15 0:00;6,3559
03.09.15 0:00;6,3559
04.09.15 0:00;6,3559
05.09.15 0:00;6,3559
06.09.15 0:00;6,3559
07.09.15 0:00;6,3659
08.09.15 0:00;6,3672
09.09.15 0:00;6,3778
10.09.15 0:00;6,3772
11.09.15 0:00;6,375
12.09.15 0:00;6,375
13.09.15 0:00;6,375
14.09.15 0:00;6,3679
15.09.15 0:00;6,37
16.09.15 0:00;6,3709
17.09.15 0:00;6,366
18.09.15 0:00;6,3643
19.09.15 0:00;6,3643
20.09.15 0:00;6,3643
21.09.15 0:00;6,3691
22.09.15 0:00;6,376
23.09.15 0:00;6,3837
24.09.15 0:00;6,3833
25.09.15 0:00;6,3741
26.09.15 0:00;6,3741
27.09.15 0:00;6,3741
28.09.15 0:00;6,3688
29.09.15 0:00;6,3636
30.09.15 0:00;6,3571
01.10.15 0:00;6,356
02.10.15 0:00;6,356
03.10.15 0:00;6,356
04.10.15 0:00;6,356
05.10.15 0:00;6,356
06.10.15 0:00;6,356
07.10.15 0:00;6,356
08.10.15 0:00;6,3535
09.10.15 0:00;6,3453
10.10.15 0:00;6,3453
11.10.15 0:00;6,3453
12.10.15 0:00;6,323
13.10.15 0:00;6,3423
14.10.15 0:00;6,3477
15.10.15 0:00;6,3462
16.10.15 0:00;6,3525
17.10.15 0:00;6,3525
18.10.15 0:00;6,3525
19.10.15 0:00;6,3601
20.10.15 0:00;6,3484
21.10.15 0:00;6,3493
22.10.15 0:00;6,358
23.10.15 0:00;6,3491
24.10.15 0:00;6,3491
25.10.15 0:00;6,3491
26.10.15 0:00;6,3532
27.10.15 0:00;6,3532
28.10.15 0:00;6,3592
29.10.15 0:00;6,3567
30.10.15 0:00;6,3181
31.10.15 0:00;6,3181
01.11.15 0:00;6,3181
02.11.15 0:00;6,3374
03.11.15 0:00;6,3361
04.11.15 0:00;6,3359
05.11.15 0:00;6,3461
06.11.15 0:00;6,353
07.11.15 0:00;6,353
08.11.15 0:00;6,353
09.11.15 0:00;6,3621
10.11.15 0:00;6,3618
11.11.15 0:00;6,3674
12.11.15 0:00;6,3693
13.11.15 0:00;6,3737
14.11.15 0:00;6,3737
15.11.15 0:00;6,3737
16.11.15 0:00;6,3712
17.11.15 0:00;6,3786
18.11.15 0:00;6,3849
19.11.15 0:00;6,383
20.11.15 0:00;6,385
21.11.15 0:00;6,385
22.11.15 0:00;6,385
23.11.15 0:00;6,3893
24.11.15 0:00;6,3898
25.11.15 0:00;6,3892
26.11.15 0:00;6,3895
27.11.15 0:00;6,3949
28.11.15 0:00;6,3949
29.11.15 0:00;6,3949
30.11.15 0:00;6,3982
01.12.15 0:00;6,3987
02.12.15 0:00;6,3987
03.12.15 0:00;6,3975
04.12.15 0:00;6,401
05.12.15 0:00;6,401
06.12.15 0:00;6,401
07.12.15 0:00;6,4082
08.12.15 0:00;6,4172
09.12.15 0:00;6,428
10.12.15 0:00;6,4378
11.12.15 0:00;6,4553
12.12.15 0:00;6,4553
13.12.15 0:00;6,4553
14.12.15 0:00;6,4589
15.12.15 0:00;6,461
16.12.15 0:00;6,4733
17.12.15 0:00;6,4837
18.12.15 0:00;6,4815
19.12.15 0:00;6,4815
20.12.15 0:00;6,4815
21.12.15 0:00;6,4808
22.12.15 0:00;6,4788
23.12.15 0:00;6,4778
24.12.15 0:00;6,4773
25.12.15 0:00;6,4764
26.12.15 0:00;6,4764
27.12.15 0:00;6,4764
28.12.15 0:00;6,4886
29.12.15 0:00;6,4848
30.12.15 0:00;6,4912
31.12.15 0:00;6,4936
01.01.16 0:00;6,4936
02.01.16 0:00;6,4936
03.01.16 0:00;6,4936
04.01.16 0:00;6,5354
05.01.16 0:00;6,5148
06.01.16 0:00;6,5566
07.01.16 0:00;6,5929
08.01.16 0:00;6,5965
09.01.16 0:00;6,5965
10.01.16 0:00;6,5965
11.01.16 0:00;6,5695
12.01.16 0:00;6,5725
13.01.16 0:00;6,5754
14.01.16 0:00;6,5901
15.01.16 0:00;6,5849
16.01.16 0:00;6,5849
17.01.16 0:00;6,5849
18.01.16 0:00;6,5789
19.01.16 0:00;6,5785
20.01.16 0:00;6,5784
21.01.16 0:00;6,58
22.01.16 0:00;6,5791
23.01.16 0:00;6,5791
24.01.16 0:00;6,5791
25.01.16 0:00;6,5793
26.01.16 0:00;6,5825
27.01.16 0:00;6,5778
28.01.16 0:00;6,5751
29.01.16 0:00;6,5761
30.01.16 0:00;6,5761
31.01.16 0:00;6,5761
01.02.16 0:00;6,5784
02.02.16 0:00;6,5798
03.02.16 0:00;6,577
04.02.16 0:00;6,5648
05.02.16 0:00;6,5739
06.02.16 0:00;6,5739
07.02.16 0:00;6,5739
08.02.16 0:00;6,5739
09.02.16 0:00;6,5739
10.02.16 0:00;6,5739
11.02.16 0:00;6,5739
12.02.16 0:00;6,5739
13.02.16 0:00;6,5739
14.02.16 0:00;6,5739
15.02.16 0:00;6,4962
16.02.16 0:00;6,5169
17.02.16 0:00;6,5282
18.02.16 0:00;6,5188
19.02.16 0:00;6,5224
20.02.16 0:00;6,5224
21.02.16 0:00;6,5224
22.02.16 0:00;6,5218
23.02.16 0:00;6,5271
24.02.16 0:00;6,5317
25.02.16 0:00;6,5335
26.02.16 0:00;6,5404
27.02.16 0:00;6,5404
28.02.16 0:00;6,5404
29.02.16 0:00;6,554
01.03.16 0:00;6,5521
02.03.16 0:00;6,551
03.03.16 0:00;6,5314
04.03.16 0:00;6,508
05.03.16 0:00;6,508
06.03.16 0:00;6,508
07.03.16 0:00;6,5168
08.03.16 0:00;6,5047
09.03.16 0:00;6,513
10.03.16 0:00;6,5085
11.03.16 0:00;6,4953
12.03.16 0:00;6,4953
13.03.16 0:00;6,4953
14.03.16 0:00;6,5
15.03.16 0:00;6,5145
16.03.16 0:00;6,522
17.03.16 0:00;6,475
18.03.16 0:00;6,4716
19.03.16 0:00;6,4716
20.03.16 0:00;6,4716
21.03.16 0:00;6,4846
22.03.16 0:00;6,4901
23.03.16 0:00;6,5062
24.03.16 0:00;6,5146
25.03.16 0:00;6,516
26.03.16 0:00;6,516
27.03.16 0:00;6,516
28.03.16 0:00;6,5075
29.03.16 0:00;6,5066
30.03.16 0:00;6,465
31.03.16 0:00;6,449
01.04.16 0:00;6,4786
02.04.16 0:00;6,4786
03.04.16 0:00;6,4786
04.04.16 0:00;6,4786
05.04.16 0:00;6,4772
06.04.16 0:00;6,4809
07.04.16 0:00;6,463
08.04.16 0:00;6,4658
09.04.16 0:00;6,4658
10.04.16 0:00;6,4658
11.04.16 0:00;6,4595
12.04.16 0:00;6,4656
13.04.16 0:00;6,4784
14.04.16 0:00;6,4826
15.04.16 0:00;6,4756
16.04.16 0:00;6,4756
17.04.16 0:00;6,4756
18.04.16 0:00;6,4752
19.04.16 0:00;6,4581
20.04.16 0:00;6,4708
21.04.16 0:00;6,4819
22.04.16 0:00;6,5009
23.04.16 0:00;6,5009
24.04.16 0:00;6,5009
25.04.16 0:00;6,493
26.04.16 0:00;6,4935
27.04.16 0:00;6,495
28.04.16 0:00;6,4759
29.04.16 0:00;6,4741
30.04.16 0:00;6,4741
01.05.16 0:00;6,4741
02.05.16 0:00;6,4741
03.05.16 0:00;6,4917
04.05.16 0:00;6,4947
05.05.16 0:00;6,5034
06.05.16 0:00;6,5001
07.05.16 0:00;6,5001
08.05.16 0:00;6,5001
09.05.16 0:00;6,5169
10.05.16 0:00;6,5183
11.05.16 0:00;6,492
12.05.16 0:00;6,5168
13.05.16 0:00;6,532
14.05.16 0:00;6,532
15.05.16 0:00;6,532
16.05.16 0:00;6,5212
17.05.16 0:00;6,5204
18.05.16 0:00;6,5388
19.05.16 0:00;6,547
20.05.16 0:00;6,549
21.05.16 0:00;6,549
22.05.16 0:00;6,549
23.05.16 0:00;6,5557
24.05.16 0:00;6,5572
25.05.16 0:00;6,5541
26.05.16 0:00;6,557
27.05.16 0:00;6,5633
28.05.16 0:00;6,5633
29.05.16 0:00;6,5633
30.05.16 0:00;6,5832
31.05.16 0:00;6,5829
01.06.16 0:00;6,5751
02.06.16 0:00;6,5845
03.06.16 0:00;6,5648
04.06.16 0:00;6,5648
05.06.16 0:00;6,5648
06.06.16 0:00;6,5637
07.06.16 0:00;6,5715
08.06.16 0:00;6,5625
09.06.16 0:00;6,5619
10.06.16 0:00;6,5619
11.06.16 0:00;6,5619
12.06.16 0:00;6,5619
13.06.16 0:00;6,5857
14.06.16 0:00;6,5965
15.06.16 0:00;6,5818
16.06.16 0:00;6,592
17.06.16 0:00;6,5884
18.06.16 0:00;6,5884
19.06.16 0:00;6,5884
20.06.16 0:00;6,577
21.06.16 0:00;6,5903
22.06.16 0:00;6,5775
23.06.16 0:00;6,5772
24.06.16 0:00;6,6218
25.06.16 0:00;6,6218
26.06.16 0:00;6,6218
27.06.16 0:00;6,6516
28.06.16 0:00;6,6481
29.06.16 0:00;6,6367
30.06.16 0:00;6,648
01.07.16 0:00;6,6557
02.07.16 0:00;6,6557
03.07.16 0:00;6,6557
04.07.16 0:00;6,6653
05.07.16 0:00;6,6796
06.07.16 0:00;6,693
07.07.16 0:00;6,681
08.07.16 0:00;6,6881
09.07.16 0:00;6,6881
10.07.16 0:00;6,6881
11.07.16 0:00;6,6939
12.07.16 0:00;6,6885
13.07.16 0:00;6,6863
14.07.16 0:00;6,6836
15.07.16 0:00;6,6887
16.07.16 0:00;6,6887
17.07.16 0:00;6,6887
18.07.16 0:00;6,7045
19.07.16 0:00;6,6963
20.07.16 0:00;6,6777
21.07.16 0:00;6,6755
22.07.16 0:00;6,6795
23.07.16 0:00;6,6795
24.07.16 0:00;6,6795
25.07.16 0:00;6,6785
26.07.16 0:00;6,672
27.07.16 0:00;6,67
28.07.16 0:00;6,6554
29.07.16 0:00;6,6373
30.07.16 0:00;6,6373
31.07.16 0:00;6,6373
01.08.16 0:00;6,6439
02.08.16 0:00;6,6272
03.08.16 0:00;6,6342
04.08.16 0:00;6,6418
05.08.16 0:00;6,6564
06.08.16 0:00;6,6564
07.08.16 0:00;6,6564
08.08.16 0:00;6,6614
09.08.16 0:00;6,6557
10.08.16 0:00;6,638
11.08.16 0:00;6,6277
12.08.16 0:00;6,6353
13.08.16 0:00;6,6353
14.08.16 0:00;6,6353
15.08.16 0:00;6,638
16.08.16 0:00;6,6253
17.08.16 0:00;6,6343
18.08.16 0:00;6,6312
19.08.16 0:00;6,6532
20.08.16 0:00;6,6532
21.08.16 0:00;6,6532
22.08.16 0:00;6,6507
23.08.16 0:00;6,6409
24.08.16 0:00;6,6591
25.08.16 0:00;6,6593
26.08.16 0:00;6,6719
27.08.16 0:00;6,6719
28.08.16 0:00;6,6719
29.08.16 0:00;6,6777
30.08.16 0:00;6,6812
31.08.16 0:00;6,6793
01.09.16 0:00;6,6715
02.09.16 0:00;6,6805
03.09.16 0:00;6,6805
04.09.16 0:00;6,6805
05.09.16 0:00;6,6766
06.09.16 0:00;6,6755
07.09.16 0:00;6,6625
08.09.16 0:00;6,6643
09.09.16 0:00;6,6781
10.09.16 0:00;6,6781
11.09.16 0:00;6,6781
12.09.16 0:00;6,6801
13.09.16 0:00;6,6794
14.09.16 0:00;6,6734
15.09.16 0:00;6,6734
16.09.16 0:00;6,6734
17.09.16 0:00;6,6734
18.09.16 0:00;6,6734
19.09.16 0:00;6,6685
20.09.16 0:00;6,672
21.09.16 0:00;6,6721
22.09.16 0:00;6,6648
23.09.16 0:00;6,6694
24.09.16 0:00;6,6694
25.09.16 0:00;6,6694
26.09.16 0:00;6,6689
27.09.16 0:00;6,6701
28.09.16 0:00;6,6752
29.09.16 0:00;6,6673
30.09.16 0:00;6,6716
01.10.16 0:00;6,6716
02.10.16 0:00;6,6716
03.10.16 0:00;6,6716
04.10.16 0:00;6,6716
05.10.16 0:00;6,6716
06.10.16 0:00;6,6716
07.10.16 0:00;6,6716
08.10.16 0:00;6,6716
09.10.16 0:00;6,6716
10.10.16 0:00;6,7074
11.10.16 0:00;6,722
12.10.16 0:00;6,719
13.10.16 0:00;6,7274
14.10.16 0:00;6,7288
15.10.16 0:00;6,7288
16.10.16 0:00;6,7288
17.10.16 0:00;6,7375
18.10.16 0:00;6,7409
19.10.16 0:00;6,7379
20.10.16 0:00;6,7454
21.10.16 0:00;6,7667
22.10.16 0:00;6,7667
23.10.16 0:00;6,7667
24.10.16 0:00;6,7752
25.10.16 0:00;6,7812
26.10.16 0:00;6,7712
27.10.16 0:00;6,7851
28.10.16 0:00;6,779
29.10.16 0:00;6,779
30.10.16 0:00;6,779
31.10.16 0:00;6,7758
01.11.16 0:00;6,7665
02.11.16 0:00;6,757
03.11.16 0:00;6,7646
04.11.16 0:00;6,7565
05.11.16 0:00;6,7565
06.11.16 0:00;6,7565
07.11.16 0:00;6,7766
08.11.16 0:00;6,7874
09.11.16 0:00;6,78
10.11.16 0:00;6,8019
11.11.16 0:00;6,8125
12.11.16 0:00;6,8125
13.11.16 0:00;6,8125
14.11.16 0:00;6,8468
15.11.16 0:00;6,8591
16.11.16 0:00;6,8804
17.11.16 0:00;6,8782
18.11.16 0:00;6,8887
19.11.16 0:00;6,8887
20.11.16 0:00;6,8887
21.11.16 0:00;6,8928
22.11.16 0:00;6,89
23.11.16 0:00;6,9202
24.11.16 0:00;6,9196
25.11.16 0:00;6,9198
26.11.16 0:00;6,9198
27.11.16 0:00;6,9198
28.11.16 0:00;6,9087
29.11.16 0:00;6,8968
30.11.16 0:00;6,8868
01.12.16 0:00;6,8865
02.12.16 0:00;6,8865
03.12.16 0:00;6,8865
04.12.16 0:00;6,8865
05.12.16 0:00;6,881
06.12.16 0:00;6,882
07.12.16 0:00;6,8805
08.12.16 0:00;6,8799
09.12.16 0:00;6,9077
10.12.16 0:00;6,9077
11.12.16 0:00;6,9077
12.12.16 0:00;6,9069
13.12.16 0:00;6,9017
14.12.16 0:00;6,9051
15.12.16 0:00;6,9443
16.12.16 0:00;6,9603
17.12.16 0:00;6,9603
18.12.16 0:00;6,9603
19.12.16 0:00;6,9539
20.12.16 0:00;6,9505
21.12.16 0:00;6,9421
22.12.16 0:00;6,9504
23.12.16 0:00;6,9464
24.12.16 0:00;6,9464
25.12.16 0:00;6,9464
26.12.16 0:00;6,9489
27.12.16 0:00;6,9525
28.12.16 0:00;6,9593
29.12.16 0:00;6,9552
30.12.16 0:00;6,945
31.12.16 0:00;6,945
01.01.17 0:00;6,945
02.01.17 0:00;6,945
03.01.17 0:00;6,961
04.01.17 0:00;6,9351
05.01.17 0:00;6,89
06.01.17 0:00;6,9207
07.01.17 0:00;6,9207
08.01.17 0:00;6,9207
09.01.17 0:00;6,9375
10.01.17 0:00;6,9215
11.01.17 0:00;6,9377
12.01.17 0:00;6,8915
13.01.17 0:00;6,9005
14.01.17 0:00;6,9005
15.01.17 0:00;6,9005
16.01.17 0:00;6,9009
17.01.17 0:00;6,8546
18.01.17 0:00;6,839
19.01.17 0:00;6,8712
20.01.17 0:00;6,8765
21.01.17 0:00;6,8765
22.01.17 0:00;6,8765
23.01.17 0:00;6,8539
24.01.17 0:00;6,859
25.01.17 0:00;6,8836
26.01.17 0:00;6,8817
27.01.17 0:00;6,8817
28.01.17 0:00;6,8817
29.01.17 0:00;6,8817
30.01.17 0:00;6,8817
31.01.17 0:00;6,8817
01.02.17 0:00;6,8817
02.02.17 0:00;6,8817
03.02.17 0:00;6,8697
04.02.17 0:00;6,8697
05.02.17 0:00;6,8697
06.02.17 0:00;6,863
07.02.17 0:00;6,8843
08.02.17 0:00;6,8723
09.02.17 0:00;6,8689
10.02.17 0:00;6,8785
11.02.17 0:00;6,8785
12.02.17 0:00;6,8785
13.02.17 0:00;6,8815
14.02.17 0:00;6,8674
15.02.17 0:00;6,8711
16.02.17 0:00;6,8537
17.02.17 0:00;6,8665
18.02.17 0:00;6,8665
19.02.17 0:00;6,8665
20.02.17 0:00;6,8785
21.02.17 0:00;6,8841
22.02.17 0:00;6,8777
23.02.17 0:00;6,8661
24.02.17 0:00;6,869
25.02.17 0:00;6,869
26.02.17 0:00;6,869
27.02.17 0:00;6,8708
28.02.17 0:00;6,8678
01.03.17 0:00;6,8819
02.03.17 0:00;6,8899
03.03.17 0:00;6,8972
04.03.17 0:00;6,8972
05.03.17 0:00;6,8972
06.03.17 0:00;6,8974
07.03.17 0:00;6,9025
08.03.17 0:00;6,9131
09.03.17 0:00;6,9113
10.03.17 0:00;6,9095
11.03.17 0:00;6,9095
12.03.17 0:00;6,9095
13.03.17 0:00;6,9145
14.03.17 0:00;6,915
15.03.17 0:00;6,9147
16.03.17 0:00;6,898
17.03.17 0:00;6,9034
18.03.17 0:00;6,9034
19.03.17 0:00;6,9034
20.03.17 0:00;6,9085
21.03.17 0:00;6,887
22.03.17 0:00;6,8828
23.03.17 0:00;6,8861
24.03.17 0:00;6,8837
25.03.17 0:00;6,8837
26.03.17 0:00;6,8837
27.03.17 0:00;6,8728
28.03.17 0:00;6,8802
29.03.17 0:00;6,89
30.03.17 0:00;6,8894
31.03.17 0:00;6,8871
01.04.17 0:00;6,8871
02.04.17 0:00;6,8871
03.04.17 0:00;6,8871
04.04.17 0:00;6,8871
05.04.17 0:00;6,8948
06.04.17 0:00;6,8978
07.04.17 0:00;6,9004
08.04.17 0:00;6,9004
09.04.17 0:00;6,9004
10.04.17 0:00;6,9031
11.04.17 0:00;6,8923
12.04.17 0:00;6,8915
13.04.17 0:00;6,89
14.04.17 0:00;6,8854
15.04.17 0:00;6,8854
16.04.17 0:00;6,8854
17.04.17 0:00;6,8823
18.04.17 0:00;6,8819
19.04.17 0:00;6,888
20.04.17 0:00;6,8822
21.04.17 0:00;6,8859
22.04.17 0:00;6,8859
23.04.17 0:00;6,8859
24.04.17 0:00;6,8848
25.04.17 0:00;6,8847
26.04.17 0:00;6,8926
27.04.17 0:00;6,8979
28.04.17 0:00;6,8935
29.04.17 0:00;6,8935
30.04.17 0:00;6,8935
01.05.17 0:00;6,8935
02.05.17 0:00;6,896
03.05.17 0:00;6,8989
04.05.17 0:00;6,8962
05.05.17 0:00;6,9031
06.05.17 0:00;6,9031
07.05.17 0:00;6,9031
08.05.17 0:00;6,9045
09.05.17 0:00;6,9074
10.05.17 0:00;6,9032
11.05.17 0:00;6,9037
12.05.17 0:00;6,8994
13.05.17 0:00;6,8994
14.05.17 0:00;6,8994
15.05.17 0:00;6,893
16.05.17 0:00;6,8867
17.05.17 0:00;6,8819
18.05.17 0:00;6,8893
19.05.17 0:00;6,885
20.05.17 0:00;6,885
21.05.17 0:00;6,885
22.05.17 0:00;6,8864
23.05.17 0:00;6,89
24.05.17 0:00;6,8899
25.05.17 0:00;6,8689
26.05.17 0:00;6,8556
27.05.17 0:00;6,8556
28.05.17 0:00;6,8556
29.05.17 0:00;6,8556
30.05.17 0:00;6,8556
31.05.17 0:00;6,8101
01.06.17 0:00;6,8078
02.06.17 0:00;6,8117
03.06.17 0:00;6,8117
04.06.17 0:00;6,8117
05.06.17 0:00;6,804
06.06.17 0:00;6,7953
07.06.17 0:00;6,7957
08.06.17 0:00;6,8003
09.06.17 0:00;6,798
10.06.17 0:00;6,798
11.06.17 0:00;6,798
12.06.17 0:00;6,7982
13.06.17 0:00;6,799
14.06.17 0:00;6,7917
15.06.17 0:00;6,8079
16.06.17 0:00;6,8104
17.06.17 0:00;6,8104
18.06.17 0:00;6,8104
19.06.17 0:00;6,8195
20.06.17 0:00;6,8292
21.06.17 0:00;6,8295
22.06.17 0:00;6,8348
23.06.17 0:00;6,8367
24.06.17 0:00;6,8367
25.06.17 0:00;6,8367
26.06.17 0:00;6,8411
27.06.17 0:00;6,8126
28.06.17 0:00;6,7998
29.06.17 0:00;6,787
30.06.17 0:00;6,7809
01.07.17 0:00;6,7809
02.07.17 0:00;6,7809
03.07.17 0:00;6,8007
04.07.17 0:00;6,8007
05.07.17 0:00;6,8015
06.07.17 0:00;6,8015
07.07.17 0:00;6,8059
08.07.17 0:00;6,8059
09.07.17 0:00;6,8059
10.07.17 0:00;6,8036
11.07.17 0:00;6,8025
12.07.17 0:00;6,7877
13.07.17 0:00;6,7835
14.07.17 0:00;6,7758
15.07.17 0:00;6,7758
16.07.17 0:00;6,7758
17.07.17 0:00;6,77
18.07.17 0:00;6,7463
19.07.17 0:00;6,7519
20.07.17 0:00;6,7595
21.07.17 0:00;6,7669
22.07.17 0:00;6,7669
23.07.17 0:00;6,7669
24.07.17 0:00;6,7511
25.07.17 0:00;6,7511
26.07.17 0:00;6,7539
27.07.17 0:00;6,743
28.07.17 0:00;6,7374
29.07.17 0:00;6,7374
30.07.17 0:00;6,7374
31.07.17 0:00;6,7265
01.08.17 0:00;6,7181
02.08.17 0:00;6,7219
03.08.17 0:00;6,7169
04.08.17 0:00;6,7289
05.08.17 0:00;6,7289
06.08.17 0:00;6,7289
07.08.17 0:00;6,7214
08.08.17 0:00;6,7065
09.08.17 0:00;6,6739
10.08.17 0:00;6,6475
11.08.17 0:00;6,6647
12.08.17 0:00;6,6647
13.08.17 0:00;6,6647
14.08.17 0:00;6,6711
15.08.17 0:00;6,6855
16.08.17 0:00;6,6916
17.08.17 0:00;6,6755
18.08.17 0:00;6,6713
19.08.17 0:00;6,6713
20.08.17 0:00;6,6713
21.08.17 0:00;6,6656
22.08.17 0:00;6,6624
23.08.17 0:00;6,6589
24.08.17 0:00;6,662
25.08.17 0:00;6,6497
26.08.17 0:00;6,6497
27.08.17 0:00;6,6497
28.08.17 0:00;6,6159
29.08.17 0:00;6,5968
30.08.17 0:00;6,5944
31.08.17 0:00;6,5899
01.09.17 0:00;6,5591
02.09.17 0:00;6,5591
03.09.17 0:00;6,5591
04.09.17 0:00;6,531
05.09.17 0:00;6,5388
06.09.17 0:00;6,524
07.09.17 0:00;6,4865
08.09.17 0:00;6,4817
09.09.17 0:00;6,4817
10.09.17 0:00;6,4817
11.09.17 0:00;6,5297
12.09.17 0:00;6,5354
13.09.17 0:00;6,543
14.09.17 0:00;6,556
15.09.17 0:00;6,5526
16.09.17 0:00;6,5526
17.09.17 0:00;6,5526
18.09.17 0:00;6,5741
19.09.17 0:00;6,5838
20.09.17 0:00;6,5749
21.09.17 0:00;6,5899
22.09.17 0:00;6,5911
23.09.17 0:00;6,5911
24.09.17 0:00;6,5911
25.09.17 0:00;6,6212
26.09.17 0:00;6,6401
27.09.17 0:00;6,6425
28.09.17 0:00;6,664
29.09.17 0:00;6,6534
30.09.17 0:00;6,6534
01.10.17 0:00;6,6534
02.10.17 0:00;6,6534
03.10.17 0:00;6,6534
04.10.17 0:00;6,6534
05.10.17 0:00;6,6534
06.10.17 0:00;6,6534
07.10.17 0:00;6,6534
08.10.17 0:00;6,6534
09.10.17 0:00;6,6255
10.10.17 0:00;6,5714
11.10.17 0:00;6,5903
12.10.17 0:00;6,588
13.10.17 0:00;6,5796
14.10.17 0:00;6,5796
15.10.17 0:00;6,5796
16.10.17 0:00;6,5899
17.10.17 0:00;6,6235
18.10.17 0:00;6,6274
19.10.17 0:00;6,6214
