Date;EUR
01.01.12 0:00;0,773455024
02.01.12 0:00;0,773455024
03.01.12 0:00;0,76622481
04.01.12 0:00;0,772678102
05.01.12 0:00;0,782472613
06.01.12 0:00;0,786101722
07.01.12 0:00;0,786101722
08.01.12 0:00;0,786101722
09.01.12 0:00;0,783269366
10.01.12 0:00;0,782962731
11.01.12 0:00;0,787153652
12.01.12 0:00;0,779666303
13.01.12 0:00;0,788830165
14.01.12 0:00;0,788830165
15.01.12 0:00;0,788830165
16.01.12 0:00;0,789639924
17.01.12 0:00;0,784929356
18.01.12 0:00;0,777967948
19.01.12 0:00;0,771307366
20.01.12 0:00;0,772916989
21.01.12 0:00;0,772916989
22.01.12 0:00;0,772916989
23.01.12 0:00;0,767459708
24.01.12 0:00;0,767931193
25.01.12 0:00;0,762776506
26.01.12 0:00;0,763358779
27.01.12 0:00;0,756086496
28.01.12 0:00;0,756086496
29.01.12 0:00;0,756086496
30.01.12 0:00;0,76178868
31.01.12 0:00;0,764584448
01.02.12 0:00;0,759936165
02.02.12 0:00;0,760687662
03.02.12 0:00;0,760803408
04.02.12 0:00;0,760803408
05.02.12 0:00;0,760803408
06.02.12 0:00;0,761382671
07.02.12 0:00;0,753806724
08.02.12 0:00;0,754261578
09.02.12 0:00;0,752841978
10.02.12 0:00;0,759013283
11.02.12 0:00;0,759013283
12.02.12 0:00;0,759013283
13.02.12 0:00;0,757920267
14.02.12 0:00;0,762253221
15.02.12 0:00;0,765052406
16.02.12 0:00;0,760977095
17.02.12 0:00;0,760340633
18.02.12 0:00;0,760340633
19.02.12 0:00;0,760340633
20.02.12 0:00;0,755287009
21.02.12 0:00;0,755229968
22.02.12 0:00;0,755001888
23.02.12 0:00;0,747999102
24.02.12 0:00;0,743107676
25.02.12 0:00;0,743107676
26.02.12 0:00;0,743107676
27.02.12 0:00;0,746268657
28.02.12 0:00;0,742390497
29.02.12 0:00;0,750412727
01.03.12 0:00;0,751201923
02.03.12 0:00;0,75740362
03.03.12 0:00;0,75740362
04.03.12 0:00;0,75740362
05.03.12 0:00;0,756544107
06.03.12 0:00;0,762485703
07.03.12 0:00;0,760456274
08.03.12 0:00;0,753522719
09.03.12 0:00;0,762543846
10.03.12 0:00;0,762543846
11.03.12 0:00;0,762543846
12.03.12 0:00;0,760167237
13.03.12 0:00;0,764292265
14.03.12 0:00;0,767518612
15.03.12 0:00;0,764350684
16.03.12 0:00;0,759013283
17.03.12 0:00;0,759013283
18.03.12 0:00;0,759013283
19.03.12 0:00;0,755229968
20.03.12 0:00;0,756143667
21.03.12 0:00;0,756887678
22.03.12 0:00;0,757690559
23.03.12 0:00;0,753409177
24.03.12 0:00;0,753409177
25.03.12 0:00;0,753409177
26.03.12 0:00;0,748615062
27.03.12 0:00;0,750863493
28.03.12 0:00;0,750919877
29.03.12 0:00;0,751766652
30.03.12 0:00;0,74940048
31.03.12 0:00;0,74940048
01.04.12 0:00;0,74940048
02.04.12 0:00;0,750581701
03.04.12 0:00;0,755629439
04.04.12 0:00;0,76091919
05.04.12 0:00;0,765462339
06.04.12 0:00;0,763591936
07.04.12 0:00;0,763591936
08.04.12 0:00;0,763591936
09.04.12 0:00;0,763242253
10.04.12 0:00;0,764467548
11.04.12 0:00;0,762776506
12.04.12 0:00;0,7583801
13.04.12 0:00;0,764701384
14.04.12 0:00;0,764701384
15.04.12 0:00;0,764701384
16.04.12 0:00;0,761092929
17.04.12 0:00;0,761904762
18.04.12 0:00;0,762137032
19.04.12 0:00;0,761266748
20.04.12 0:00;0,756200847
21.04.12 0:00;0,756200847
22.04.12 0:00;0,756200847
23.04.12 0:00;0,760167237
24.04.12 0:00;0,757920267
25.04.12 0:00;0,756258035
26.04.12 0:00;0,757059581
27.04.12 0:00;0,75443229
28.04.12 0:00;0,75443229
29.04.12 0:00;0,75443229
30.04.12 0:00;0,755229968
01.05.12 0:00;0,755344059
02.05.12 0:00;0,760051684
03.05.12 0:00;0,760340633
04.05.12 0:00;0,764350684
05.05.12 0:00;0,764350684
06.05.12 0:00;0,764350684
07.05.12 0:00;0,766048721
08.05.12 0:00;0,769053295
09.05.12 0:00;0,773215805
10.05.12 0:00;0,773036487
11.05.12 0:00;0,77417357
12.05.12 0:00;0,77417357
13.05.12 0:00;0,77417357
14.05.12 0:00;0,779666303
15.05.12 0:00;0,785484251
16.05.12 0:00;0,786410821
17.05.12 0:00;0,787773751
18.05.12 0:00;0,782288978
19.05.12 0:00;0,782288978
20.05.12 0:00;0,782288978
21.05.12 0:00;0,780396441
22.05.12 0:00;0,788394828
23.05.12 0:00;0,794533609
24.05.12 0:00;0,797702616
25.05.12 0:00;0,798913478
26.05.12 0:00;0,798913478
27.05.12 0:00;0,798913478
28.05.12 0:00;0,797321001
29.05.12 0:00;0,80012802
30.05.12 0:00;0,808407437
31.05.12 0:00;0,809126952
01.06.12 0:00;0,804181745
02.06.12 0:00;0,804181745
03.06.12 0:00;0,804181745
04.06.12 0:00;0,80012802
05.06.12 0:00;0,802954874
06.06.12 0:00;0,79541839
07.06.12 0:00;0,796051584
08.06.12 0:00;0,798913478
09.06.12 0:00;0,798913478
10.06.12 0:00;0,798913478
11.06.12 0:00;0,801603206
12.06.12 0:00;0,799168864
13.06.12 0:00;0,796431985
14.06.12 0:00;0,791702953
15.06.12 0:00;0,791264441
16.06.12 0:00;0,791264441
17.06.12 0:00;0,791264441
18.06.12 0:00;0,795165394
19.06.12 0:00;0,78814628
20.06.12 0:00;0,787153652
21.06.12 0:00;0,797193878
22.06.12 0:00;0,795544948
23.06.12 0:00;0,795544948
24.06.12 0:00;0,795544948
25.06.12 0:00;0,799680128
26.06.12 0:00;0,800640512
27.06.12 0:00;0,801924619
28.06.12 0:00;0,803858521
29.06.12 0:00;0,789889415
30.06.12 0:00;0,789889415
01.07.12 0:00;0,789889415
02.07.12 0:00;0,794533609
03.07.12 0:00;0,793210121
04.07.12 0:00;0,798530704
05.07.12 0:00;0,806907125
06.07.12 0:00;0,813802083
07.07.12 0:00;0,813802083
08.07.12 0:00;0,813802083
09.07.12 0:00;0,811754201
10.07.12 0:00;0,816193275
11.07.12 0:00;0,817060217
12.07.12 0:00;0,819806526
13.07.12 0:00;0,816193275
14.07.12 0:00;0,816193275
15.07.12 0:00;0,816193275
16.07.12 0:00;0,814796708
17.07.12 0:00;0,813404913
18.07.12 0:00;0,814067079
19.07.12 0:00;0,814332248
20.07.12 0:00;0,822571358
21.07.12 0:00;0,822571358
22.07.12 0:00;0,822571358
23.07.12 0:00;0,825423029
24.07.12 0:00;0,829187396
25.07.12 0:00;0,822436056
26.07.12 0:00;0,814133355
27.07.12 0:00;0,811754201
28.07.12 0:00;0,811754201
29.07.12 0:00;0,811754201
30.07.12 0:00;0,815660685
31.07.12 0:00;0,812743823
01.08.12 0:00;0,817929004
02.08.12 0:00;0,821018062
03.08.12 0:00;0,807297974
04.08.12 0:00;0,807297974
05.08.12 0:00;0,807297974
06.08.12 0:00;0,806386582
07.08.12 0:00;0,806386582
08.08.12 0:00;0,808734331
09.08.12 0:00;0,812611734
10.08.12 0:00;0,81366965
11.08.12 0:00;0,81366965
12.08.12 0:00;0,81366965
13.08.12 0:00;0,810898476
14.08.12 0:00;0,811556565
15.08.12 0:00;0,813735861
16.08.12 0:00;0,809388911
17.08.12 0:00;0,810766986
18.08.12 0:00;0,810766986
19.08.12 0:00;0,810766986
20.08.12 0:00;0,810110175
21.08.12 0:00;0,801796023
22.08.12 0:00;0,798212005
23.08.12 0:00;0,795924865
24.08.12 0:00;0,799168864
25.08.12 0:00;0,799168864
26.08.12 0:00;0,799168864
27.08.12 0:00;0,8
28.08.12 0:00;0,79586152
29.08.12 0:00;0,798148296
30.08.12 0:00;0,799616184
31.08.12 0:00;0,795102171
01.09.12 0:00;0,795102171
02.09.12 0:00;0,795102171
03.09.12 0:00;0,794028903
04.09.12 0:00;0,795734861
05.09.12 0:00;0,79358781
06.09.12 0:00;0,791702953
07.09.12 0:00;0,780274657
08.09.12 0:00;0,780274657
09.09.12 0:00;0,780274657
10.09.12 0:00;0,783760483
11.09.12 0:00;0,777907429
12.09.12 0:00;0,775193798
13.09.12 0:00;0,769882208
14.09.12 0:00;0,76178868
15.09.12 0:00;0,76178868
16.09.12 0:00;0,76178868
17.09.12 0:00;0,762369444
18.09.12 0:00;0,766400981
19.09.12 0:00;0,766400981
20.09.12 0:00;0,771069473
21.09.12 0:00;0,770416025
22.09.12 0:00;0,770416025
23.09.12 0:00;0,770416025
24.09.12 0:00;0,773335396
25.09.12 0:00;0,775193798
26.09.12 0:00;0,77688005
27.09.12 0:00;0,774353415
28.09.12 0:00;0,777725929
29.09.12 0:00;0,777725929
30.09.12 0:00;0,777725929
01.10.12 0:00;0,775855381
02.10.12 0:00;0,773993808
03.10.12 0:00;0,774833411
04.10.12 0:00;0,768167153
05.10.12 0:00;0,767224183
06.10.12 0:00;0,767224183
07.10.12 0:00;0,767224183
08.10.12 0:00;0,771010023
09.10.12 0:00;0,776096236
10.10.12 0:00;0,776699029
11.10.12 0:00;0,773574689
12.10.12 0:00;0,772200772
13.10.12 0:00;0,772200772
14.10.12 0:00;0,772200772
15.10.12 0:00;0,772200772
16.10.12 0:00;0,766048721
17.10.12 0:00;0,762253221
18.10.12 0:00;0,765345171
19.10.12 0:00;0,767931193
20.10.12 0:00;0,767931193
21.10.12 0:00;0,767931193
22.10.12 0:00;0,765696784
23.10.12 0:00;0,770060065
24.10.12 0:00;0,770772314
25.10.12 0:00;0,773156023
26.10.12 0:00;0,772678102
27.10.12 0:00;0,772678102
28.10.12 0:00;0,772678102
29.10.12 0:00;0,774953503
30.10.12 0:00;0,77166448
31.10.12 0:00;0,771604938
01.11.12 0:00;0,772678102
02.11.12 0:00;0,778998208
03.11.12 0:00;0,778998208
04.11.12 0:00;0,778998208
05.11.12 0:00;0,781433148
06.11.12 0:00;0,780396441
07.11.12 0:00;0,783024039
08.11.12 0:00;0,784498313
09.11.12 0:00;0,786843969
10.11.12 0:00;0,786843969
11.11.12 0:00;0,786843969
12.11.12 0:00;0,786782061
13.11.12 0:00;0,787153652
14.11.12 0:00;0,785175879
15.11.12 0:00;0,782472613
16.11.12 0:00;0,784682988
17.11.12 0:00;0,784682988
18.11.12 0:00;0,784682988
19.11.12 0:00;0,780457348
20.11.12 0:00;0,78015291
21.11.12 0:00;0,779483982
22.11.12 0:00;0,77621672
23.11.12 0:00;0,770653514
24.11.12 0:00;0,770653514
25.11.12 0:00;0,770653514
26.11.12 0:00;0,770831727
27.11.12 0:00;0,772499034
28.11.12 0:00;0,772021925
29.11.12 0:00;0,770534751
30.11.12 0:00;0,770060065
01.12.12 0:00;0,770060065
02.12.12 0:00;0,770060065
03.12.12 0:00;0,766048721
04.12.12 0:00;0,763708569
05.12.12 0:00;0,765228038
06.12.12 0:00;0,771128933
07.12.12 0:00;0,773574689
08.12.12 0:00;0,773574689
09.12.12 0:00;0,773574689
10.12.12 0:00;0,77273781
11.12.12 0:00;0,768875903
12.12.12 0:00;0,764876855
13.12.12 0:00;0,764642912
14.12.12 0:00;0,759705234
15.12.12 0:00;0,759705234
16.12.12 0:00;0,759705234
17.12.12 0:00;0,759589821
18.12.12 0:00;0,755857899
19.12.12 0:00;0,75597218
20.12.12 0:00;0,755058895
21.12.12 0:00;0,758265089
22.12.12 0:00;0,758265089
23.12.12 0:00;0,758265089
24.12.12 0:00;0,7583801
25.12.12 0:00;0,758552681
26.12.12 0:00;0,756200847
27.12.12 0:00;0,755515261
28.12.12 0:00;0,756658596
29.12.12 0:00;0,756658596
30.12.12 0:00;0,756658596
31.12.12 0:00;0,757805396
01.01.13 0:00;0,757288906
02.01.13 0:00;0,7583801
03.01.13 0:00;0,766400981
04.01.13 0:00;0,765169485
05.01.13 0:00;0,765169485
06.01.13 0:00;0,765169485
07.01.13 0:00;0,762369444
08.01.13 0:00;0,764350684
09.01.13 0:00;0,765462339
10.01.13 0:00;0,753522719
11.01.13 0:00;0,74940048
12.01.13 0:00;0,74940048
13.01.13 0:00;0,74940048
14.01.13 0:00;0,747216618
15.01.13 0:00;0,751653638
16.01.13 0:00;0,752445448
17.01.13 0:00;0,747551768
18.01.13 0:00;0,750807118
19.01.13 0:00;0,750807118
20.01.13 0:00;0,750807118
21.01.13 0:00;0,751089079
22.01.13 0:00;0,750694392
23.01.13 0:00;0,750863493
24.01.13 0:00;0,747607656
25.01.13 0:00;0,742831674
26.01.13 0:00;0,742831674
27.01.13 0:00;0,742831674
28.01.13 0:00;0,743162901
29.01.13 0:00;0,741125028
30.01.13 0:00;0,737028302
31.01.13 0:00;0,736431254
01.02.13 0:00;0,73313783
02.02.13 0:00;0,73313783
03.02.13 0:00;0,73313783
04.02.13 0:00;0,739973361
05.02.13 0:00;0,736160188
06.02.13 0:00;0,739480884
07.02.13 0:00;0,74649149
08.02.13 0:00;0,74822297
09.02.13 0:00;0,74822297
10.02.13 0:00;0,74822297
11.02.13 0:00;0,745879018
12.02.13 0:00;0,743273376
13.02.13 0:00;0,743328626
14.02.13 0:00;0,748446973
15.02.13 0:00;0,748334955
16.02.13 0:00;0,748334955
17.02.13 0:00;0,748334955
18.02.13 0:00;0,748951468
19.02.13 0:00;0,746937556
20.02.13 0:00;0,75295535
21.02.13 0:00;0,758207597
22.02.13 0:00;0,758150114
23.02.13 0:00;0,758150114
24.02.13 0:00;0,758150114
25.02.13 0:00;0,765579544
26.02.13 0:00;0,765579544
27.02.13 0:00;0,761092929
28.02.13 0:00;0,765931373
01.03.13 0:00;0,767931193
02.03.13 0:00;0,767931193
03.03.13 0:00;0,767931193
04.03.13 0:00;0,767695378
05.03.13 0:00;0,76622481
06.03.13 0:00;0,771188401
07.03.13 0:00;0,763009309
08.03.13 0:00;0,768875903
09.03.13 0:00;0,768875903
10.03.13 0:00;0,768875903
11.03.13 0:00;0,766577233
12.03.13 0:00;0,767224183
13.03.13 0:00;0,771545405
14.03.13 0:00;0,768935025
15.03.13 0:00;0,764759865
16.03.13 0:00;0,764759865
17.03.13 0:00;0,764759865
18.03.13 0:00;0,771843161
19.03.13 0:00;0,77621672
20.03.13 0:00;0,773215805
21.03.13 0:00;0,775314002
22.03.13 0:00;0,769941484
23.03.13 0:00;0,769941484
24.03.13 0:00;0,769941484
25.03.13 0:00;0,778089013
26.03.13 0:00;0,777544514
27.03.13 0:00;0,782472613
28.03.13 0:00;0,780274657
29.03.13 0:00;0,780031201
30.03.13 0:00;0,780031201
31.03.13 0:00;0,780031201
01.04.13 0:00;0,778270683
02.04.13 0:00;0,780031201
03.04.13 0:00;0,77814956
04.04.13 0:00;0,773036487
05.04.13 0:00;0,769822941
06.04.13 0:00;0,769822941
07.04.13 0:00;0,769822941
08.04.13 0:00;0,768698593
09.04.13 0:00;0,764409112
10.04.13 0:00;0,765110941
11.04.13 0:00;0,763184004
12.04.13 0:00;0,762660159
13.04.13 0:00;0,762660159
14.04.13 0:00;0,762660159
15.04.13 0:00;0,767106474
16.04.13 0:00;0,758840492
17.04.13 0:00;0,767459708
18.04.13 0:00;0,766166105
19.04.13 0:00;0,766166105
20.04.13 0:00;0,766166105
21.04.13 0:00;0,766166105
22.04.13 0:00;0,7652866
23.04.13 0:00;0,769289945
24.04.13 0:00;0,768285187
25.04.13 0:00;0,768462307
26.04.13 0:00;0,767577525
27.04.13 0:00;0,767577525
28.04.13 0:00;0,767577525
29.04.13 0:00;0,763358779
30.04.13 0:00;0,759474444
01.05.13 0:00;0,758725341
02.05.13 0:00;0,765462339
03.05.13 0:00;0,762485703
04.05.13 0:00;0,762485703
05.05.13 0:00;0,762485703
06.05.13 0:00;0,764759865
07.05.13 0:00;0,764584448
08.05.13 0:00;0,760340633
09.05.13 0:00;0,766694779
10.05.13 0:00;0,769645194
11.05.13 0:00;0,769645194
12.05.13 0:00;0,769645194
13.05.13 0:00;0,770653514
14.05.13 0:00;0,773993808
15.05.13 0:00;0,77597579
16.05.13 0:00;0,776276976
17.05.13 0:00;0,77887686
18.05.13 0:00;0,77887686
19.05.13 0:00;0,77887686
20.05.13 0:00;0,77621672
21.05.13 0:00;0,774833411
22.05.13 0:00;0,777725929
23.05.13 0:00;0,773036487
24.05.13 0:00;0,773275595
25.05.13 0:00;0,773275595
26.05.13 0:00;0,773275595
27.05.13 0:00;0,773275595
28.05.13 0:00;0,77784692
29.05.13 0:00;0,77273781
30.05.13 0:00;0,766283525
31.05.13 0:00;0,769289945
01.06.13 0:00;0,769289945
02.06.13 0:00;0,769289945
03.06.13 0:00;0,764759865
04.06.13 0:00;0,764467548
05.06.13 0:00;0,763708569
06.06.13 0:00;0,754887899
07.06.13 0:00;0,756258035
08.06.13 0:00;0,756258035
09.06.13 0:00;0,756258035
10.06.13 0:00;0,754318473
11.06.13 0:00;0,75103267
12.06.13 0:00;0,749793807
13.06.13 0:00;0,747663551
14.06.13 0:00;0,749232037
15.06.13 0:00;0,749232037
16.06.13 0:00;0,749232037
17.06.13 0:00;0,747999102
18.06.13 0:00;0,746602957
19.06.13 0:00;0,752162467
20.06.13 0:00;0,756429652
21.06.13 0:00;0,762020879
22.06.13 0:00;0,762020879
23.06.13 0:00;0,762020879
24.06.13 0:00;0,762253221
25.06.13 0:00;0,764233856
26.06.13 0:00;0,768521365
27.06.13 0:00;0,767047634
28.06.13 0:00;0,768639508
29.06.13 0:00;0,768639508
30.06.13 0:00;0,768639508
01.07.13 0:00;0,765462339
02.07.13 0:00;0,770475383
03.07.13 0:00;0,768698593
04.07.13 0:00;0,774413382
05.07.13 0:00;0,779301746
06.07.13 0:00;0,779301746
07.07.13 0:00;0,779301746
08.07.13 0:00;0,777000777
09.07.13 0:00;0,782411392
10.07.13 0:00;0,770653514
11.07.13 0:00;0,763591936
12.07.13 0:00;0,765228038
13.07.13 0:00;0,765228038
14.07.13 0:00;0,765228038
15.07.13 0:00;0,765579544
16.07.13 0:00;0,759762954
17.07.13 0:00;0,761904762
18.07.13 0:00;0,762776506
19.07.13 0:00;0,76091919
20.07.13 0:00;0,76091919
21.07.13 0:00;0,76091919
22.07.13 0:00;0,7583801
23.07.13 0:00;0,756200847
24.07.13 0:00;0,75751837
25.07.13 0:00;0,753182195
26.07.13 0:00;0,753068755
27.07.13 0:00;0,753068755
28.07.13 0:00;0,753068755
29.07.13 0:00;0,754034082
30.07.13 0:00;0,75397723
31.07.13 0:00;0,751766652
01.08.13 0:00;0,757174226
02.08.13 0:00;0,752841978
03.08.13 0:00;0,752841978
04.08.13 0:00;0,752841978
05.08.13 0:00;0,754261578
06.08.13 0:00;0,751540658
07.08.13 0:00;0,749793807
08.08.13 0:00;0,747272456
09.08.13 0:00;0,749456644
10.08.13 0:00;0,749456644
11.08.13 0:00;0,749456644
12.08.13 0:00;0,751879699
13.08.13 0:00;0,754034082
14.08.13 0:00;0,754375377
15.08.13 0:00;0,749175907
16.08.13 0:00;0,750243829
17.08.13 0:00;0,750243829
18.08.13 0:00;0,750243829
19.08.13 0:00;0,749906262
20.08.13 0:00;0,745323098
21.08.13 0:00;0,748671109
22.08.13 0:00;0,748727164
23.08.13 0:00;0,747272456
24.08.13 0:00;0,747272456
25.08.13 0:00;0,747272456
26.08.13 0:00;0,747999102
27.08.13 0:00;0,746658702
28.08.13 0:00;0,749625187
29.08.13 0:00;0,755229968
30.08.13 0:00;0,756315232
31.08.13 0:00;0,756315232
01.09.13 0:00;0,756315232
02.09.13 0:00;0,758035173
03.09.13 0:00;0,759301443
04.09.13 0:00;0,757059581
05.09.13 0:00;0,762195122
06.09.13 0:00;0,758725341
07.09.13 0:00;0,758725341
08.09.13 0:00;0,758725341
09.09.13 0:00;0,75443229
10.09.13 0:00;0,753693096
11.09.13 0:00;0,751201923
12.09.13 0:00;0,751936236
13.09.13 0:00;0,752219046
14.09.13 0:00;0,752219046
15.09.13 0:00;0,752219046
16.09.13 0:00;0,749962502
17.09.13 0:00;0,748559024
18.09.13 0:00;0,739535572
19.09.13 0:00;0,7390983
20.09.13 0:00;0,739426205
21.09.13 0:00;0,739426205
22.09.13 0:00;0,739426205
23.09.13 0:00;0,741125028
24.09.13 0:00;0,742170105
25.09.13 0:00;0,739316871
26.09.13 0:00;0,741344799
27.09.13 0:00;0,739535572
28.09.13 0:00;0,739535572
29.09.13 0:00;0,739535572
30.09.13 0:00;0,739316871
01.10.13 0:00;0,739316871
02.10.13 0:00;0,736431254
03.10.13 0:00;0,734322221
04.10.13 0:00;0,737571913
05.10.13 0:00;0,737571913
06.10.13 0:00;0,737571913
07.10.13 0:00;0,736268591
08.10.13 0:00;0,736756797
09.10.13 0:00;0,739426205
10.10.13 0:00;0,73964497
11.10.13 0:00;0,738443361
12.10.13 0:00;0,738443361
13.10.13 0:00;0,738443361
14.10.13 0:00;0,737408746
15.10.13 0:00;0,739480884
16.10.13 0:00;0,738825268
17.10.13 0:00;0,731207956
18.10.13 0:00;0,730727073
19.10.13 0:00;0,730727073
20.10.13 0:00;0,730727073
21.10.13 0:00;0,730833881
22.10.13 0:00;0,725636746
23.10.13 0:00;0,725847427
24.10.13 0:00;0,724637681
25.10.13 0:00;0,724375226
26.10.13 0:00;0,724375226
27.10.13 0:00;0,724375226
28.10.13 0:00;0,725478816
29.10.13 0:00;0,727484359
30.10.13 0:00;0,728013978
31.10.13 0:00;0,736160188
01.11.13 0:00;0,741454734
02.11.13 0:00;0,741454734
03.11.13 0:00;0,741454734
04.11.13 0:00;0,739863865
05.11.13 0:00;0,742170105
06.11.13 0:00;0,740082889
07.11.13 0:00;0,745156483
08.11.13 0:00;0,747887219
09.11.13 0:00;0,747887219
10.11.13 0:00;0,747887219
11.11.13 0:00;0,745879018
12.11.13 0:00;0,744269128
13.11.13 0:00;0,741454734
14.11.13 0:00;0,742997251
15.11.13 0:00;0,741015191
16.11.13 0:00;0,741015191
17.11.13 0:00;0,741015191
18.11.13 0:00;0,740466494
19.11.13 0:00;0,738606987
20.11.13 0:00;0,744102984
21.11.13 0:00;0,741729714
22.11.13 0:00;0,737571913
23.11.13 0:00;0,737571913
24.11.13 0:00;0,737571913
25.11.13 0:00;0,739863865
26.11.13 0:00;0,736811082
27.11.13 0:00;0,736431254
28.11.13 0:00;0,735023888
29.11.13 0:00;0,735835173
30.11.13 0:00;0,735835173
01.12.13 0:00;0,735835173
02.12.13 0:00;0,738443361
03.12.13 0:00;0,735835173
04.12.13 0:00;0,735618655
05.12.13 0:00;0,731635938
06.12.13 0:00;0,729607471
07.12.13 0:00;0,729607471
08.12.13 0:00;0,729607471
09.12.13 0:00;0,727855011
10.12.13 0:00;0,726691374
11.12.13 0:00;0,725373567
12.12.13 0:00;0,727008361
13.12.13 0:00;0,727643164
14.12.13 0:00;0,727643164
15.12.13 0:00;0,727643164
16.12.13 0:00;0,726691374
17.12.13 0:00;0,726321906
18.12.13 0:00;0,730727073
19.12.13 0:00;0,731903681
20.12.13 0:00;0,731421884
21.12.13 0:00;0,731421884
22.12.13 0:00;0,731421884
23.12.13 0:00;0,730140187
24.12.13 0:00;0,730780474
25.12.13 0:00;0,730994152
26.12.13 0:00;0,730406837
27.12.13 0:00;0,727696114
28.12.13 0:00;0,727696114
29.12.13 0:00;0,727696114
30.12.13 0:00;0,724375226
31.12.13 0:00;0,727484359
01.01.14 0:00;0,727061219
02.01.14 0:00;0,731421884
03.01.14 0:00;0,73594348
04.01.14 0:00;0,73594348
05.01.14 0:00;0,73594348
06.01.14 0:00;0,733783387
07.01.14 0:00;0,734430082
08.01.14 0:00;0,73664825
09.01.14 0:00;0,734807848
10.01.14 0:00;0,731528895
11.01.14 0:00;0,731528895
12.01.14 0:00;0,731528895
13.01.14 0:00;0,731421884
14.01.14 0:00;0,731047591
15.01.14 0:00;0,735023888
16.01.14 0:00;0,734214391
17.01.14 0:00;0,738497895
18.01.14 0:00;0,738497895
19.01.14 0:00;0,738497895
20.01.14 0:00;0,737898465
21.01.14 0:00;0,737408746
22.01.14 0:00;0,738116327
23.01.14 0:00;0,730193501
24.01.14 0:00;0,731101038
25.01.14 0:00;0,731101038
26.01.14 0:00;0,731101038
27.01.14 0:00;0,731421884
28.01.14 0:00;0,731582413
29.01.14 0:00;0,731903681
30.01.14 0:00;0,737680732
31.01.14 0:00;0,741454734
01.02.14 0:00;0,741454734
02.02.14 0:00;0,741454734
03.02.14 0:00;0,739371534
04.02.14 0:00;0,739699682
05.02.14 0:00;0,738934457
06.02.14 0:00;0,735835173
07.02.14 0:00;0,733406674
08.02.14 0:00;0,733406674
09.02.14 0:00;0,733406674
10.02.14 0:00;0,732761779
11.02.14 0:00;0,733191583
12.02.14 0:00;0,735618655
13.02.14 0:00;0,730940721
14.02.14 0:00;0,730300153
15.02.14 0:00;0,730300153
16.02.14 0:00;0,730300153
17.02.14 0:00;0,729501021
18.02.14 0:00;0,726849833
19.02.14 0:00;0,728173014
20.02.14 0:00;0,728969237
21.02.14 0:00;0,727802038
22.02.14 0:00;0,727802038
23.02.14 0:00;0,727802038
24.02.14 0:00;0,728066982
25.02.14 0:00;0,727484359
26.02.14 0:00;0,73056692
27.02.14 0:00;0,729447808
28.02.14 0:00;0,724480185
01.03.14 0:00;0,724480185
02.03.14 0:00;0,724480185
03.03.14 0:00;0,728066982
04.03.14 0:00;0,727590221
05.03.14 0:00;0,728173014
06.03.14 0:00;0,721448669
07.03.14 0:00;0,720564923
08.03.14 0:00;0,720564923
09.03.14 0:00;0,720564923
10.03.14 0:00;0,720616848
11.03.14 0:00;0,721552782
12.03.14 0:00;0,719217491
13.03.14 0:00;0,721032519
14.03.14 0:00;0,718700589
15.03.14 0:00;0,718700589
16.03.14 0:00;0,718700589
17.03.14 0:00;0,718287602
18.03.14 0:00;0,717669011
19.03.14 0:00;0,722908986
20.03.14 0:00;0,725742071
21.03.14 0:00;0,724952878
22.03.14 0:00;0,724952878
23.03.14 0:00;0,724952878
24.03.14 0:00;0,722595563
25.03.14 0:00;0,72322268
26.03.14 0:00;0,725531452
27.03.14 0:00;0,727802038
28.03.14 0:00;0,727114084
29.03.14 0:00;0,727114084
30.03.14 0:00;0,727114084
31.03.14 0:00;0,726163677
01.04.14 0:00;0,724952878
02.04.14 0:00;0,726374664
03.04.14 0:00;0,728862974
04.04.14 0:00;0,729767204
05.04.14 0:00;0,729767204
06.04.14 0:00;0,729767204
07.04.14 0:00;0,727749072
08.04.14 0:00;0,724847782
09.04.14 0:00;0,721761097
10.04.14 0:00;0,720046083
11.04.14 0:00;0,720201656
12.04.14 0:00;0,720201656
13.04.14 0:00;0,720201656
14.04.14 0:00;0,723536647
15.04.14 0:00;0,723903287
16.04.14 0:00;0,723798494
17.04.14 0:00;0,723850887
18.04.14 0:00;0,723850887
19.04.14 0:00;0,723850887
20.04.14 0:00;0,723850887
21.04.14 0:00;0,725058005
22.04.14 0:00;0,724375226
23.04.14 0:00;0,72374611
24.04.14 0:00;0,722961249
25.04.14 0:00;0,722908986
26.04.14 0:00;0,722908986
27.04.14 0:00;0,722908986
28.04.14 0:00;0,722021661
29.04.14 0:00;0,724008109
30.04.14 0:00;0,721084511
01.05.14 0:00;0,720980534
02.05.14 0:00;0,720980534
03.05.14 0:00;0,720980534
04.05.14 0:00;0,720980534
05.05.14 0:00;0,720668781
06.05.14 0:00;0,717978173
07.05.14 0:00;0,71880391
08.05.14 0:00;0,722491149
09.05.14 0:00;0,726744186
10.05.14 0:00;0,726744186
11.05.14 0:00;0,726744186
12.05.14 0:00;0,726902668
13.05.14 0:00;0,729713952
14.05.14 0:00;0,729128691
15.05.14 0:00;0,729341405
16.05.14 0:00;0,730193501
17.05.14 0:00;0,730193501
18.05.14 0:00;0,730193501
19.05.14 0:00;0,729447808
20.05.14 0:00;0,729767204
21.05.14 0:00;0,730620297
22.05.14 0:00;0,732278852
23.05.14 0:00;0,733460466
24.05.14 0:00;0,733460466
25.05.14 0:00;0,733460466
26.05.14 0:00;0,732815477
27.05.14 0:00;0,733460466
28.05.14 0:00;0,735781032
29.05.14 0:00;0,735186002
30.05.14 0:00;0,733621891
31.05.14 0:00;0,733621891
01.06.14 0:00;0,733621891
02.06.14 0:00;0,735456351
03.06.14 0:00;0,733783387
04.06.14 0:00;0,735348187
05.06.14 0:00;0,732064422
06.06.14 0:00;0,732976618
07.06.14 0:00;0,732976618
08.06.14 0:00;0,732976618
09.06.14 0:00;0,735618655
10.06.14 0:00;0,738116327
11.06.14 0:00;0,738934457
12.06.14 0:00;0,73784402
13.06.14 0:00;0,738443361
14.06.14 0:00;0,738443361
15.06.14 0:00;0,738443361
16.06.14 0:00;0,73664825
17.06.14 0:00;0,738225306
18.06.14 0:00;0,735510444
19.06.14 0:00;0,734807848
20.06.14 0:00;0,735348187
21.06.14 0:00;0,735348187
22.06.14 0:00;0,735348187
23.06.14 0:00;0,735023888
24.06.14 0:00;0,735023888
25.06.14 0:00;0,733675715
26.06.14 0:00;0,734699875
27.06.14 0:00;0,732654407
28.06.14 0:00;0,732654407
29.06.14 0:00;0,732654407
30.06.14 0:00;0,730353491
01.07.14 0:00;0,731047591
02.07.14 0:00;0,732064422
03.07.14 0:00;0,734699875
04.07.14 0:00;0,735510444
05.07.14 0:00;0,735510444
06.07.14 0:00;0,735510444
07.07.14 0:00;0,735023888
08.07.14 0:00;0,734591934
09.07.14 0:00;0,732869183
10.07.14 0:00;0,734753857
11.07.14 0:00;0,734807848
12.07.14 0:00;0,734807848
13.07.14 0:00;0,734807848
14.07.14 0:00;0,734214391
15.07.14 0:00;0,736811082
16.07.14 0:00;0,739371534
17.07.14 0:00;0,739262216
18.07.14 0:00;0,739371534
19.07.14 0:00;0,739371534
20.07.14 0:00;0,739371534
21.07.14 0:00;0,739480884
22.07.14 0:00;0,74261102
23.07.14 0:00;0,742666172
24.07.14 0:00;0,742721331
25.07.14 0:00;0,744490768
26.07.14 0:00;0,744490768
27.07.14 0:00;0,744490768
28.07.14 0:00;0,743992262
29.07.14 0:00;0,745712155
30.07.14 0:00;0,746435769
31.07.14 0:00;0,746881769
01.08.14 0:00;0,744601638
02.08.14 0:00;0,744601638
03.08.14 0:00;0,744601638
04.08.14 0:00;0,745045448
05.08.14 0:00;0,747607656
06.08.14 0:00;0,747272456
07.08.14 0:00;0,748334955
08.08.14 0:00;0,745656551
09.08.14 0:00;0,745656551
10.08.14 0:00;0,745656551
11.08.14 0:00;0,747049156
12.08.14 0:00;0,747999102
13.08.14 0:00;0,74822297
14.08.14 0:00;0,74822297
15.08.14 0:00;0,746324353
16.08.14 0:00;0,746324353
17.08.14 0:00;0,746324353
18.08.14 0:00;0,748334955
19.08.14 0:00;0,750750751
20.08.14 0:00;0,754147813
21.08.14 0:00;0,75289866
22.08.14 0:00;0,75511591
23.08.14 0:00;0,75511591
24.08.14 0:00;0,75511591
25.08.14 0:00;0,758035173
26.08.14 0:00;0,759359101
27.08.14 0:00;0,757977715
28.08.14 0:00;0,758552681
29.08.14 0:00;0,761440646
30.08.14 0:00;0,761440646
31.08.14 0:00;0,761440646
01.09.14 0:00;0,761730652
02.09.14 0:00;0,761440646
03.09.14 0:00;0,760398449
04.09.14 0:00;0,772499034
05.09.14 0:00;0,772200772
06.09.14 0:00;0,772200772
07.09.14 0:00;0,772200772
08.09.14 0:00;0,775374118
09.09.14 0:00;0,772916989
10.09.14 0:00;0,77417357
11.09.14 0:00;0,773634535
12.09.14 0:00;0,771307366
13.09.14 0:00;0,771307366
14.09.14 0:00;0,771307366
15.09.14 0:00;0,772678102
16.09.14 0:00;0,771604938
17.09.14 0:00;0,777242344
18.09.14 0:00;0,77381413
19.09.14 0:00;0,779483982
20.09.14 0:00;0,779483982
21.09.14 0:00;0,779483982
22.09.14 0:00;0,778210117
23.09.14 0:00;0,778391842
24.09.14 0:00;0,782472613
25.09.14 0:00;0,784313725
26.09.14 0:00;0,788332676
27.09.14 0:00;0,788332676
28.09.14 0:00;0,788332676
29.09.14 0:00;0,788332676
30.09.14 0:00;0,791640279
01.10.14 0:00;0,792141952
02.10.14 0:00;0,78939059
03.10.14 0:00;0,798913478
04.10.14 0:00;0,798913478
05.10.14 0:00;0,798913478
06.10.14 0:00;0,790263948
07.10.14 0:00;0,789265983
08.10.14 0:00;0,785299199
09.10.14 0:00;0,787959972
10.10.14 0:00;0,791891036
11.10.14 0:00;0,791891036
12.10.14 0:00;0,791891036
13.10.14 0:00;0,784129224
14.10.14 0:00;0,789951813
15.10.14 0:00;0,778998208
16.10.14 0:00;0,78070107
17.10.14 0:00;0,783514848
18.10.14 0:00;0,783514848
19.10.14 0:00;0,783514848
20.10.14 0:00;0,78131104
21.10.14 0:00;0,78647267
22.10.14 0:00;0,79057633
23.10.14 0:00;0,790701352
24.10.14 0:00;0,789265983
25.10.14 0:00;0,789265983
26.10.14 0:00;0,789265983
27.10.14 0:00;0,787525595
28.10.14 0:00;0,785299199
29.10.14 0:00;0,791640279
30.10.14 0:00;0,792832792
31.10.14 0:00;0,798403194
01.11.14 0:00;0,798403194
02.11.14 0:00;0,798403194
03.11.14 0:00;0,801089482
04.11.14 0:00;0,797066794
05.11.14 0:00;0,800897005
06.11.14 0:00;0,808080808
07.11.14 0:00;0,802954874
08.11.14 0:00;0,802954874
09.11.14 0:00;0,802954874
10.11.14 0:00;0,805088157
11.11.14 0:00;0,801603206
12.11.14 0:00;0,803923145
13.11.14 0:00;0,801474713
14.11.14 0:00;0,798530704
15.11.14 0:00;0,798530704
16.11.14 0:00;0,798530704
17.11.14 0:00;0,803212851
18.11.14 0:00;0,797638989
19.11.14 0:00;0,796558866
20.11.14 0:00;0,797448166
21.11.14 0:00;0,807102502
22.11.14 0:00;0,807102502
23.11.14 0:00;0,807102502
24.11.14 0:00;0,803664711
25.11.14 0:00;0,801603206
26.11.14 0:00;0,799616184
27.11.14 0:00;0,80211759
28.11.14 0:00;0,803083842
29.11.14 0:00;0,803083842
30.11.14 0:00;0,803083842
01.12.14 0:00;0,801924619
02.12.14 0:00;0,80755875
03.12.14 0:00;0,812281699
04.12.14 0:00;0,807819695
05.12.14 0:00;0,814000814
06.12.14 0:00;0,814000814
07.12.14 0:00;0,814000814
08.12.14 0:00;0,811886011
09.12.14 0:00;0,808080808
10.12.14 0:00;0,803341902
11.12.14 0:00;0,805736846
12.12.14 0:00;0,802439416
13.12.14 0:00;0,802439416
14.12.14 0:00;0,802439416
15.12.14 0:00;0,804052424
16.12.14 0:00;0,799296619
17.12.14 0:00;0,810175808
18.12.14 0:00;0,81393456
19.12.14 0:00;0,817795224
20.12.14 0:00;0,817795224
21.12.14 0:00;0,817795224
22.12.14 0:00;0,817594637
23.12.14 0:00;0,821557673
24.12.14 0:00;0,8200082
25.12.14 0:00;0,818196694
26.12.14 0:00;0,821287779
27.12.14 0:00;0,821287779
28.12.14 0:00;0,821287779
29.12.14 0:00;0,822909809
30.12.14 0:00;0,822571358
31.12.14 0:00;0,826582906
01.01.15 0:00;0,826173166
02.01.15 0:00;0,833125052
03.01.15 0:00;0,833125052
04.01.15 0:00;0,833125052
05.01.15 0:00;0,837942014
06.01.15 0:00;0,841113634
07.01.15 0:00;0,844665935
08.01.15 0:00;0,847960655
09.01.15 0:00;0,844523267
10.01.15 0:00;0,844523267
11.01.15 0:00;0,844523267
12.01.15 0:00;0,845022816
13.01.15 0:00;0,849473327
14.01.15 0:00;0,848248367
15.01.15 0:00;0,859771301
16.01.15 0:00;0,864304235
17.01.15 0:00;0,864304235
18.01.15 0:00;0,864304235
19.01.15 0:00;0,861623298
20.01.15 0:00;0,865725911
21.01.15 0:00;0,861326443
22.01.15 0:00;0,879816998
23.01.15 0:00;0,892219843
24.01.15 0:00;0,892219843
25.01.15 0:00;0,892219843
26.01.15 0:00;0,889758875
27.01.15 0:00;0,878657411
28.01.15 0:00;0,885896527
29.01.15 0:00;0,883392226
30.01.15 0:00;0,885896527
31.01.15 0:00;0,885896527
01.02.15 0:00;0,885896527
02.02.15 0:00;0,881678716
03.02.15 0:00;0,871004268
04.02.15 0:00;0,881290209
05.02.15 0:00;0,871307833
06.02.15 0:00;0,883782589
07.02.15 0:00;0,883782589
08.02.15 0:00;0,883782589
09.02.15 0:00;0,883080184
10.02.15 0:00;0,883314195
11.02.15 0:00;0,882301041
12.02.15 0:00;0,876962203
13.02.15 0:00;0,878348704
14.02.15 0:00;0,878348704
15.02.15 0:00;0,878348704
16.02.15 0:00;0,880824452
17.02.15 0:00;0,876270592
18.02.15 0:00;0,877423883
19.02.15 0:00;0,879816998
20.02.15 0:00;0,878657411
21.02.15 0:00;0,878657411
22.02.15 0:00;0,878657411
23.02.15 0:00;0,88245676
24.02.15 0:00;0,881756459
25.02.15 0:00;0,880126738
26.02.15 0:00;0,89301661
27.02.15 0:00;0,893255918
28.02.15 0:00;0,893255918
01.03.15 0:00;0,893255918
02.03.15 0:00;0,894054537
03.03.15 0:00;0,894774517
04.03.15 0:00;0,902608539
05.03.15 0:00;0,906536125
06.03.15 0:00;0,922168941
07.03.15 0:00;0,922168941
08.03.15 0:00;0,922168941
09.03.15 0:00;0,921489126
10.03.15 0:00;0,93475416
11.03.15 0:00;0,948136911
12.03.15 0:00;0,94029149
13.03.15 0:00;0,952834683
14.03.15 0:00;0,952834683
15.03.15 0:00;0,952834683
16.03.15 0:00;0,946252839
17.03.15 0:00;0,943574259
18.03.15 0:00;0,920217171
19.03.15 0:00;0,938086304
20.03.15 0:00;0,924043615
21.03.15 0:00;0,924043615
22.03.15 0:00;0,924043615
23.03.15 0:00;0,913492281
24.03.15 0:00;0,915248032
25.03.15 0:00;0,911410864
26.03.15 0:00;0,91877986
27.03.15 0:00;0,918442322
28.03.15 0:00;0,918442322
29.03.15 0:00;0,918442322
30.03.15 0:00;0,923020122
31.03.15 0:00;0,931879601
01.04.15 0:00;0,929022668
02.04.15 0:00;0,91877986
03.04.15 0:00;0,910912735
04.04.15 0:00;0,910912735
05.04.15 0:00;0,910912735
06.04.15 0:00;0,915415599
07.04.15 0:00;0,924556213
08.04.15 0:00;0,92755774
09.04.15 0:00;0,938174313
10.04.15 0:00;0,943040362
11.04.15 0:00;0,943040362
12.04.15 0:00;0,943040362
13.04.15 0:00;0,946252839
14.04.15 0:00;0,938614605
15.04.15 0:00;0,935803856
16.04.15 0:00;0,929195317
17.04.15 0:00;0,925326177
18.04.15 0:00;0,925326177
19.04.15 0:00;0,925326177
20.04.15 0:00;0,931358853
21.04.15 0:00;0,931445604
22.04.15 0:00;0,932314003
23.04.15 0:00;0,923616884
24.04.15 0:00;0,919624793
25.04.15 0:00;0,919624793
26.04.15 0:00;0,919624793
27.04.15 0:00;0,918442322
28.04.15 0:00;0,910663874
29.04.15 0:00;0,898311175
30.04.15 0:00;0,890868597
01.05.15 0:00;0,892697733
02.05.15 0:00;0,892697733
03.05.15 0:00;0,892697733
04.05.15 0:00;0,897182846
05.05.15 0:00;0,893974611
06.05.15 0:00;0,880824452
07.05.15 0:00;0,887547706
08.05.15 0:00;0,892538379
09.05.15 0:00;0,892538379
10.05.15 0:00;0,892538379
11.05.15 0:00;0,896458987
12.05.15 0:00;0,891742465
13.05.15 0:00;0,88051422
14.05.15 0:00;0,876424189
15.05.15 0:00;0,87320992
16.05.15 0:00;0,87320992
17.05.15 0:00;0,87320992
18.05.15 0:00;0,883782589
19.05.15 0:00;0,89694143
20.05.15 0:00;0,901469395
21.05.15 0:00;0,899847026
22.05.15 0:00;0,907605736
23.05.15 0:00;0,907605736
24.05.15 0:00;0,907605736
25.05.15 0:00;0,910912735
26.05.15 0:00;0,919709372
27.05.15 0:00;0,917010546
28.05.15 0:00;0,913325418
29.05.15 0:00;0,910083728
30.05.15 0:00;0,910083728
31.05.15 0:00;0,910083728
01.06.15 0:00;0,915080527
02.06.15 0:00;0,896458987
03.06.15 0:00;0,88691796
04.06.15 0:00;0,889758875
05.06.15 0:00;0,899847026
06.06.15 0:00;0,899847026
07.06.15 0:00;0,899847026
08.06.15 0:00;0,885582713
09.06.15 0:00;0,886210564
10.06.15 0:00;0,882924245
11.06.15 0:00;0,888257239
12.06.15 0:00;0,887390185
13.06.15 0:00;0,887390185
14.06.15 0:00;0,887390185
15.06.15 0:00;0,886210564
16.06.15 0:00;0,889046942
17.06.15 0:00;0,882067566
18.06.15 0:00;0,88028169
19.06.15 0:00;0,880824452
20.06.15 0:00;0,880824452
21.06.15 0:00;0,880824452
22.06.15 0:00;0,881756459
23.06.15 0:00;0,895255148
24.06.15 0:00;0,892299456
25.06.15 0:00;0,892538379
26.06.15 0:00;0,895575855
27.06.15 0:00;0,895575855
28.06.15 0:00;0,895575855
29.06.15 0:00;0,88999644
30.06.15 0:00;0,897827258
01.07.15 0:00;0,9046499
02.07.15 0:00;0,902201371
03.07.15 0:00;0,899766061
04.07.15 0:00;0,899766061
05.07.15 0:00;0,899766061
06.07.15 0:00;0,90440445
07.07.15 0:00;0,908100254
08.07.15 0:00;0,902771509
09.07.15 0:00;0,905961225
10.07.15 0:00;0,895736295
11.07.15 0:00;0,895736295
12.07.15 0:00;0,895736295
13.07.15 0:00;0,908760451
14.07.15 0:00;0,908100254
15.07.15 0:00;0,913325418
16.07.15 0:00;0,91954023
17.07.15 0:00;0,923446302
18.07.15 0:00;0,923446302
19.07.15 0:00;0,923446302
20.07.15 0:00;0,923616884
21.07.15 0:00;0,914327512
22.07.15 0:00;0,914578379
23.07.15 0:00;0,910498042
24.07.15 0:00;0,910415149
25.07.15 0:00;0,910415149
26.07.15 0:00;0,910415149
27.07.15 0:00;0,901388138
28.07.15 0:00;0,90424089
29.07.15 0:00;0,910249408
30.07.15 0:00;0,914662032
31.07.15 0:00;0,910083728
01.08.15 0:00;0,910083728
02.08.15 0:00;0,910083728
03.08.15 0:00;0,913158616
04.08.15 0:00;0,918948723
05.08.15 0:00;0,916926462
06.08.15 0:00;0,915331808
07.08.15 0:00;0,911743253
08.08.15 0:00;0,911743253
09.08.15 0:00;0,911743253
10.08.15 0:00;0,907523369
11.08.15 0:00;0,905797101
12.08.15 0:00;0,896298288
13.08.15 0:00;0,89694143
14.08.15 0:00;0,900333123
15.08.15 0:00;0,900333123
16.08.15 0:00;0,900333123
17.08.15 0:00;0,902445628
18.08.15 0:00;0,907358679
19.08.15 0:00;0,899361453
20.08.15 0:00;0,889521437
21.08.15 0:00;0,878040214
22.08.15 0:00;0,878040214
23.08.15 0:00;0,878040214
24.08.15 0:00;0,860585198
25.08.15 0:00;0,868281671
26.08.15 0:00;0,883782589
27.08.15 0:00;0,889284126
28.08.15 0:00;0,894534395
29.08.15 0:00;0,894534395
30.08.15 0:00;0,894534395
31.08.15 0:00;0,891742465
01.09.15 0:00;0,883470271
02.09.15 0:00;0,890709896
03.09.15 0:00;0,89895721
04.09.15 0:00;0,897102359
05.09.15 0:00;0,897102359
06.09.15 0:00;0,897102359
07.09.15 0:00;0,895415473
08.09.15 0:00;0,892857143
09.09.15 0:00;0,892299456
10.09.15 0:00;0,886524823
11.09.15 0:00;0,881834215
12.09.15 0:00;0,881834215
13.09.15 0:00;0,881834215
14.09.15 0:00;0,883314195
15.09.15 0:00;0,887547706
16.09.15 0:00;0,885739593
17.09.15 0:00;0,874355163
18.09.15 0:00;0,884564352
19.09.15 0:00;0,884564352
20.09.15 0:00;0,884564352
21.09.15 0:00;0,893734918
22.09.15 0:00;0,899280576
23.09.15 0:00;0,893894699
24.09.15 0:00;0,89047195
25.09.15 0:00;0,893255918
26.09.15 0:00;0,893255918
27.09.15 0:00;0,893255918
28.09.15 0:00;0,889205051
29.09.15 0:00;0,888967908
30.09.15 0:00;0,894694462
01.10.15 0:00;0,893255918
02.10.15 0:00;0,89198109
03.10.15 0:00;0,89198109
04.10.15 0:00;0,89198109
05.10.15 0:00;0,894054537
06.10.15 0:00;0,887232721
07.10.15 0:00;0,890075656
08.10.15 0:00;0,886603422
09.10.15 0:00;0,880436697
10.10.15 0:00;0,880436697
11.10.15 0:00;0,880436697
12.10.15 0:00;0,880669309
13.10.15 0:00;0,878811846
14.10.15 0:00;0,87161161
15.10.15 0:00;0,878503031
16.10.15 0:00;0,881290209
17.10.15 0:00;0,881290209
18.10.15 0:00;0,881290209
19.10.15 0:00;0,882846296
20.10.15 0:00;0,881445571
21.10.15 0:00;0,881911985
22.10.15 0:00;0,900333123
23.10.15 0:00;0,907605736
24.10.15 0:00;0,907605736
25.10.15 0:00;0,907605736
26.10.15 0:00;0,904486252
27.10.15 0:00;0,905141202
28.10.15 0:00;0,915750916
29.10.15 0:00;0,911078717
30.10.15 0:00;0,908595312
31.10.15 0:00;0,908595312
01.11.15 0:00;0,908595312
02.11.15 0:00;0,907852928
03.11.15 0:00;0,911743253
04.11.15 0:00;0,920556016
05.11.15 0:00;0,91877986
06.11.15 0:00;0,93101201
07.11.15 0:00;0,93101201
08.11.15 0:00;0,93101201
09.11.15 0:00;0,930059524
10.11.15 0:00;0,932487878
11.11.15 0:00;0,930752048
12.11.15 0:00;0,924470741
13.11.15 0:00;0,927729845
14.11.15 0:00;0,927729845
15.11.15 0:00;0,927729845
16.11.15 0:00;0,935803856
17.11.15 0:00;0,93949643
18.11.15 0:00;0,938174313
19.11.15 0:00;0,931619154
20.11.15 0:00;0,939319932
21.11.15 0:00;0,939319932
22.11.15 0:00;0,939319932
23.11.15 0:00;0,940203084
24.11.15 0:00;0,939761301
25.11.15 0:00;0,940999341
26.11.15 0:00;0,942507069
27.11.15 0:00;0,944019636
28.11.15 0:00;0,944019636
29.11.15 0:00;0,944019636
30.11.15 0:00;0,946611132
01.12.15 0:00;0,940645283
02.12.15 0:00;0,942063118
03.12.15 0:00;0,913993236
04.12.15 0:00;0,91861106
05.12.15 0:00;0,91861106
06.12.15 0:00;0,91861106
07.12.15 0:00;0,922934933
08.12.15 0:00;0,917936479
09.12.15 0:00;0,907029478
10.12.15 0:00;0,913993236
11.12.15 0:00;0,91000091
12.12.15 0:00;0,91000091
13.12.15 0:00;0,91000091
14.12.15 0:00;0,909752547
15.12.15 0:00;0,915080527
16.12.15 0:00;0,916338312
17.12.15 0:00;0,923787529
18.12.15 0:00;0,920132499
19.12.15 0:00;0,920132499
20.12.15 0:00;0,920132499
21.12.15 0:00;0,916170408
22.12.15 0:00;0,912825194
23.12.15 0:00;0,916674306
24.12.15 0:00;0,911410864
25.12.15 0:00;0,910995718
26.12.15 0:00;0,910995718
27.12.15 0:00;0,910995718
28.12.15 0:00;0,911743253
29.12.15 0:00;0,916002565
30.12.15 0:00;0,914745701
31.12.15 0:00;0,920725532
01.01.16 0:00;0,920810313
02.01.16 0:00;0,920810313
03.01.16 0:00;0,920810313
04.01.16 0:00;0,923275782
05.01.16 0:00;0,930405657
06.01.16 0:00;0,92755774
07.01.16 0:00;0,914411119
08.01.16 0:00;0,914745701
09.01.16 0:00;0,914745701
10.01.16 0:00;0,914745701
11.01.16 0:00;0,920810313
12.01.16 0:00;0,921064751
13.01.16 0:00;0,91937115
14.01.16 0:00;0,920386562
15.01.16 0:00;0,916002565
16.01.16 0:00;0,916002565
17.01.16 0:00;0,916002565
18.01.16 0:00;0,918105031
19.01.16 0:00;0,916674306
20.01.16 0:00;0,918189331
21.01.16 0:00;0,919624793
22.01.16 0:00;0,926183199
23.01.16 0:00;0,926183199
24.01.16 0:00;0,926183199
25.01.16 0:00;0,92174394
26.01.16 0:00;0,919878576
27.01.16 0:00;0,918020747
28.01.16 0:00;0,914160344
29.01.16 0:00;0,922764603
30.01.16 0:00;0,922764603
31.01.16 0:00;0,922764603
01.02.16 0:00;0,918442322
02.02.16 0:00;0,915834783
03.02.16 0:00;0,900576369
04.02.16 0:00;0,892219843
05.02.16 0:00;0,896137647
06.02.16 0:00;0,896137647
07.02.16 0:00;0,896137647
08.02.16 0:00;0,89301661
09.02.16 0:00;0,885504295
10.02.16 0:00;0,885739593
11.02.16 0:00;0,883080184
12.02.16 0:00;0,888099467
13.02.16 0:00;0,888099467
14.02.16 0:00;0,888099467
15.02.16 0:00;0,896458987
16.02.16 0:00;0,897343862
17.02.16 0:00;0,898634076
18.02.16 0:00;0,900333123
19.02.16 0:00;0,898149811
20.02.16 0:00;0,898149811
21.02.16 0:00;0,898149811
22.02.16 0:00;0,906700517
23.02.16 0:00;0,907441016
24.02.16 0:00;0,908017797
25.02.16 0:00;0,907194049
26.02.16 0:00;0,914578379
27.02.16 0:00;0,914578379
28.02.16 0:00;0,914578379
29.02.16 0:00;0,919709372
01.03.16 0:00;0,920217171
02.03.16 0:00;0,920132499
03.03.16 0:00;0,912658574
04.03.16 0:00;0,908760451
05.03.16 0:00;0,908760451
06.03.16 0:00;0,908760451
07.03.16 0:00;0,907935355
08.03.16 0:00;0,908182726
09.03.16 0:00;0,909173561
10.03.16 0:00;0,894694462
11.03.16 0:00;0,896619744
12.03.16 0:00;0,896619744
13.03.16 0:00;0,896619744
14.03.16 0:00;0,900414191
15.03.16 0:00;0,900171032
16.03.16 0:00;0,890868597
17.03.16 0:00;0,883470271
18.03.16 0:00;0,887311446
19.03.16 0:00;0,887311446
20.03.16 0:00;0,887311446
21.03.16 0:00;0,889600569
22.03.16 0:00;0,891503967
23.03.16 0:00;0,894134478
24.03.16 0:00;0,89493467
25.03.16 0:00;0,895575855
26.03.16 0:00;0,895575855
27.03.16 0:00;0,895575855
28.03.16 0:00;0,893176134
29.03.16 0:00;0,885661146
30.03.16 0:00;0,881989769
31.03.16 0:00;0,878734622
01.04.16 0:00;0,878194432
02.04.16 0:00;0,878194432
03.04.16 0:00;0,878194432
04.04.16 0:00;0,877808989
05.04.16 0:00;0,878425861
06.04.16 0:00;0,877269936
07.04.16 0:00;0,878966336
08.04.16 0:00;0,877116042
09.04.16 0:00;0,877116042
10.04.16 0:00;0,877116042
11.04.16 0:00;0,87657784
12.04.16 0:00;0,878271562
13.04.16 0:00;0,886996629
14.04.16 0:00;0,887468939
15.04.16 0:00;0,886289108
16.04.16 0:00;0,886289108
17.04.16 0:00;0,886289108
18.04.16 0:00;0,883860704
19.04.16 0:00;0,880436697
20.04.16 0:00;0,885190759
21.04.16 0:00;0,885896527
22.04.16 0:00;0,890234132
23.04.16 0:00;0,890234132
24.04.16 0:00;0,890234132
25.04.16 0:00;0,887626487
26.04.16 0:00;0,885112409
27.04.16 0:00;0,883314195
28.04.16 0:00;0,880824452
29.04.16 0:00;0,872905028
30.04.16 0:00;0,872905028
01.05.16 0:00;0,872905028
02.05.16 0:00;0,867152272
03.05.16 0:00;0,86979212
04.05.16 0:00;0,870549317
05.05.16 0:00;0,876808417
06.05.16 0:00;0,876808417
07.05.16 0:00;0,876808417
08.05.16 0:00;0,876808417
09.05.16 0:00;0,878503031
10.05.16 0:00;0,879352796
11.05.16 0:00;0,875120329
12.05.16 0:00;0,878966336
13.05.16 0:00;0,884329678
14.05.16 0:00;0,884329678
15.05.16 0:00;0,884329678
16.05.16 0:00;0,883392226
17.05.16 0:00;0,883860704
18.05.16 0:00;0,891503967
19.05.16 0:00;0,892618049
20.05.16 0:00;0,890947969
21.05.16 0:00;0,890947969
22.05.16 0:00;0,890947969
23.05.16 0:00;0,89134504
24.05.16 0:00;0,897585495
25.05.16 0:00;0,896458987
26.05.16 0:00;0,893335716
27.05.16 0:00;0,89968511
28.05.16 0:00;0,89968511
29.05.16 0:00;0,89968511
30.05.16 0:00;0,897102359
31.05.16 0:00;0,898311175
01.06.16 0:00;0,893814802
02.06.16 0:00;0,896780558
03.06.16 0:00;0,879739597
04.06.16 0:00;0,879739597
05.06.16 0:00;0,879739597
06.06.16 0:00;0,880669309
07.06.16 0:00;0,880436697
08.06.16 0:00;0,877654906
09.06.16 0:00;0,883704489
10.06.16 0:00;0,888809884
11.06.16 0:00;0,888809884
12.06.16 0:00;0,888809884
13.06.16 0:00;0,885582713
14.06.16 0:00;0,892219843
15.06.16 0:00;0,888178346
16.06.16 0:00;0,890789239
17.06.16 0:00;0,886760663
18.06.16 0:00;0,886760663
19.06.16 0:00;0,886760663
20.06.16 0:00;0,883860704
21.06.16 0:00;0,889521437
22.06.16 0:00;0,885190759
23.06.16 0:00;0,878040214
24.06.16 0:00;0,899523253
25.06.16 0:00;0,899523253
26.06.16 0:00;0,899523253
27.06.16 0:00;0,906947216
28.06.16 0:00;0,903587241
29.06.16 0:00;0,898876404
30.06.16 0:00;0,900495272
01.07.16 0:00;0,897988506
02.07.16 0:00;0,897988506
03.07.16 0:00;0,897988506
04.07.16 0:00;0,89637863
05.07.16 0:00;0,902853016
06.07.16 0:00;0,90098207
07.07.16 0:00;0,903913947
08.07.16 0:00;0,9046499
09.07.16 0:00;0,9046499
10.07.16 0:00;0,9046499
11.07.16 0:00;0,904322662
12.07.16 0:00;0,90424089
13.07.16 0:00;0,901713255
14.07.16 0:00;0,899280576
15.07.16 0:00;0,906125408
16.07.16 0:00;0,906125408
17.07.16 0:00;0,906125408
18.07.16 0:00;0,903016074
19.07.16 0:00;0,907276356
20.07.16 0:00;0,907852928
21.07.16 0:00;0,907029478
22.07.16 0:00;0,911078717
23.07.16 0:00;0,911078717
24.07.16 0:00;0,911078717
25.07.16 0:00;0,909587047
26.07.16 0:00;0,91016656
27.07.16 0:00;0,904322662
28.07.16 0:00;0,902934537
29.07.16 0:00;0,89493467
30.07.16 0:00;0,89493467
31.07.16 0:00;0,89493467
01.08.16 0:00;0,895896793
02.08.16 0:00;0,890709896
03.08.16 0:00;0,89694143
04.08.16 0:00;0,898472597
05.08.16 0:00;0,902038607
06.08.16 0:00;0,902038607
07.08.16 0:00;0,902038607
08.08.16 0:00;0,901550667
09.08.16 0:00;0,899361453
10.08.16 0:00;0,894774517
11.08.16 0:00;0,897907875
12.08.16 0:00;0,895977063
13.08.16 0:00;0,895977063
14.08.16 0:00;0,895977063
15.08.16 0:00;0,894134478
16.08.16 0:00;0,886682036
17.08.16 0:00;0,885896527
18.08.16 0:00;0,880746873
19.08.16 0:00;0,882924245
20.08.16 0:00;0,882924245
21.08.16 0:00;0,882924245
22.08.16 0:00;0,883470271
23.08.16 0:00;0,884486114
24.08.16 0:00;0,887862914
25.08.16 0:00;0,886289108
26.08.16 0:00;0,89301661
27.08.16 0:00;0,89301661
28.08.16 0:00;0,89301661
29.08.16 0:00;0,893734918
30.08.16 0:00;0,897424392
31.08.16 0:00;0,89621796
01.09.16 0:00;0,89301661
02.09.16 0:00;0,89637863
03.09.16 0:00;0,89637863
04.09.16 0:00;0,89637863
05.09.16 0:00;0,897102359
06.09.16 0:00;0,888415068
07.09.16 0:00;0,889758875
08.09.16 0:00;0,888020602
09.09.16 0:00;0,890234132
10.09.16 0:00;0,890234132
11.09.16 0:00;0,890234132
12.09.16 0:00;0,890154887
13.09.16 0:00;0,891265597
14.09.16 0:00;0,888888889
15.09.16 0:00;0,889363216
16.09.16 0:00;0,896458987
17.09.16 0:00;0,896458987
18.09.16 0:00;0,896458987
19.09.16 0:00;0,89493467
20.09.16 0:00;0,896458987
21.09.16 0:00;0,893734918
22.09.16 0:00;0,892219843
23.09.16 0:00;0,890789239
24.09.16 0:00;0,890789239
25.09.16 0:00;0,890789239
26.09.16 0:00;0,888572952
27.09.16 0:00;0,891662951
28.09.16 0:00;0,891583452
29.09.16 0:00;0,891027355
30.09.16 0:00;0,889600569
01.10.16 0:00;0,889600569
02.10.16 0:00;0,889600569
03.10.16 0:00;0,89198109
04.10.16 0:00;0,892538379
05.10.16 0:00;0,892379083
06.10.16 0:00;0,896780558
07.10.16 0:00;0,892777431
08.10.16 0:00;0,892777431
09.10.16 0:00;0,892777431
10.10.16 0:00;0,897827258
11.10.16 0:00;0,9046499
12.10.16 0:00;0,908430233
13.10.16 0:00;0,904486252
14.10.16 0:00;0,911493939
15.10.16 0:00;0,911493939
16.10.16 0:00;0,911493939
17.10.16 0:00;0,909173561
18.10.16 0:00;0,910663874
19.10.16 0:00;0,91124476
20.10.16 0:00;0,914913083
21.10.16 0:00;0,91877986
22.10.16 0:00;0,91877986
23.10.16 0:00;0,91877986
24.10.16 0:00;0,918864284
25.10.16 0:00;0,918442322
26.10.16 0:00;0,916674306
27.10.16 0:00;0,917683766
28.10.16 0:00;0,91016656
29.10.16 0:00;0,91016656
30.10.16 0:00;0,91016656
31.10.16 0:00;0,910663874
01.11.16 0:00;0,904486252
02.11.16 0:00;0,901144453
03.11.16 0:00;0,900495272
04.11.16 0:00;0,897827258
05.11.16 0:00;0,897827258
06.11.16 0:00;0,897827258
07.11.16 0:00;0,905797101
08.11.16 0:00;0,906947216
09.11.16 0:00;0,916674306
10.11.16 0:00;0,918020747
11.11.16 0:00;0,921149595
12.11.16 0:00;0,921149595
13.11.16 0:00;0,921149595
14.11.16 0:00;0,931358853
15.11.16 0:00;0,932661817
16.11.16 0:00;0,935453695
17.11.16 0:00;0,941087898
18.11.16 0:00;0,944465433
19.11.16 0:00;0,944465433
20.11.16 0:00;0,944465433
21.11.16 0:00;0,940822279
22.11.16 0:00;0,941087898
23.11.16 0:00;0,946969697
24.11.16 0:00;0,947508054
25.11.16 0:00;0,944554642
26.11.16 0:00;0,944554642
27.11.16 0:00;0,944554642
28.11.16 0:00;0,942063118
29.11.16 0:00;0,938967136
30.11.16 0:00;0,944465433
01.12.16 0:00;0,937910336
02.12.16 0:00;0,93694369
03.12.16 0:00;0,93694369
04.12.16 0:00;0,93694369
05.12.16 0:00;0,929022668
06.12.16 0:00;0,932922847
07.12.16 0:00;0,929973031
08.12.16 0:00;0,942063118
09.12.16 0:00;0,946790381
10.12.16 0:00;0,946790381
11.12.16 0:00;0,946790381
12.12.16 0:00;0,94029149
13.12.16 0:00;0,940999341
14.12.16 0:00;0,949036728
15.12.16 0:00;0,960245823
16.12.16 0:00;0,956846235
17.12.16 0:00;0,956846235
18.12.16 0:00;0,956846235
19.12.16 0:00;0,961353586
20.12.16 0:00;0,962741889
21.12.16 0:00;0,959232614
22.12.16 0:00;0,958129731
23.12.16 0:00;0,956297217
24.12.16 0:00;0,956297217
25.12.16 0:00;0,956297217
26.12.16 0:00;0,956388676
27.12.16 0:00;0,956297217
28.12.16 0:00;0,960430273
29.12.16 0:00;0,953107129
30.12.16 0:00;0,950931913
31.12.16 0:00;0,950931913
01.01.17 0:00;0,950931913
02.01.17 0:00;0,956114351
03.01.17 0:00;0,960984048
04.01.17 0:00;0,953470633
05.01.17 0:00;0,94277364
06.01.17 0:00;0,949397133
07.01.17 0:00;0,949397133
08.01.17 0:00;0,949397133
09.01.17 0:00;0,945715907
10.01.17 0:00;0,947508054
11.01.17 0:00;0,945000945
12.01.17 0:00;0,942240648
13.01.17 0:00;0,93949643
14.01.17 0:00;0,93949643
15.01.17 0:00;0,93949643
16.01.17 0:00;0,943129303
17.01.17 0:00;0,933445347
18.01.17 0:00;0,940645283
19.01.17 0:00;0,937734434
20.01.17 0:00;0,934317481
21.01.17 0:00;0,934317481
22.01.17 0:00;0,934317481
23.01.17 0:00;0,928936368
24.01.17 0:00;0,931879601
25.01.17 0:00;0,930405657
26.01.17 0:00;0,936154278
27.01.17 0:00;0,934666791
28.01.17 0:00;0,934666791
29.01.17 0:00;0,934666791
30.01.17 0:00;0,935016363
31.01.17 0:00;0,926097425
01.02.17 0:00;0,928591327
02.02.17 0:00;0,929540807
03.02.17 0:00;0,927299703
04.02.17 0:00;0,927299703
05.02.17 0:00;0,927299703
06.02.17 0:00;0,930232558
07.02.17 0:00;0,936241925
08.02.17 0:00;0,934666791
09.02.17 0:00;0,938438438
10.02.17 0:00;0,939761301
11.02.17 0:00;0,939761301
12.02.17 0:00;0,939761301
13.02.17 0:00;0,943574259
14.02.17 0:00;0,945447669
15.02.17 0:00;0,943307235
16.02.17 0:00;0,936855912
17.02.17 0:00;0,942151875
18.02.17 0:00;0,942151875
19.02.17 0:00;0,942151875
20.02.17 0:00;0,942151875
21.02.17 0:00;0,949036728
22.02.17 0:00;0,947328534
23.02.17 0:00;0,945090256
24.02.17 0:00;0,946700748
25.02.17 0:00;0,946700748
26.02.17 0:00;0,946700748
27.02.17 0:00;0,944554642
28.02.17 0:00;0,945447669
01.03.17 0:00;0,948136911
02.03.17 0:00;0,951746455
03.03.17 0:00;0,941353667
04.03.17 0:00;0,941353667
05.03.17 0:00;0,941353667
06.03.17 0:00;0,945090256
07.03.17 0:00;0,946431952
08.03.17 0:00;0,948676596
09.03.17 0:00;0,945447669
10.03.17 0:00;0,937031484
11.03.17 0:00;0,937031484
12.03.17 0:00;0,937031484
13.03.17 0:00;0,938614605
14.03.17 0:00;0,943040362
15.03.17 0:00;0,931532371
16.03.17 0:00;0,928850084
17.03.17 0:00;0,931272118
18.03.17 0:00;0,931272118
19.03.17 0:00;0,931272118
20.03.17 0:00;0,931185399
21.03.17 0:00;0,924983813
22.03.17 0:00;0,926183199
23.03.17 0:00;0,9273857
24.03.17 0:00;0,926011668
25.03.17 0:00;0,926011668
26.03.17 0:00;0,926011668
27.03.17 0:00;0,920386562
28.03.17 0:00;0,924812725
29.03.17 0:00;0,928763815
30.03.17 0:00;0,93676815
31.03.17 0:00;0,938790837
01.04.17 0:00;0,938790837
02.04.17 0:00;0,938790837
03.04.17 0:00;0,937119295
04.04.17 0:00;0,93694369
05.04.17 0:00;0,937822376
06.04.17 0:00;0,93949643
07.04.17 0:00;0,944287063
08.04.17 0:00;0,944287063
09.04.17 0:00;0,944287063
10.04.17 0:00;0,943752359
11.04.17 0:00;0,943218261
12.04.17 0:00;0,937558597
13.04.17 0:00;0,942151875
14.04.17 0:00;0,942329438
15.04.17 0:00;0,942329438
16.04.17 0:00;0,942329438
17.04.17 0:00;0,93949643
18.04.17 0:00;0,931619154
19.04.17 0:00;0,933619643
20.04.17 0:00;0,933096949
21.04.17 0:00;0,932140194
22.04.17 0:00;0,932140194
23.04.17 0:00;0,932140194
24.04.17 0:00;0,920217171
25.04.17 0:00;0,915248032
26.04.17 0:00;0,917178758
27.04.17 0:00;0,919709372
28.04.17 0:00;0,917683766
29.04.17 0:00;0,917683766
30.04.17 0:00;0,917683766
01.05.17 0:00;0,917515368
02.05.17 0:00;0,914913083
03.05.17 0:00;0,918695452
04.05.17 0:00;0,910332271
05.05.17 0:00;0,909256228
06.05.17 0:00;0,909256228
07.05.17 0:00;0,909256228
08.05.17 0:00;0,915415599
09.05.17 0:00;0,919709372
10.05.17 0:00;0,920132499
11.05.17 0:00;0,920725532
12.05.17 0:00;0,914829384
13.05.17 0:00;0,914829384
14.05.17 0:00;0,914829384
15.05.17 0:00;0,911161731
16.05.17 0:00;0,902364194
17.05.17 0:00;0,896137647
18.05.17 0:00;0,90065748
19.05.17 0:00;0,892299456
20.05.17 0:00;0,892299456
21.05.17 0:00;0,892299456
22.05.17 0:00;0,889838049
23.05.17 0:00;0,894214433
24.05.17 0:00;0,89134504
25.05.17 0:00;0,89206066
26.05.17 0:00;0,894214433
27.05.17 0:00;0,894214433
28.05.17 0:00;0,894214433
29.05.17 0:00;0,895575855
30.05.17 0:00;0,894054537
31.05.17 0:00;0,889363216
01.06.17 0:00;0,891821992
02.06.17 0:00;0,886367665
03.06.17 0:00;0,886367665
04.06.17 0:00;0,886367665
05.06.17 0:00;0,888572952
06.06.17 0:00;0,886760663
07.06.17 0:00;0,888336146
08.06.17 0:00;0,891742465
09.06.17 0:00;0,893255918
10.06.17 0:00;0,893255918
11.06.17 0:00;0,893255918
12.06.17 0:00;0,892618049
13.06.17 0:00;0,891583452
14.06.17 0:00;0,891424496
15.06.17 0:00;0,897263347
16.06.17 0:00;0,893096365
17.06.17 0:00;0,893096365
18.06.17 0:00;0,893096365
19.06.17 0:00;0,89694143
20.06.17 0:00;0,898149811
21.06.17 0:00;0,895415473
22.06.17 0:00;0,896619744
23.06.17 0:00;0,893335716
24.06.17 0:00;0,893335716
25.06.17 0:00;0,893335716
26.06.17 0:00;0,894294402
27.06.17 0:00;0,881911985
28.06.17 0:00;0,878889084
29.06.17 0:00;0,874049471
30.06.17 0:00;0,875196919
01.07.17 0:00;0,875196919
02.07.17 0:00;0,875196919
03.07.17 0:00;0,879971841
04.07.17 0:00;0,881445571
05.07.17 0:00;0,880824452
06.07.17 0:00;0,875426771
07.07.17 0:00;0,877116042
08.07.17 0:00;0,877116042
09.07.17 0:00;0,877116042
10.07.17 0:00;0,877192982
11.07.17 0:00;0,872067672
12.07.17 0:00;0,876270592
13.07.17 0:00;0,877269936
14.07.17 0:00;0,871915599
15.07.17 0:00;0,871915599
16.07.17 0:00;0,871915599
17.07.17 0:00;0,871156024
18.07.17 0:00;0,865426222
19.07.17 0:00;0,868432479
20.07.17 0:00;0,859771301
21.07.17 0:00;0,85741233
22.07.17 0:00;0,85741233
23.07.17 0:00;0,85741233
24.07.17 0:00;0,858958942
25.07.17 0:00;0,858221765
26.07.17 0:00;0,852224305
27.07.17 0:00;0,856384345
28.07.17 0:00;0,850918993
29.07.17 0:00;0,850918993
30.07.17 0:00;0,850918993
31.07.17 0:00;0,844451951
01.08.17 0:00;0,847385815
02.08.17 0:00;0,843454791
03.08.17 0:00;0,842459983
04.08.17 0:00;0,849473327
05.08.17 0:00;0,849473327
06.08.17 0:00;0,849473327
07.08.17 0:00;0,847816872
08.08.17 0:00;0,85106383
09.08.17 0:00;0,85041245
10.08.17 0:00;0,849473327
11.08.17 0:00;0,846023689
12.08.17 0:00;0,846023689
13.08.17 0:00;0,846023689
14.08.17 0:00;0,848896435
15.08.17 0:00;0,852151683
16.08.17 0:00;0,849617672
17.08.17 0:00;0,852951211
18.08.17 0:00;0,850195545
19.08.17 0:00;0,850195545
20.08.17 0:00;0,850195545
21.08.17 0:00;0,846310088
22.08.17 0:00;0,850195545
23.08.17 0:00;0,846955196
24.08.17 0:00;0,847529452
25.08.17 0:00;0,838504109
26.08.17 0:00;0,838504109
27.08.17 0:00;0,838504109
28.08.17 0:00;0,834794223
29.08.17 0:00;0,835282325
30.08.17 0:00;0,841538332
31.08.17 0:00;0,839630563
01.09.17 0:00;0,84324142
02.09.17 0:00;0,84324142
03.09.17 0:00;0,84324142
04.09.17 0:00;0,840618695
05.09.17 0:00;0,839348665
06.09.17 0:00;0,839137367
07.09.17 0:00;0,831739167
08.09.17 0:00;0,830909846
09.09.17 0:00;0,830909846
10.09.17 0:00;0,830909846
11.09.17 0:00;0,836610056
12.09.17 0:00;0,835631319
13.09.17 0:00;0,84132593
14.09.17 0:00;0,83899656
15.09.17 0:00;0,837310558
16.09.17 0:00;0,837310558
17.09.17 0:00;0,837310558
18.09.17 0:00;0,83654007
19.09.17 0:00;0,833750208
20.09.17 0:00;0,840830741
21.09.17 0:00;0,8374508
22.09.17 0:00;0,83654007
23.09.17 0:00;0,83654007
24.09.17 0:00;0,83654007
25.09.17 0:00;0,844024308
26.09.17 0:00;0,847960655
27.09.17 0:00;0,851498638
28.09.17 0:00;0,84846428
29.09.17 0:00;0,84645336
30.09.17 0:00;0,84645336
01.10.17 0:00;0,84645336
02.10.17 0:00;0,852369587
03.10.17 0:00;0,851498638
04.10.17 0:00;0,850340136
05.10.17 0:00;0,853898045
06.10.17 0:00;0,852224305
07.10.17 0:00;0,852224305
08.10.17 0:00;0,852224305
09.10.17 0:00;0,851716208
10.10.17 0:00;0,847026935
11.10.17 0:00;0,84324142
12.10.17 0:00;0,845308538
13.10.17 0:00;0,845809016
14.10.17 0:00;0,845809016
15.10.17 0:00;0,845809016
16.10.17 0:00;0,847673137
17.10.17 0:00;0,84990651
18.10.17 0:00;0,847816872
19.10.17 0:00;0,845451471
