Date;JPY
01.01.12 0:00;76,95
02.01.12 0:00;76,95
03.01.12 0:00;76,74
04.01.12 0:00;76,72
05.01.12 0:00;77,17
06.01.12 0:00;76,96
07.01.12 0:00;76,96
08.01.12 0:00;76,96
09.01.12 0:00;76,88
10.01.12 0:00;76,86
11.01.12 0:00;76,87
12.01.12 0:00;76,79
13.01.12 0:00;76,96
14.01.12 0:00;76,96
15.01.12 0:00;76,96
16.01.12 0:00;76,83
17.01.12 0:00;76,82
18.01.12 0:00;76,79
19.01.12 0:00;77,08
20.01.12 0:00;77,02
21.01.12 0:00;77,02
22.01.12 0:00;77,02
23.01.12 0:00;77
24.01.12 0:00;77,68
25.01.12 0:00;77,78
26.01.12 0:00;77,47
27.01.12 0:00;76,69
28.01.12 0:00;76,69
29.01.12 0:00;76,69
30.01.12 0:00;76,38
31.01.12 0:00;76,27
01.02.12 0:00;76,2
02.02.12 0:00;76,19
03.02.12 0:00;76,61
04.02.12 0:00;76,61
05.02.12 0:00;76,61
06.02.12 0:00;76,57
07.02.12 0:00;76,77
08.02.12 0:00;77,07
09.02.12 0:00;77,66
10.02.12 0:00;77,61
11.02.12 0:00;77,61
12.02.12 0:00;77,61
13.02.12 0:00;77,52
14.02.12 0:00;78,41
15.02.12 0:00;78,5
16.02.12 0:00;78,83
17.02.12 0:00;79,56
18.02.12 0:00;79,56
19.02.12 0:00;79,56
20.02.12 0:00;79,62
21.02.12 0:00;79,85
22.02.12 0:00;80,27
23.02.12 0:00;79,95
24.02.12 0:00;81,2
25.02.12 0:00;81,2
26.02.12 0:00;81,2
27.02.12 0:00;80,47
28.02.12 0:00;80,48
29.02.12 0:00;81,29
01.03.12 0:00;81,09
02.03.12 0:00;81,8
03.03.12 0:00;81,8
04.03.12 0:00;81,8
05.03.12 0:00;81,53
06.03.12 0:00;80,64
07.03.12 0:00;81,36
08.03.12 0:00;81,6
09.03.12 0:00;82,48
10.03.12 0:00;82,48
11.03.12 0:00;82,48
12.03.12 0:00;82,38
13.03.12 0:00;82,96
14.03.12 0:00;83,83
15.03.12 0:00;83,5
16.03.12 0:00;83,44
17.03.12 0:00;83,44
18.03.12 0:00;83,44
19.03.12 0:00;83,38
20.03.12 0:00;83,67
21.03.12 0:00;83,2
22.03.12 0:00;82,53
23.03.12 0:00;82,35
24.03.12 0:00;82,35
25.03.12 0:00;82,35
26.03.12 0:00;83,02
27.03.12 0:00;83,07
28.03.12 0:00;82,85
29.03.12 0:00;82,29
30.03.12 0:00;82,87
31.03.12 0:00;82,87
01.04.12 0:00;82,87
02.04.12 0:00;81,64
03.04.12 0:00;82,85
04.04.12 0:00;82,44
05.04.12 0:00;82,21
06.04.12 0:00;81,64
07.04.12 0:00;81,64
08.04.12 0:00;81,64
09.04.12 0:00;81,64
10.04.12 0:00;80,68
11.04.12 0:00;81
12.04.12 0:00;80,94
13.04.12 0:00;80,92
14.04.12 0:00;80,92
15.04.12 0:00;80,92
16.04.12 0:00;80,41
17.04.12 0:00;81,06
18.04.12 0:00;81,32
19.04.12 0:00;81,63
20.04.12 0:00;81,52
21.04.12 0:00;81,52
22.04.12 0:00;81,52
23.04.12 0:00;81,09
24.04.12 0:00;81,4
25.04.12 0:00;81,32
26.04.12 0:00;81,07
27.04.12 0:00;80,27
28.04.12 0:00;80,27
29.04.12 0:00;80,27
30.04.12 0:00;79,94
01.05.12 0:00;80,23
02.05.12 0:00;80,14
03.05.12 0:00;80,23
04.05.12 0:00;79,85
05.05.12 0:00;79,85
06.05.12 0:00;79,85
07.05.12 0:00;79,91
08.05.12 0:00;79,88
09.05.12 0:00;79,64
10.05.12 0:00;79,92
11.05.12 0:00;79,96
12.05.12 0:00;79,96
13.05.12 0:00;79,96
14.05.12 0:00;79,9
15.05.12 0:00;80,19
16.05.12 0:00;80,31
17.05.12 0:00;79,35
18.05.12 0:00;79,03
19.05.12 0:00;79,03
20.05.12 0:00;79,03
21.05.12 0:00;79,31
22.05.12 0:00;79,98
23.05.12 0:00;79,47
24.05.12 0:00;79,57
25.05.12 0:00;79,68
26.05.12 0:00;79,68
27.05.12 0:00;79,68
28.05.12 0:00;79,47
29.05.12 0:00;79,52
30.05.12 0:00;79,09
31.05.12 0:00;78,36
01.06.12 0:00;78,02
02.06.12 0:00;78,02
03.06.12 0:00;78,02
04.06.12 0:00;78,34
05.06.12 0:00;78,77
06.06.12 0:00;79,23
07.06.12 0:00;79,64
08.06.12 0:00;79,49
09.06.12 0:00;79,49
10.06.12 0:00;79,49
11.06.12 0:00;79,42
12.06.12 0:00;79,54
13.06.12 0:00;79,41
14.06.12 0:00;79,39
15.06.12 0:00;78,72
16.06.12 0:00;78,72
17.06.12 0:00;78,72
18.06.12 0:00;79,12
19.06.12 0:00;78,94
20.06.12 0:00;79,52
21.06.12 0:00;80,27
22.06.12 0:00;80,42
23.06.12 0:00;80,42
24.06.12 0:00;80,42
25.06.12 0:00;79,67
26.06.12 0:00;79,5
27.06.12 0:00;79,71
28.06.12 0:00;79,45
29.06.12 0:00;79,81
30.06.12 0:00;79,81
01.07.12 0:00;79,81
02.07.12 0:00;79,5
03.07.12 0:00;79,84
04.07.12 0:00;79,84
05.07.12 0:00;79,89
06.07.12 0:00;79,67
07.07.12 0:00;79,67
08.07.12 0:00;79,67
09.07.12 0:00;79,58
10.07.12 0:00;79,44
11.07.12 0:00;79,75
12.07.12 0:00;79,3
13.07.12 0:00;79,22
14.07.12 0:00;79,22
15.07.12 0:00;79,22
16.07.12 0:00;78,86
17.07.12 0:00;79,07
18.07.12 0:00;78,81
19.07.12 0:00;78,59
20.07.12 0:00;78,49
21.07.12 0:00;78,49
22.07.12 0:00;78,49
23.07.12 0:00;78,39
24.07.12 0:00;78,19
25.07.12 0:00;78,17
26.07.12 0:00;78,22
27.07.12 0:00;78,42
28.07.12 0:00;78,42
29.07.12 0:00;78,42
30.07.12 0:00;78,18
31.07.12 0:00;78,13
01.08.12 0:00;78,44
02.08.12 0:00;78,23
03.08.12 0:00;78,48
04.08.12 0:00;78,48
05.08.12 0:00;78,48
06.08.12 0:00;78,25
07.08.12 0:00;78,61
08.08.12 0:00;78,42
09.08.12 0:00;78,56
10.08.12 0:00;78,28
11.08.12 0:00;78,28
12.08.12 0:00;78,28
13.08.12 0:00;78,32
14.08.12 0:00;78,73
15.08.12 0:00;79
16.08.12 0:00;79,34
17.08.12 0:00;79,56
18.08.12 0:00;79,56
19.08.12 0:00;79,56
20.08.12 0:00;79,42
21.08.12 0:00;79,28
22.08.12 0:00;78,58
23.08.12 0:00;78,48
24.08.12 0:00;78,67
25.08.12 0:00;78,67
26.08.12 0:00;78,67
27.08.12 0:00;78,75
28.08.12 0:00;78,51
29.08.12 0:00;78,7
30.08.12 0:00;78,62
31.08.12 0:00;78,39
01.09.12 0:00;78,39
02.09.12 0:00;78,39
03.09.12 0:00;78,26
04.09.12 0:00;78,42
05.09.12 0:00;78,39
06.09.12 0:00;78,86
07.09.12 0:00;78,27
08.09.12 0:00;78,27
09.09.12 0:00;78,27
10.09.12 0:00;78,28
11.09.12 0:00;77,77
12.09.12 0:00;77,85
13.09.12 0:00;77,49
14.09.12 0:00;78,39
15.09.12 0:00;78,39
16.09.12 0:00;78,39
17.09.12 0:00;78,7
18.09.12 0:00;78,82
19.09.12 0:00;78,38
20.09.12 0:00;78,25
21.09.12 0:00;78,17
22.09.12 0:00;78,17
23.09.12 0:00;78,17
24.09.12 0:00;77,86
25.09.12 0:00;77,8
26.09.12 0:00;77,75
27.09.12 0:00;77,61
28.09.12 0:00;77,92
29.09.12 0:00;77,92
30.09.12 0:00;77,92
01.10.12 0:00;78
02.10.12 0:00;78,16
03.10.12 0:00;78,5
04.10.12 0:00;78,48
05.10.12 0:00;78,67
06.10.12 0:00;78,67
07.10.12 0:00;78,67
08.10.12 0:00;78,33
09.10.12 0:00;78,25
10.10.12 0:00;78,19
11.10.12 0:00;78,33
12.10.12 0:00;78,44
13.10.12 0:00;78,44
14.10.12 0:00;78,44
15.10.12 0:00;78,64
16.10.12 0:00;78,89
17.10.12 0:00;78,94
18.10.12 0:00;79,28
19.10.12 0:00;79,32
20.10.12 0:00;79,32
21.10.12 0:00;79,32
22.10.12 0:00;79,94
23.10.12 0:00;79,86
24.10.12 0:00;79,81
25.10.12 0:00;80,3
26.10.12 0:00;79,65
27.10.12 0:00;79,65
28.10.12 0:00;79,65
29.10.12 0:00;79,81
30.10.12 0:00;79,64
31.10.12 0:00;79,77
01.11.12 0:00;80,14
02.11.12 0:00;80,47
03.11.12 0:00;80,47
04.11.12 0:00;80,47
05.11.12 0:00;80,29
06.11.12 0:00;80,36
07.11.12 0:00;80
08.11.12 0:00;79,47
09.11.12 0:00;79,5
10.11.12 0:00;79,5
11.11.12 0:00;79,5
12.11.12 0:00;79,5
13.11.12 0:00;79,39
14.11.12 0:00;80,25
15.11.12 0:00;81,16
16.11.12 0:00;81,3
17.11.12 0:00;81,3
18.11.12 0:00;81,3
19.11.12 0:00;81,42
20.11.12 0:00;81,67
21.11.12 0:00;82,53
22.11.12 0:00;82,47
23.11.12 0:00;82,42
24.11.12 0:00;82,42
25.11.12 0:00;82,42
26.11.12 0:00;82,07
27.11.12 0:00;82,14
28.11.12 0:00;82,07
29.11.12 0:00;82,12
30.11.12 0:00;82,48
01.12.12 0:00;82,48
02.12.12 0:00;82,48
03.12.12 0:00;82,25
04.12.12 0:00;81,89
05.12.12 0:00;82,47
06.12.12 0:00;82,41
07.12.12 0:00;82,48
08.12.12 0:00;82,48
09.12.12 0:00;82,48
10.12.12 0:00;82,36
11.12.12 0:00;82,52
12.12.12 0:00;83,25
13.12.12 0:00;83,64
14.12.12 0:00;83,48
15.12.12 0:00;83,48
16.12.12 0:00;83,48
17.12.12 0:00;83,89
18.12.12 0:00;84,2
19.12.12 0:00;84,41
20.12.12 0:00;84,38
21.12.12 0:00;84,23
22.12.12 0:00;84,23
23.12.12 0:00;84,23
24.12.12 0:00;84,94
25.12.12 0:00;84,75
26.12.12 0:00;85,64
27.12.12 0:00;86,1
28.12.12 0:00;86,02
29.12.12 0:00;86,02
30.12.12 0:00;86,02
31.12.12 0:00;86,75
01.01.13 0:00;86,69
02.01.13 0:00;87,34
03.01.13 0:00;87,23
04.01.13 0:00;88,15
05.01.13 0:00;88,15
06.01.13 0:00;88,15
07.01.13 0:00;87,78
08.01.13 0:00;87,05
09.01.13 0:00;87,88
10.01.13 0:00;88,78
11.01.13 0:00;89,18
12.01.13 0:00;89,18
13.01.13 0:00;89,18
14.01.13 0:00;89,47
15.01.13 0:00;88,79
16.01.13 0:00;88,39
17.01.13 0:00;89,88
18.01.13 0:00;90,08
19.01.13 0:00;90,08
20.01.13 0:00;90,08
21.01.13 0:00;89,61
22.01.13 0:00;88,71
23.01.13 0:00;88,61
24.01.13 0:00;90,33
25.01.13 0:00;90,92
26.01.13 0:00;90,92
27.01.13 0:00;90,92
28.01.13 0:00;90,85
29.01.13 0:00;90,73
30.01.13 0:00;91,08
31.01.13 0:00;91,72
01.02.13 0:00;92,72
02.02.13 0:00;92,72
03.02.13 0:00;92,72
04.02.13 0:00;92,38
05.02.13 0:00;93,63
06.02.13 0:00;93,64
07.02.13 0:00;93,63
08.02.13 0:00;92,69
09.02.13 0:00;92,69
10.02.13 0:00;92,69
11.02.13 0:00;94,33
12.02.13 0:00;93,47
13.02.13 0:00;93,39
14.02.13 0:00;92,88
15.02.13 0:00;93,52
16.02.13 0:00;93,52
17.02.13 0:00;93,52
18.02.13 0:00;93,95
19.02.13 0:00;93,58
20.02.13 0:00;93,56
21.02.13 0:00;93,11
22.02.13 0:00;93,41
23.02.13 0:00;93,41
24.02.13 0:00;93,41
25.02.13 0:00;91,81
26.02.13 0:00;91,98
27.02.13 0:00;92,23
28.02.13 0:00;92,56
01.03.13 0:00;93,59
02.03.13 0:00;93,59
03.03.13 0:00;93,59
04.03.13 0:00;93,48
05.03.13 0:00;93,29
06.03.13 0:00;94,08
07.03.13 0:00;94,83
08.03.13 0:00;96,03
09.03.13 0:00;96,03
10.03.13 0:00;96,03
11.03.13 0:00;96,28
12.03.13 0:00;96,08
13.03.13 0:00;96,11
14.03.13 0:00;96,11
15.03.13 0:00;95,28
16.03.13 0:00;95,28
17.03.13 0:00;95,28
18.03.13 0:00;95,22
19.03.13 0:00;95,16
20.03.13 0:00;96,03
21.03.13 0:00;94,89
22.03.13 0:00;94,52
23.03.13 0:00;94,52
24.03.13 0:00;94,52
25.03.13 0:00;94,17
26.03.13 0:00;94,44
27.03.13 0:00;94,44
28.03.13 0:00;94,14
29.03.13 0:00;94,22
30.03.13 0:00;94,22
31.03.13 0:00;94,22
01.04.13 0:00;93,23
02.04.13 0:00;93,44
03.04.13 0:00;93,06
04.04.13 0:00;96,34
05.04.13 0:00;97,53
06.04.13 0:00;97,53
07.04.13 0:00;97,53
08.04.13 0:00;99,36
09.04.13 0:00;99,03
10.04.13 0:00;99,78
11.04.13 0:00;99,68
12.04.13 0:00;98,4
13.04.13 0:00;98,4
14.04.13 0:00;98,4
15.04.13 0:00;96,78
16.04.13 0:00;97,54
17.04.13 0:00;98,11
18.04.13 0:00;98,17
19.04.13 0:00;99,52
20.04.13 0:00;99,52
21.04.13 0:00;99,52
22.04.13 0:00;99,22
23.04.13 0:00;99,47
24.04.13 0:00;99,48
25.04.13 0:00;99,25
26.04.13 0:00;98,05
27.04.13 0:00;98,05
28.04.13 0:00;98,05
29.04.13 0:00;97,77
30.04.13 0:00;97,42
01.05.13 0:00;97,39
02.05.13 0:00;97,97
03.05.13 0:00;99,03
04.05.13 0:00;99,03
05.05.13 0:00;99,03
06.05.13 0:00;99,34
07.05.13 0:00;99,02
08.05.13 0:00;99
09.05.13 0:00;100,61
10.05.13 0:00;101,61
11.05.13 0:00;101,61
12.05.13 0:00;101,61
13.05.13 0:00;101,83
14.05.13 0:00;102,36
15.05.13 0:00;102,23
16.05.13 0:00;102,25
17.05.13 0:00;103,21
18.05.13 0:00;103,21
19.05.13 0:00;103,21
20.05.13 0:00;102,27
21.05.13 0:00;102,5
22.05.13 0:00;103,16
23.05.13 0:00;102,03
24.05.13 0:00;101,29
25.05.13 0:00;101,29
26.05.13 0:00;101,29
27.05.13 0:00;100,94
28.05.13 0:00;102,38
29.05.13 0:00;101,16
30.05.13 0:00;100,73
31.05.13 0:00;100,48
01.06.13 0:00;100,48
02.06.13 0:00;100,48
03.06.13 0:00;99,53
04.06.13 0:00;100,03
05.06.13 0:00;99,06
06.06.13 0:00;96,96
07.06.13 0:00;97,55
08.06.13 0:00;97,55
09.06.13 0:00;97,55
10.06.13 0:00;98,77
11.06.13 0:00;96,03
12.06.13 0:00;96,03
13.06.13 0:00;95,38
14.06.13 0:00;94,08
15.06.13 0:00;94,08
16.06.13 0:00;94,08
17.06.13 0:00;94,51
18.06.13 0:00;95,33
19.06.13 0:00;96,47
20.06.13 0:00;97,28
21.06.13 0:00;97,9
22.06.13 0:00;97,9
23.06.13 0:00;97,9
24.06.13 0:00;97,73
25.06.13 0:00;97,81
26.06.13 0:00;97,75
27.06.13 0:00;98,36
28.06.13 0:00;99,14
29.06.13 0:00;99,14
30.06.13 0:00;99,14
01.07.13 0:00;99,67
02.07.13 0:00;100,63
03.07.13 0:00;99,92
04.07.13 0:00;100,05
05.07.13 0:00;101,2
06.07.13 0:00;101,2
07.07.13 0:00;101,2
08.07.13 0:00;100,97
09.07.13 0:00;101,16
10.07.13 0:00;99,67
11.07.13 0:00;98,96
12.07.13 0:00;99,22
13.07.13 0:00;99,22
14.07.13 0:00;99,22
15.07.13 0:00;99,86
16.07.13 0:00;99,09
17.07.13 0:00;99,58
18.07.13 0:00;100,42
19.07.13 0:00;100,65
20.07.13 0:00;100,65
21.07.13 0:00;100,65
22.07.13 0:00;99,67
23.07.13 0:00;99,43
24.07.13 0:00;100,25
25.07.13 0:00;99,3
26.07.13 0:00;98,28
27.07.13 0:00;98,28
28.07.13 0:00;98,28
29.07.13 0:00;97,95
30.07.13 0:00;98,03
31.07.13 0:00;97,88
01.08.13 0:00;99,55
02.08.13 0:00;98,97
03.08.13 0:00;98,97
04.08.13 0:00;98,97
05.08.13 0:00;98,31
06.08.13 0:00;97,75
07.08.13 0:00;96,33
08.08.13 0:00;96,73
09.08.13 0:00;96,22
10.08.13 0:00;96,22
11.08.13 0:00;96,22
12.08.13 0:00;96,91
13.08.13 0:00;98,2
14.08.13 0:00;98,14
15.08.13 0:00;97,37
16.08.13 0:00;97,53
17.08.13 0:00;97,53
18.08.13 0:00;97,53
19.08.13 0:00;97,56
20.08.13 0:00;97,28
21.08.13 0:00;97,67
22.08.13 0:00;98,73
23.08.13 0:00;98,75
24.08.13 0:00;98,75
25.08.13 0:00;98,75
26.08.13 0:00;98,51
27.08.13 0:00;97,03
28.08.13 0:00;97,64
29.08.13 0:00;98,35
30.08.13 0:00;98,17
31.08.13 0:00;98,17
01.09.13 0:00;98,17
02.09.13 0:00;99,33
03.09.13 0:00;99,58
04.09.13 0:00;99,76
05.09.13 0:00;100,12
06.09.13 0:00;99,11
07.09.13 0:00;99,11
08.09.13 0:00;99,11
09.09.13 0:00;99,58
10.09.13 0:00;100,41
11.09.13 0:00;99,88
12.09.13 0:00;99,55
13.09.13 0:00;99,36
14.09.13 0:00;99,36
15.09.13 0:00;99,36
16.09.13 0:00;99,08
17.09.13 0:00;99,12
18.09.13 0:00;97,94
19.09.13 0:00;99,45
20.09.13 0:00;99,31
21.09.13 0:00;99,31
22.09.13 0:00;99,31
23.09.13 0:00;98,84
24.09.13 0:00;98,73
25.09.13 0:00;98,44
26.09.13 0:00;98,99
27.09.13 0:00;98,26
28.09.13 0:00;98,26
29.09.13 0:00;98,26
30.09.13 0:00;98,23
01.10.13 0:00;98
02.10.13 0:00;97,36
03.10.13 0:00;97,27
04.10.13 0:00;97,47
05.10.13 0:00;97,47
06.10.13 0:00;97,47
07.10.13 0:00;96,71
08.10.13 0:00;96,88
09.10.13 0:00;97,34
10.10.13 0:00;98,16
11.10.13 0:00;98,58
12.10.13 0:00;98,58
13.10.13 0:00;98,58
14.10.13 0:00;98,58
15.10.13 0:00;98,17
16.10.13 0:00;98,77
17.10.13 0:00;97,91
18.10.13 0:00;97,73
19.10.13 0:00;97,73
20.10.13 0:00;97,73
21.10.13 0:00;98,19
22.10.13 0:00;98,14
23.10.13 0:00;97,38
24.10.13 0:00;97,28
25.10.13 0:00;97,42
26.10.13 0:00;97,42
27.10.13 0:00;97,42
28.10.13 0:00;97,68
29.10.13 0:00;98,19
30.10.13 0:00;98,51
31.10.13 0:00;98,36
01.11.13 0:00;98,69
02.11.13 0:00;98,69
03.11.13 0:00;98,69
04.11.13 0:00;98,61
05.11.13 0:00;98,5
06.11.13 0:00;98,66
07.11.13 0:00;98,09
08.11.13 0:00;99,08
09.11.13 0:00;99,08
10.11.13 0:00;99,08
11.11.13 0:00;99,16
12.11.13 0:00;99,64
13.11.13 0:00;99,25
14.11.13 0:00;100,02
15.11.13 0:00;100,19
16.11.13 0:00;100,19
17.11.13 0:00;100,19
18.11.13 0:00;100
19.11.13 0:00;100,15
20.11.13 0:00;100,03
21.11.13 0:00;101,16
22.11.13 0:00;101,28
23.11.13 0:00;101,28
24.11.13 0:00;101,28
25.11.13 0:00;101,68
26.11.13 0:00;101,3
27.11.13 0:00;102,17
28.11.13 0:00;102,32
29.11.13 0:00;102,44
30.11.13 0:00;102,44
01.12.13 0:00;102,44
02.12.13 0:00;102,95
03.12.13 0:00;102,52
04.12.13 0:00;102,36
05.12.13 0:00;101,78
06.12.13 0:00;102,91
07.12.13 0:00;102,91
08.12.13 0:00;102,91
09.12.13 0:00;103,28
10.12.13 0:00;102,84
11.12.13 0:00;102,44
12.12.13 0:00;103,38
13.12.13 0:00;103,22
14.12.13 0:00;103,22
15.12.13 0:00;103,22
16.12.13 0:00;103,03
17.12.13 0:00;102,67
18.12.13 0:00;104,28
19.12.13 0:00;104,25
20.12.13 0:00;104,08
21.12.13 0:00;104,08
22.12.13 0:00;104,08
23.12.13 0:00;104,11
24.12.13 0:00;104,36
25.12.13 0:00;104,38
26.12.13 0:00;104,81
27.12.13 0:00;105,17
28.12.13 0:00;105,17
29.12.13 0:00;105,17
30.12.13 0:00;105,16
31.12.13 0:00;105,31
01.01.14 0:00;105,25
02.01.14 0:00;104,77
03.01.14 0:00;104,86
04.01.14 0:00;104,86
05.01.14 0:00;104,86
06.01.14 0:00;104,22
07.01.14 0:00;104,62
08.01.14 0:00;104,86
09.01.14 0:00;104,83
10.01.14 0:00;104,15
11.01.14 0:00;104,15
12.01.14 0:00;104,15
13.01.14 0:00;103
14.01.14 0:00;104,22
15.01.14 0:00;104,56
16.01.14 0:00;104,36
17.01.14 0:00;104,31
18.01.14 0:00;104,31
19.01.14 0:00;104,31
20.01.14 0:00;104,18
21.01.14 0:00;104,32
22.01.14 0:00;104,52
23.01.14 0:00;103,27
24.01.14 0:00;102,3
25.01.14 0:00;102,3
26.01.14 0:00;102,3
27.01.14 0:00;102,55
28.01.14 0:00;102,97
29.01.14 0:00;102,3
30.01.14 0:00;102,72
31.01.14 0:00;102,03
01.02.14 0:00;102,03
02.02.14 0:00;102,03
03.02.14 0:00;100,99
04.02.14 0:00;101,65
05.02.14 0:00;101,44
06.02.14 0:00;102,11
07.02.14 0:00;102,34
08.02.14 0:00;102,34
09.02.14 0:00;102,34
10.02.14 0:00;102,25
11.02.14 0:00;102,64
12.02.14 0:00;102,53
13.02.14 0:00;102,17
14.02.14 0:00;101,8
15.02.14 0:00;101,8
16.02.14 0:00;101,8
17.02.14 0:00;101,94
18.02.14 0:00;102,37
19.02.14 0:00;102,33
20.02.14 0:00;102,27
21.02.14 0:00;102,53
22.02.14 0:00;102,53
23.02.14 0:00;102,53
24.02.14 0:00;102,5
25.02.14 0:00;102,23
26.02.14 0:00;102,38
27.02.14 0:00;102,13
28.02.14 0:00;101,81
01.03.14 0:00;101,81
02.03.14 0:00;101,81
03.03.14 0:00;101,45
04.03.14 0:00;102,21
05.03.14 0:00;102,31
06.03.14 0:00;103,07
07.03.14 0:00;103,28
08.03.14 0:00;103,28
09.03.14 0:00;103,28
10.03.14 0:00;103,27
11.03.14 0:00;103,02
12.03.14 0:00;102,77
13.03.14 0:00;101,84
14.03.14 0:00;101,36
15.03.14 0:00;101,36
16.03.14 0:00;101,36
17.03.14 0:00;101,77
18.03.14 0:00;101,44
19.03.14 0:00;102,34
20.03.14 0:00;102,4
21.03.14 0:00;102,27
22.03.14 0:00;102,27
23.03.14 0:00;102,27
24.03.14 0:00;102,25
25.03.14 0:00;102,27
26.03.14 0:00;102,05
27.03.14 0:00;102,17
28.03.14 0:00;102,81
29.03.14 0:00;102,81
30.03.14 0:00;102,81
31.03.14 0:00;103,22
01.04.14 0:00;103,64
02.04.14 0:00;103,88
03.04.14 0:00;103,92
04.04.14 0:00;103,28
05.04.14 0:00;103,28
06.04.14 0:00;103,28
07.04.14 0:00;103,11
08.04.14 0:00;101,81
09.04.14 0:00;101,98
10.04.14 0:00;101,53
11.04.14 0:00;101,61
12.04.14 0:00;101,61
13.04.14 0:00;101,61
14.04.14 0:00;101,84
15.04.14 0:00;101,93
16.04.14 0:00;102,23
17.04.14 0:00;102,39
18.04.14 0:00;102,42
19.04.14 0:00;102,42
20.04.14 0:00;102,42
21.04.14 0:00;102,62
22.04.14 0:00;102,62
23.04.14 0:00;102,54
24.04.14 0:00;102,32
25.04.14 0:00;102,17
26.04.14 0:00;102,17
27.04.14 0:00;102,17
28.04.14 0:00;102,5
29.04.14 0:00;102,64
30.04.14 0:00;102,26
01.05.14 0:00;102,34
02.05.14 0:00;102,19
03.05.14 0:00;102,19
04.05.14 0:00;102,19
05.05.14 0:00;102,14
06.05.14 0:00;101,69
07.05.14 0:00;101,92
08.05.14 0:00;101,66
09.05.14 0:00;101,86
10.05.14 0:00;101,86
11.05.14 0:00;101,86
12.05.14 0:00;102,12
13.05.14 0:00;102,26
14.05.14 0:00;101,89
15.05.14 0:00;101,58
16.05.14 0:00;101,52
17.05.14 0:00;101,52
18.05.14 0:00;101,52
19.05.14 0:00;101,51
20.05.14 0:00;101,33
21.05.14 0:00;101,38
22.05.14 0:00;101,73
23.05.14 0:00;101,97
24.05.14 0:00;101,97
25.05.14 0:00;101,97
26.05.14 0:00;101,95
27.05.14 0:00;101,99
28.05.14 0:00;101,84
29.05.14 0:00;101,8
30.05.14 0:00;101,78
31.05.14 0:00;101,78
01.06.14 0:00;101,78
02.06.14 0:00;102,39
03.06.14 0:00;102,5
04.06.14 0:00;102,75
05.06.14 0:00;102,39
06.06.14 0:00;102,48
07.06.14 0:00;102,48
08.06.14 0:00;102,48
09.06.14 0:00;102,53
10.06.14 0:00;102,36
11.06.14 0:00;102,08
12.06.14 0:00;101,72
13.06.14 0:00;102,07
14.06.14 0:00;102,07
15.06.14 0:00;102,07
16.06.14 0:00;101,84
17.06.14 0:00;102,14
18.06.14 0:00;101,92
19.06.14 0:00;101,94
20.06.14 0:00;102,08
21.06.14 0:00;102,08
22.06.14 0:00;102,08
23.06.14 0:00;101,95
24.06.14 0:00;101,97
25.06.14 0:00;101,88
26.06.14 0:00;101,73
27.06.14 0:00;101,38
28.06.14 0:00;101,38
29.06.14 0:00;101,38
30.06.14 0:00;101,33
01.07.14 0:00;101,53
02.07.14 0:00;101,79
03.07.14 0:00;102,19
04.07.14 0:00;102,12
05.07.14 0:00;102,12
06.07.14 0:00;102,12
07.07.14 0:00;101,84
08.07.14 0:00;101,58
09.07.14 0:00;101,64
10.07.14 0:00;101,33
11.07.14 0:00;101,38
12.07.14 0:00;101,38
13.07.14 0:00;101,38
14.07.14 0:00;101,55
15.07.14 0:00;101,69
16.07.14 0:00;101,68
17.07.14 0:00;101,17
18.07.14 0:00;101,33
19.07.14 0:00;101,33
20.07.14 0:00;101,33
21.07.14 0:00;101,4
22.07.14 0:00;101,47
23.07.14 0:00;101,48
24.07.14 0:00;101,81
25.07.14 0:00;101,84
26.07.14 0:00;101,84
27.07.14 0:00;101,84
28.07.14 0:00;101,86
29.07.14 0:00;102,13
30.07.14 0:00;102,8
31.07.14 0:00;102,8
01.08.14 0:00;102,63
02.08.14 0:00;102,63
03.08.14 0:00;102,63
04.08.14 0:00;102,59
05.08.14 0:00;102,59
06.08.14 0:00;102,11
07.08.14 0:00;102,11
08.08.14 0:00;102,06
09.08.14 0:00;102,06
10.08.14 0:00;102,06
11.08.14 0:00;102,19
12.08.14 0:00;102,26
13.08.14 0:00;102,43
14.08.14 0:00;102,44
15.08.14 0:00;102,36
16.08.14 0:00;102,36
17.08.14 0:00;102,36
18.08.14 0:00;102,57
19.08.14 0:00;102,91
20.08.14 0:00;103,75
21.08.14 0:00;103,83
22.08.14 0:00;103,94
23.08.14 0:00;103,94
24.08.14 0:00;103,94
25.08.14 0:00;104,06
26.08.14 0:00;104,07
27.08.14 0:00;103,86
28.08.14 0:00;103,72
29.08.14 0:00;104,08
30.08.14 0:00;104,08
31.08.14 0:00;104,08
01.09.14 0:00;104,36
02.09.14 0:00;105,08
03.09.14 0:00;104,81
04.09.14 0:00;105,27
05.09.14 0:00;105,1
06.09.14 0:00;105,1
07.09.14 0:00;105,1
08.09.14 0:00;106,03
09.09.14 0:00;106,19
10.09.14 0:00;106,84
11.09.14 0:00;107,11
12.09.14 0:00;107,33
13.09.14 0:00;107,33
14.09.14 0:00;107,33
15.09.14 0:00;107,17
16.09.14 0:00;107,12
17.09.14 0:00;108,39
18.09.14 0:00;108,71
19.09.14 0:00;109,05
20.09.14 0:00;109,05
21.09.14 0:00;109,05
22.09.14 0:00;108,84
23.09.14 0:00;108,89
24.09.14 0:00;109,03
25.09.14 0:00;108,75
26.09.14 0:00;109,28
27.09.14 0:00;109,28
28.09.14 0:00;109,28
29.09.14 0:00;109,48
30.09.14 0:00;109,66
01.10.14 0:00;108,89
02.10.14 0:00;108,42
03.10.14 0:00;109,77
04.10.14 0:00;109,77
05.10.14 0:00;109,77
06.10.14 0:00;108,8
07.10.14 0:00;108,03
08.10.14 0:00;108,08
09.10.14 0:00;107,84
10.10.14 0:00;107,67
11.10.14 0:00;107,67
12.10.14 0:00;107,67
13.10.14 0:00;106,86
14.10.14 0:00;107,06
15.10.14 0:00;105,92
16.10.14 0:00;106,33
17.10.14 0:00;106,88
18.10.14 0:00;106,88
19.10.14 0:00;106,88
20.10.14 0:00;106,95
21.10.14 0:00;107
22.10.14 0:00;107,14
23.10.14 0:00;108,27
24.10.14 0:00;108,16
25.10.14 0:00;108,16
26.10.14 0:00;108,16
27.10.14 0:00;107,81
28.10.14 0:00;108,16
29.10.14 0:00;108,89
30.10.14 0:00;109,21
31.10.14 0:00;112,33
01.11.14 0:00;112,33
02.11.14 0:00;112,33
03.11.14 0:00;114,05
04.11.14 0:00;113,6
05.11.14 0:00;114,64
06.11.14 0:00;115,21
07.11.14 0:00;114,54
08.11.14 0:00;114,54
09.11.14 0:00;114,54
10.11.14 0:00;114,86
11.11.14 0:00;115,78
12.11.14 0:00;115,48
13.11.14 0:00;115,75
14.11.14 0:00;116,28
15.11.14 0:00;116,28
16.11.14 0:00;116,28
17.11.14 0:00;116,65
18.11.14 0:00;116,87
19.11.14 0:00;117,98
20.11.14 0:00;118,22
21.11.14 0:00;117,81
22.11.14 0:00;117,81
23.11.14 0:00;117,81
24.11.14 0:00;118,28
25.11.14 0:00;117,97
26.11.14 0:00;117,73
27.11.14 0:00;117,7
28.11.14 0:00;118,64
29.11.14 0:00;118,64
30.11.14 0:00;118,64
01.12.14 0:00;118,39
02.12.14 0:00;119,22
03.12.14 0:00;119,8
04.12.14 0:00;119,78
05.12.14 0:00;121,42
06.12.14 0:00;121,42
07.12.14 0:00;121,42
08.12.14 0:00;120,69
09.12.14 0:00;119,69
10.12.14 0:00;117,81
11.12.14 0:00;118,67
12.12.14 0:00;118,8
13.12.14 0:00;118,8
14.12.14 0:00;118,8
15.12.14 0:00;117,83
16.12.14 0:00;116,41
17.12.14 0:00;118,66
18.12.14 0:00;118,83
19.12.14 0:00;119,5
20.12.14 0:00;119,5
21.12.14 0:00;119,5
22.12.14 0:00;120,06
23.12.14 0:00;120,69
24.12.14 0:00;120,5
25.12.14 0:00;120,1
26.12.14 0:00;120,41
27.12.14 0:00;120,41
28.12.14 0:00;120,41
29.12.14 0:00;120,67
30.12.14 0:00;119,48
31.12.14 0:00;119,69
01.01.15 0:00;119,79
02.01.15 0:00;120,5
03.01.15 0:00;120,5
04.01.15 0:00;120,5
05.01.15 0:00;119,64
06.01.15 0:00;118,41
07.01.15 0:00;119,25
08.01.15 0:00;119,66
09.01.15 0:00;118,53
10.01.15 0:00;118,53
11.01.15 0:00;118,53
12.01.15 0:00;118,35
13.01.15 0:00;117,93
14.01.15 0:00;117,33
15.01.15 0:00;116,17
16.01.15 0:00;117,64
17.01.15 0:00;117,64
18.01.15 0:00;117,64
19.01.15 0:00;117,57
20.01.15 0:00;118,81
21.01.15 0:00;117,95
22.01.15 0:00;118,49
23.01.15 0:00;117,78
24.01.15 0:00;117,78
25.01.15 0:00;117,78
26.01.15 0:00;118,46
27.01.15 0:00;117,87
28.01.15 0:00;117,55
29.01.15 0:00;118,29
30.01.15 0:00;117,45
31.01.15 0:00;117,45
01.02.15 0:00;117,45
02.02.15 0:00;117,59
03.02.15 0:00;117,57
04.02.15 0:00;117,28
05.02.15 0:00;117,53
06.02.15 0:00;118,98
07.02.15 0:00;118,98
08.02.15 0:00;118,98
09.02.15 0:00;118,64
10.02.15 0:00;119,43
11.02.15 0:00;120,47
12.02.15 0:00;119,11
13.02.15 0:00;118,75
14.02.15 0:00;118,75
15.02.15 0:00;118,75
16.02.15 0:00;118,48
17.02.15 0:00;119,25
18.02.15 0:00;118,79
19.02.15 0:00;118,94
20.02.15 0:00;119,03
21.02.15 0:00;119,03
22.02.15 0:00;119,03
23.02.15 0:00;118,81
24.02.15 0:00;118,98
25.02.15 0:00;118,86
26.02.15 0:00;119,42
27.02.15 0:00;119,54
28.02.15 0:00;119,54
01.03.15 0:00;119,54
02.03.15 0:00;120,13
03.03.15 0:00;119,73
04.03.15 0:00;119,68
05.03.15 0:00;120,15
06.03.15 0:00;120,84
07.03.15 0:00;120,84
08.03.15 0:00;120,84
09.03.15 0:00;121,16
10.03.15 0:00;121,14
11.03.15 0:00;121,45
12.03.15 0:00;121,3
13.03.15 0:00;121,39
14.03.15 0:00;121,39
15.03.15 0:00;121,39
16.03.15 0:00;121,33
17.03.15 0:00;121,36
18.03.15 0:00;120,11
19.03.15 0:00;120,8
20.03.15 0:00;120,03
21.03.15 0:00;120,03
22.03.15 0:00;120,03
23.03.15 0:00;119,73
24.03.15 0:00;119,75
25.03.15 0:00;119,5
26.03.15 0:00;119,2
27.03.15 0:00;119,14
28.03.15 0:00;119,14
29.03.15 0:00;119,14
30.03.15 0:00;120,08
31.03.15 0:00;120,14
01.04.15 0:00;119,77
02.04.15 0:00;119,72
03.04.15 0:00;118,97
04.04.15 0:00;118,97
05.04.15 0:00;118,97
06.04.15 0:00;119,53
07.04.15 0:00;120,28
08.04.15 0:00;120,14
09.04.15 0:00;120,59
10.04.15 0:00;120,22
11.04.15 0:00;120,22
12.04.15 0:00;120,22
13.04.15 0:00;120,14
14.04.15 0:00;119,39
15.04.15 0:00;119,15
16.04.15 0:00;119,01
17.04.15 0:00;118,92
18.04.15 0:00;118,92
19.04.15 0:00;118,92
20.04.15 0:00;119,2
21.04.15 0:00;119,67
22.04.15 0:00;119,92
23.04.15 0:00;119,58
24.04.15 0:00;118,98
25.04.15 0:00;118,98
26.04.15 0:00;118,98
27.04.15 0:00;119,04
28.04.15 0:00;118,86
29.04.15 0:00;119,04
30.04.15 0:00;119,36
01.05.15 0:00;120,17
02.05.15 0:00;120,17
03.05.15 0:00;120,17
04.05.15 0:00;120,14
05.05.15 0:00;119,85
06.05.15 0:00;119,47
07.05.15 0:00;119,73
08.05.15 0:00;119,81
09.05.15 0:00;119,81
10.05.15 0:00;119,81
11.05.15 0:00;120,08
12.05.15 0:00;119,86
13.05.15 0:00;119,16
14.05.15 0:00;119,17
15.05.15 0:00;119,29
16.05.15 0:00;119,29
17.05.15 0:00;119,29
18.05.15 0:00;119,99
19.05.15 0:00;120,69
20.05.15 0:00;121,36
21.05.15 0:00;121,04
22.05.15 0:00;121,55
23.05.15 0:00;121,55
24.05.15 0:00;121,55
25.05.15 0:00;121,56
26.05.15 0:00;123,11
27.05.15 0:00;123,67
28.05.15 0:00;123,95
29.05.15 0:00;124,14
30.05.15 0:00;124,14
31.05.15 0:00;124,14
01.06.15 0:00;124,78
02.06.15 0:00;124,11
03.06.15 0:00;124,25
04.06.15 0:00;124,38
05.06.15 0:00;125,62
06.06.15 0:00;125,62
07.06.15 0:00;125,62
08.06.15 0:00;124,48
09.06.15 0:00;124,34
10.06.15 0:00;122,67
11.06.15 0:00;123,42
12.06.15 0:00;123,39
13.06.15 0:00;123,39
14.06.15 0:00;123,39
15.06.15 0:00;123,42
16.06.15 0:00;123,36
17.06.15 0:00;123,44
18.06.15 0:00;122,97
19.06.15 0:00;122,67
20.06.15 0:00;122,67
21.06.15 0:00;122,67
22.06.15 0:00;123,38
23.06.15 0:00;123,95
24.06.15 0:00;123,85
25.06.15 0:00;123,62
26.06.15 0:00;123,86
27.06.15 0:00;123,86
28.06.15 0:00;123,86
29.06.15 0:00;122,54
30.06.15 0:00;122,5
01.07.15 0:00;123,17
02.07.15 0:00;123,06
03.07.15 0:00;122,81
04.07.15 0:00;122,81
05.07.15 0:00;122,81
06.07.15 0:00;122,58
07.07.15 0:00;122,55
08.07.15 0:00;120,7
09.07.15 0:00;121,34
10.07.15 0:00;122,75
11.07.15 0:00;122,75
12.07.15 0:00;122,75
13.07.15 0:00;123,44
14.07.15 0:00;123,38
15.07.15 0:00;123,78
16.07.15 0:00;124,16
17.07.15 0:00;124,08
18.07.15 0:00;124,08
19.07.15 0:00;124,08
20.07.15 0:00;124,27
21.07.15 0:00;123,89
22.07.15 0:00;123,97
23.07.15 0:00;123,92
24.07.15 0:00;123,82
25.07.15 0:00;123,82
26.07.15 0:00;123,82
27.07.15 0:00;123,25
28.07.15 0:00;123,56
29.07.15 0:00;123,94
30.07.15 0:00;124,14
31.07.15 0:00;123,94
01.08.15 0:00;123,94
02.08.15 0:00;123,94
03.08.15 0:00;124,03
04.08.15 0:00;124,39
05.08.15 0:00;124,9
06.08.15 0:00;124,74
07.08.15 0:00;124,22
08.08.15 0:00;124,22
09.08.15 0:00;124,22
10.08.15 0:00;124,63
11.08.15 0:00;125,13
12.08.15 0:00;124,21
13.08.15 0:00;124,42
14.08.15 0:00;124,31
15.08.15 0:00;124,31
16.08.15 0:00;124,31
17.08.15 0:00;124,39
18.08.15 0:00;124,41
19.08.15 0:00;123,81
20.08.15 0:00;123,41
21.08.15 0:00;122,03
22.08.15 0:00;122,03
23.08.15 0:00;122,03
24.08.15 0:00;118,42
25.08.15 0:00;118,88
26.08.15 0:00;119,92
27.08.15 0:00;121,03
28.08.15 0:00;121,72
29.08.15 0:00;121,72
30.08.15 0:00;121,72
31.08.15 0:00;121,22
01.09.15 0:00;119,38
02.09.15 0:00;120,33
03.09.15 0:00;120,08
04.09.15 0:00;119
05.09.15 0:00;119
06.09.15 0:00;119
07.09.15 0:00;119,28
08.09.15 0:00;119,81
09.09.15 0:00;120,51
10.09.15 0:00;120,61
11.09.15 0:00;120,58
12.09.15 0:00;120,58
13.09.15 0:00;120,58
14.09.15 0:00;120,23
15.09.15 0:00;120,44
16.09.15 0:00;120,56
17.09.15 0:00;120
18.09.15 0:00;120
19.09.15 0:00;120
20.09.15 0:00;120
21.09.15 0:00;120,55
22.09.15 0:00;120,15
23.09.15 0:00;120,3
24.09.15 0:00;120,08
25.09.15 0:00;120,58
26.09.15 0:00;120,58
27.09.15 0:00;120,58
28.09.15 0:00;119,92
29.09.15 0:00;119,73
30.09.15 0:00;119,86
01.10.15 0:00;119,94
02.10.15 0:00;119,91
03.10.15 0:00;119,91
04.10.15 0:00;119,91
05.10.15 0:00;120,46
06.10.15 0:00;120,25
07.10.15 0:00;120,02
08.10.15 0:00;119,94
09.10.15 0:00;120,28
10.10.15 0:00;120,28
11.10.15 0:00;120,28
12.10.15 0:00;120,03
13.10.15 0:00;119,75
14.10.15 0:00;118,83
15.10.15 0:00;118,89
16.10.15 0:00;119,44
17.10.15 0:00;119,44
18.10.15 0:00;119,44
19.10.15 0:00;119,5
20.10.15 0:00;119,84
21.10.15 0:00;119,95
22.10.15 0:00;120,69
23.10.15 0:00;121,47
24.10.15 0:00;121,47
25.10.15 0:00;121,47
26.10.15 0:00;121,09
27.10.15 0:00;120,46
28.10.15 0:00;121,09
29.10.15 0:00;121,13
30.10.15 0:00;120,62
31.10.15 0:00;120,62
01.11.15 0:00;120,62
02.11.15 0:00;120,75
03.11.15 0:00;121,06
04.11.15 0:00;121,56
05.11.15 0:00;121,75
06.11.15 0:00;123,16
07.11.15 0:00;123,16
08.11.15 0:00;123,16
09.11.15 0:00;123,19
10.11.15 0:00;123,14
11.11.15 0:00;122,84
12.11.15 0:00;122,61
13.11.15 0:00;122,64
14.11.15 0:00;122,64
15.11.15 0:00;122,64
16.11.15 0:00;123,17
17.11.15 0:00;123,45
18.11.15 0:00;123,64
19.11.15 0:00;122,86
20.11.15 0:00;122,91
21.11.15 0:00;122,91
22.11.15 0:00;122,91
23.11.15 0:00;122,84
24.11.15 0:00;122,53
25.11.15 0:00;122,72
26.11.15 0:00;122,62
27.11.15 0:00;122,84
28.11.15 0:00;122,84
29.11.15 0:00;122,84
30.11.15 0:00;123,1
01.12.15 0:00;122,87
02.12.15 0:00;123,25
03.12.15 0:00;122,61
04.12.15 0:00;123,17
05.12.15 0:00;123,17
06.12.15 0:00;123,17
07.12.15 0:00;123,38
08.12.15 0:00;122,92
09.12.15 0:00;121,44
10.12.15 0:00;121,6
11.12.15 0:00;120,86
12.12.15 0:00;120,86
13.12.15 0:00;120,86
14.12.15 0:00;121,03
15.12.15 0:00;121,68
16.12.15 0:00;122,22
17.12.15 0:00;122,56
18.12.15 0:00;121,22
19.12.15 0:00;121,22
20.12.15 0:00;121,22
21.12.15 0:00;121,19
22.12.15 0:00;121,08
23.12.15 0:00;120,93
24.12.15 0:00;120,44
25.12.15 0:00;120,42
26.12.15 0:00;120,42
27.12.15 0:00;120,42
28.12.15 0:00;120,41
29.12.15 0:00;120,47
30.12.15 0:00;120,52
31.12.15 0:00;120,32
01.01.16 0:00;120,33
02.01.16 0:00;120,33
03.01.16 0:00;120,33
04.01.16 0:00;119,44
05.01.16 0:00;119,06
06.01.16 0:00;118,47
07.01.16 0:00;117,68
08.01.16 0:00;117,45
09.01.16 0:00;117,45
10.01.16 0:00;117,45
11.01.16 0:00;117,77
12.01.16 0:00;117,64
13.01.16 0:00;117,69
14.01.16 0:00;118,05
15.01.16 0:00;117,06
16.01.16 0:00;117,06
17.01.16 0:00;117,06
18.01.16 0:00;117,34
19.01.16 0:00;117,64
20.01.16 0:00;116,94
21.01.16 0:00;117,7
22.01.16 0:00;118,78
23.01.16 0:00;118,78
24.01.16 0:00;118,78
25.01.16 0:00;118,3
26.01.16 0:00;118,42
27.01.16 0:00;118,67
28.01.16 0:00;118,83
29.01.16 0:00;121,06
30.01.16 0:00;121,06
31.01.16 0:00;121,06
01.02.16 0:00;120,98
02.02.16 0:00;119,97
03.02.16 0:00;117,92
04.02.16 0:00;116,77
05.02.16 0:00;116,9
06.02.16 0:00;116,9
07.02.16 0:00;116,9
08.02.16 0:00;115,84
09.02.16 0:00;115,11
10.02.16 0:00;113,34
11.02.16 0:00;112,42
12.02.16 0:00;113,22
13.02.16 0:00;113,22
14.02.16 0:00;113,22
15.02.16 0:00;114,58
16.02.16 0:00;114,08
17.02.16 0:00;114,11
18.02.16 0:00;113,25
19.02.16 0:00;112,57
20.02.16 0:00;112,57
21.02.16 0:00;112,57
22.02.16 0:00;112,92
23.02.16 0:00;112,11
24.02.16 0:00;112,19
25.02.16 0:00;113
26.02.16 0:00;114
27.02.16 0:00;114
28.02.16 0:00;114
29.02.16 0:00;112,69
01.03.16 0:00;114,01
02.03.16 0:00;113,48
03.03.16 0:00;113,69
04.03.16 0:00;113,76
05.03.16 0:00;113,76
06.03.16 0:00;113,76
07.03.16 0:00;113,47
08.03.16 0:00;112,61
09.03.16 0:00;113,34
10.03.16 0:00;113,19
11.03.16 0:00;113,81
12.03.16 0:00;113,81
13.03.16 0:00;113,81
14.03.16 0:00;113,83
15.03.16 0:00;113,19
16.03.16 0:00;112,59
17.03.16 0:00;111,39
18.03.16 0:00;111,57
19.03.16 0:00;111,57
20.03.16 0:00;111,57
21.03.16 0:00;111,94
22.03.16 0:00;112,38
23.03.16 0:00;112,38
24.03.16 0:00;112,91
25.03.16 0:00;113,07
26.03.16 0:00;113,07
27.03.16 0:00;113,07
28.03.16 0:00;113,45
29.03.16 0:00;112,69
30.03.16 0:00;112,42
31.03.16 0:00;112,58
01.04.16 0:00;111,67
02.04.16 0:00;111,67
03.04.16 0:00;111,67
04.04.16 0:00;111,33
05.04.16 0:00;110,33
06.04.16 0:00;109,8
07.04.16 0:00;108,22
08.04.16 0:00;108,06
09.04.16 0:00;108,06
10.04.16 0:00;108,06
11.04.16 0:00;107,94
12.04.16 0:00;108,55
13.04.16 0:00;109,34
14.04.16 0:00;109,4
15.04.16 0:00;108,77
16.04.16 0:00;108,77
17.04.16 0:00;108,77
18.04.16 0:00;108,83
19.04.16 0:00;109,2
20.04.16 0:00;109,84
21.04.16 0:00;109,45
22.04.16 0:00;111,79
23.04.16 0:00;111,79
24.04.16 0:00;111,79
25.04.16 0:00;111,2
26.04.16 0:00;111,31
27.04.16 0:00;111,47
28.04.16 0:00;108,11
29.04.16 0:00;106,36
30.04.16 0:00;106,36
01.05.16 0:00;106,36
02.05.16 0:00;106,42
03.05.16 0:00;106,61
04.05.16 0:00;107,02
05.05.16 0:00;107,25
06.05.16 0:00;107,12
07.05.16 0:00;107,12
08.05.16 0:00;107,12
09.05.16 0:00;108,33
10.05.16 0:00;109,27
11.05.16 0:00;108,42
12.05.16 0:00;109,03
13.05.16 0:00;108,61
14.05.16 0:00;108,61
15.05.16 0:00;108,61
16.05.16 0:00;109,03
17.05.16 0:00;109,14
18.05.16 0:00;110,19
19.05.16 0:00;109,97
20.05.16 0:00;110,15
21.05.16 0:00;110,15
22.05.16 0:00;110,15
23.05.16 0:00;109,23
24.05.16 0:00;109,99
25.05.16 0:00;110,19
26.05.16 0:00;109,77
27.05.16 0:00;110,23
28.05.16 0:00;110,23
29.05.16 0:00;110,23
30.05.16 0:00;111,13
31.05.16 0:00;110,71
01.06.16 0:00;109,53
02.06.16 0:00;108,86
03.06.16 0:00;106,53
04.06.16 0:00;106,53
05.06.16 0:00;106,53
06.06.16 0:00;107,56
07.06.16 0:00;107,36
08.06.16 0:00;106,98
09.06.16 0:00;107,09
10.06.16 0:00;106,98
11.06.16 0:00;106,98
12.06.16 0:00;106,98
13.06.16 0:00;106,25
14.06.16 0:00;106,11
15.06.16 0:00;106,02
16.06.16 0:00;104,25
17.06.16 0:00;104,12
18.06.16 0:00;104,12
19.06.16 0:00;104,12
20.06.16 0:00;103,94
21.06.16 0:00;104,75
22.06.16 0:00;104,41
23.06.16 0:00;106,16
24.06.16 0:00;102,23
25.06.16 0:00;102,23
26.06.16 0:00;102,23
27.06.16 0:00;102
28.06.16 0:00;102,76
29.06.16 0:00;102,83
30.06.16 0:00;103,29
01.07.16 0:00;102,53
02.07.16 0:00;102,53
03.07.16 0:00;102,53
04.07.16 0:00;102,56
05.07.16 0:00;101,72
06.07.16 0:00;101,33
07.07.16 0:00;100,78
08.07.16 0:00;100,55
09.07.16 0:00;100,55
10.07.16 0:00;100,55
11.07.16 0:00;102,81
12.07.16 0:00;104,69
13.07.16 0:00;104,5
14.07.16 0:00;105,34
15.07.16 0:00;104,84
16.07.16 0:00;104,84
17.07.16 0:00;104,84
18.07.16 0:00;106,16
19.07.16 0:00;106,12
20.07.16 0:00;106,84
21.07.16 0:00;105,81
22.07.16 0:00;106,08
23.07.16 0:00;106,08
24.07.16 0:00;106,08
25.07.16 0:00;105,78
26.07.16 0:00;104,66
27.07.16 0:00;105,4
28.07.16 0:00;105,27
29.07.16 0:00;102,06
30.07.16 0:00;102,06
31.07.16 0:00;102,06
01.08.16 0:00;102,39
02.08.16 0:00;100,89
03.08.16 0:00;101,23
04.08.16 0:00;101,22
05.08.16 0:00;101,81
06.08.16 0:00;101,81
07.08.16 0:00;101,81
08.08.16 0:00;102,44
09.08.16 0:00;101,89
10.08.16 0:00;101,28
11.08.16 0:00;101,95
12.08.16 0:00;101,31
13.08.16 0:00;101,31
14.08.16 0:00;101,31
15.08.16 0:00;101,25
16.08.16 0:00;100,31
17.08.16 0:00;100,27
18.08.16 0:00;99,89
19.08.16 0:00;100,22
20.08.16 0:00;100,22
21.08.16 0:00;100,22
22.08.16 0:00;100,33
23.08.16 0:00;100,25
24.08.16 0:00;100,44
25.08.16 0:00;100,53
26.08.16 0:00;101,83
27.08.16 0:00;101,83
28.08.16 0:00;101,83
29.08.16 0:00;101,92
30.08.16 0:00;102,97
31.08.16 0:00;103,42
01.09.16 0:00;103,25
02.09.16 0:00;103,99
03.09.16 0:00;103,99
04.09.16 0:00;103,99
05.09.16 0:00;103,44
06.09.16 0:00;102,02
07.09.16 0:00;101,73
08.09.16 0:00;102,5
09.09.16 0:00;102,69
10.09.16 0:00;102,69
11.09.16 0:00;102,69
12.09.16 0:00;101,86
13.09.16 0:00;102,56
14.09.16 0:00;102,42
15.09.16 0:00;102,09
16.09.16 0:00;102,3
17.09.16 0:00;102,3
18.09.16 0:00;102,3
19.09.16 0:00;101,94
20.09.16 0:00;101,71
21.09.16 0:00;100,31
22.09.16 0:00;100,75
23.09.16 0:00;101
24.09.16 0:00;101
25.09.16 0:00;101
26.09.16 0:00;100,33
27.09.16 0:00;100,44
28.09.16 0:00;100,67
29.09.16 0:00;101,03
30.09.16 0:00;101,34
01.10.16 0:00;101,34
02.10.16 0:00;101,34
03.10.16 0:00;101,64
04.10.16 0:00;102,89
05.10.16 0:00;103,5
06.10.16 0:00;103,94
07.10.16 0:00;102,92
08.10.16 0:00;102,92
09.10.16 0:00;102,92
10.10.16 0:00;103,61
11.10.16 0:00;103,52
12.10.16 0:00;104,2
13.10.16 0:00;103,69
14.10.16 0:00;104,19
15.10.16 0:00;104,19
16.10.16 0:00;104,19
17.10.16 0:00;103,89
18.10.16 0:00;103,86
19.10.16 0:00;103,44
20.10.16 0:00;103,95
21.10.16 0:00;103,83
22.10.16 0:00;103,83
23.10.16 0:00;103,83
24.10.16 0:00;104,19
25.10.16 0:00;104,23
26.10.16 0:00;104,47
27.10.16 0:00;105,29
28.10.16 0:00;104,7
29.10.16 0:00;104,7
30.10.16 0:00;104,7
31.10.16 0:00;104,82
01.11.16 0:00;104,16
02.11.16 0:00;103,31
03.11.16 0:00;102,98
04.11.16 0:00;103,14
05.11.16 0:00;103,14
06.11.16 0:00;103,14
07.11.16 0:00;104,47
08.11.16 0:00;105,16
09.11.16 0:00;105,67
10.11.16 0:00;106,83
11.11.16 0:00;106,68
12.11.16 0:00;106,68
13.11.16 0:00;106,68
14.11.16 0:00;108,42
15.11.16 0:00;109,17
16.11.16 0:00;109,08
17.11.16 0:00;110,11
18.11.16 0:00;110,95
19.11.16 0:00;110,95
20.11.16 0:00;110,95
21.11.16 0:00;110,83
22.11.16 0:00;111,12
23.11.16 0:00;112,52
24.11.16 0:00;113,34
25.11.16 0:00;113,08
26.11.16 0:00;113,08
27.11.16 0:00;113,08
28.11.16 0:00;111,94
29.11.16 0:00;112,39
30.11.16 0:00;114,47
01.12.16 0:00;114,09
02.12.16 0:00;113,58
03.12.16 0:00;113,58
04.12.16 0:00;113,58
05.12.16 0:00;113,84
06.12.16 0:00;114,02
07.12.16 0:00;113,77
08.12.16 0:00;114,03
09.12.16 0:00;115,4
10.12.16 0:00;115,4
11.12.16 0:00;115,4
12.12.16 0:00;115,03
13.12.16 0:00;115,19
14.12.16 0:00;117,05
15.12.16 0:00;118,17
16.12.16 0:00;117,99
17.12.16 0:00;117,99
18.12.16 0:00;117,99
19.12.16 0:00;117,08
20.12.16 0:00;117,88
21.12.16 0:00;117,55
22.12.16 0:00;117,54
23.12.16 0:00;117,35
24.12.16 0:00;117,35
25.12.16 0:00;117,35
26.12.16 0:00;117,09
27.12.16 0:00;117,42
28.12.16 0:00;117,25
29.12.16 0:00;116,55
30.12.16 0:00;116,89
31.12.16 0:00;116,89
01.01.17 0:00;116,89
02.01.17 0:00;117,53
03.01.17 0:00;117,75
04.01.17 0:00;117,27
05.01.17 0:00;115,36
06.01.17 0:00;116,92
07.01.17 0:00;116,92
08.01.17 0:00;116,92
09.01.17 0:00;116,03
10.01.17 0:00;115,77
11.01.17 0:00;115,41
12.01.17 0:00;114,72
13.01.17 0:00;114,53
14.01.17 0:00;114,53
15.01.17 0:00;114,53
16.01.17 0:00;114,2
17.01.17 0:00;112,64
18.01.17 0:00;114,67
19.01.17 0:00;114,87
20.01.17 0:00;114,62
21.01.17 0:00;114,62
22.01.17 0:00;114,62
23.01.17 0:00;112,7
24.01.17 0:00;113,8
25.01.17 0:00;113,28
26.01.17 0:00;114,53
27.01.17 0:00;115,08
28.01.17 0:00;115,08
29.01.17 0:00;115,08
30.01.17 0:00;113,78
31.01.17 0:00;112,8
01.02.17 0:00;113,25
02.02.17 0:00;112,81
03.02.17 0:00;112,7
04.02.17 0:00;112,7
05.02.17 0:00;112,7
06.02.17 0:00;111,75
07.02.17 0:00;112,39
08.02.17 0:00;111,94
09.02.17 0:00;113,25
10.02.17 0:00;113,22
11.02.17 0:00;113,22
12.02.17 0:00;113,22
13.02.17 0:00;113,75
14.02.17 0:00;114,26
15.02.17 0:00;114,17
16.02.17 0:00;113,23
17.02.17 0:00;112,88
18.02.17 0:00;112,88
19.02.17 0:00;112,88
20.02.17 0:00;113,1
21.02.17 0:00;113,69
22.02.17 0:00;113,3
23.02.17 0:00;112,59
24.02.17 0:00;112,19
25.02.17 0:00;112,19
26.02.17 0:00;112,19
27.02.17 0:00;112,7
28.02.17 0:00;112,78
01.03.17 0:00;113,73
02.03.17 0:00;114,41
03.03.17 0:00;114,02
04.03.17 0:00;114,02
05.03.17 0:00;114,02
06.03.17 0:00;113,89
07.03.17 0:00;113,98
08.03.17 0:00;114,35
09.03.17 0:00;114,94
10.03.17 0:00;114,75
11.03.17 0:00;114,75
12.03.17 0:00;114,75
13.03.17 0:00;114,88
14.03.17 0:00;114,75
15.03.17 0:00;113,38
16.03.17 0:00;113,31
17.03.17 0:00;112,72
18.03.17 0:00;112,72
19.03.17 0:00;112,72
20.03.17 0:00;112,56
21.03.17 0:00;111,72
22.03.17 0:00;111,16
23.03.17 0:00;110,94
24.03.17 0:00;111,34
25.03.17 0:00;111,34
26.03.17 0:00;111,34
27.03.17 0:00;110,66
28.03.17 0:00;111,16
29.03.17 0:00;111,05
30.03.17 0:00;111,92
31.03.17 0:00;111,39
01.04.17 0:00;111,39
02.04.17 0:00;111,39
03.04.17 0:00;110,89
04.04.17 0:00;110,75
05.04.17 0:00;110,7
06.04.17 0:00;110,81
07.04.17 0:00;111,07
08.04.17 0:00;111,07
09.04.17 0:00;111,07
10.04.17 0:00;110,94
11.04.17 0:00;109,62
12.04.17 0:00;109,03
13.04.17 0:00;109,09
14.04.17 0:00;108,64
15.04.17 0:00;108,64
16.04.17 0:00;108,64
17.04.17 0:00;108,91
18.04.17 0:00;108,42
19.04.17 0:00;108,86
20.04.17 0:00;109,32
21.04.17 0:00;109,08
22.04.17 0:00;109,08
23.04.17 0:00;109,08
24.04.17 0:00;109,77
25.04.17 0:00;111,09
26.04.17 0:00;111,06
27.04.17 0:00;111,27
28.04.17 0:00;111,55
29.04.17 0:00;111,55
30.04.17 0:00;111,55
01.05.17 0:00;111,84
02.05.17 0:00;111,98
03.05.17 0:00;112,75
04.05.17 0:00;112,46
05.05.17 0:00;112,72
06.05.17 0:00;112,72
07.05.17 0:00;112,72
08.05.17 0:00;113,25
09.05.17 0:00;113,98
10.05.17 0:00;114,28
11.05.17 0:00;113,86
12.05.17 0:00;113,34
13.05.17 0:00;113,34
14.05.17 0:00;113,34
15.05.17 0:00;113,78
16.05.17 0:00;113,12
17.05.17 0:00;110,82
18.05.17 0:00;111,5
19.05.17 0:00;111,28
20.05.17 0:00;111,28
21.05.17 0:00;111,28
22.05.17 0:00;111,3
23.05.17 0:00;111,78
24.05.17 0:00;111,5
25.05.17 0:00;111,83
26.05.17 0:00;111,34
27.05.17 0:00;111,34
28.05.17 0:00;111,34
29.05.17 0:00;111,26
30.05.17 0:00;110,85
31.05.17 0:00;110,78
01.06.17 0:00;111,36
02.06.17 0:00;110,42
03.06.17 0:00;110,42
04.06.17 0:00;110,42
05.06.17 0:00;110,47
06.06.17 0:00;109,41
07.06.17 0:00;109,81
08.06.17 0:00;110
09.06.17 0:00;110,34
10.06.17 0:00;110,34
11.06.17 0:00;110,34
12.06.17 0:00;109,94
13.06.17 0:00;110,07
14.06.17 0:00;109,58
15.06.17 0:00;110,94
16.06.17 0:00;110,86
17.06.17 0:00;110,86
18.06.17 0:00;110,86
19.06.17 0:00;111,53
20.06.17 0:00;111,44
21.06.17 0:00;111,38
22.06.17 0:00;111,33
23.06.17 0:00;111,29
24.06.17 0:00;111,29
25.06.17 0:00;111,29
26.06.17 0:00;111,84
27.06.17 0:00;112,36
28.06.17 0:00;112,3
29.06.17 0:00;112,18
30.06.17 0:00;112,38
01.07.17 0:00;112,38
02.07.17 0:00;112,38
03.07.17 0:00;113,39
04.07.17 0:00;113,28
05.07.17 0:00;113,27
06.07.17 0:00;113,22
07.07.17 0:00;113,89
08.07.17 0:00;113,89
09.07.17 0:00;113,89
10.07.17 0:00;114,04
11.07.17 0:00;113,94
12.07.17 0:00;113,16
13.07.17 0:00;113,28
14.07.17 0:00;112,53
15.07.17 0:00;112,53
16.07.17 0:00;112,53
17.07.17 0:00;112,64
18.07.17 0:00;112,08
19.07.17 0:00;111,97
20.07.17 0:00;111,91
21.07.17 0:00;111,12
22.07.17 0:00;111,12
23.07.17 0:00;111,12
24.07.17 0:00;111,11
25.07.17 0:00;111,89
26.07.17 0:00;111,17
27.07.17 0:00;111,25
28.07.17 0:00;110,67
29.07.17 0:00;110,67
30.07.17 0:00;110,67
31.07.17 0:00;110,25
01.08.17 0:00;110,36
02.08.17 0:00;110,73
03.08.17 0:00;110,05
04.08.17 0:00;110,69
05.08.17 0:00;110,69
06.08.17 0:00;110,69
07.08.17 0:00;110,75
08.08.17 0:00;110,31
09.08.17 0:00;110,08
10.08.17 0:00;109,22
11.08.17 0:00;109,19
12.08.17 0:00;109,19
13.08.17 0:00;109,19
14.08.17 0:00;109,64
15.08.17 0:00;110,67
16.08.17 0:00;110,19
17.08.17 0:00;109,57
18.08.17 0:00;109,19
19.08.17 0:00;109,19
20.08.17 0:00;109,19
21.08.17 0:00;108,98
22.08.17 0:00;109,57
23.08.17 0:00;109,03
24.08.17 0:00;109,56
25.08.17 0:00;109,36
26.08.17 0:00;109,36
27.08.17 0:00;109,36
28.08.17 0:00;109,25
29.08.17 0:00;109,75
30.08.17 0:00;110,23
31.08.17 0:00;109,97
01.09.17 0:00;110,27
02.09.17 0:00;110,27
03.09.17 0:00;110,27
04.09.17 0:00;109,74
05.09.17 0:00;108,81
06.09.17 0:00;109,23
07.09.17 0:00;108,45
08.09.17 0:00;107,84
09.09.17 0:00;107,84
10.09.17 0:00;107,84
11.09.17 0:00;109,41
12.09.17 0:00;110,17
13.09.17 0:00;110,48
14.09.17 0:00;110,23
15.09.17 0:00;110,84
16.09.17 0:00;110,84
17.09.17 0:00;110,84
18.09.17 0:00;111,57
19.09.17 0:00;111,59
20.09.17 0:00;112,22
21.09.17 0:00;112,47
22.09.17 0:00;111,98
23.09.17 0:00;111,98
24.09.17 0:00;111,98
25.09.17 0:00;111,73
26.09.17 0:00;112,23
27.09.17 0:00;112,83
28.09.17 0:00;112,34
29.09.17 0:00;112,49
30.09.17 0:00;112,49
01.10.17 0:00;112,49
02.10.17 0:00;112,77
03.10.17 0:00;112,86
04.10.17 0:00;112,75
05.10.17 0:00;112,82
06.10.17 0:00;112,64
07.10.17 0:00;112,64
08.10.17 0:00;112,64
09.10.17 0:00;112,67
10.10.17 0:00;112,45
11.10.17 0:00;112,5
12.10.17 0:00;112,28
13.10.17 0:00;111,86
14.10.17 0:00;111,86
15.10.17 0:00;111,86
16.10.17 0:00;112,19
17.10.17 0:00;112,2
18.10.17 0:00;112,94
19.10.17 0:00;112,52
